id_observation,date,annee,mois,semaine,region_administrative,prefecture,zone_climatique,latitude,longitude,temperature_moyenne_c,temperature_min_c,temperature_max_c,precipitation_mm,precipitation_7j_mm,precipitation_30j_mm,humidite_relative_pct,vitesse_vent_kmh,jours_pluie_7j,humidite_sol_pct,indice_eau_stagnante,cas_paludisme_simules,taux_incidence_simule_pour_1000,niveau_risque
GN2025-00001,2025-01-23,2025,1,4,Boké,Boffa,côtier,10.18000,-14.04000,28.93,23.58,33.21,0.80,3.40,12.29,60.78,11.12,0,33.44,0.064,5,0.005,faible
GN2025-00002,2025-04-23,2025,4,17,Boké,Boké,côtier,10.94000,-14.29000,27.38,23.30,30.43,0.28,2.29,24.87,65.86,10.70,0,39.84,0.000,3,0.003,faible
GN2025-00003,2025-05-15,2025,5,20,Boké,Fria,côtier,10.37000,-13.58000,28.10,22.91,33.04,2.28,134.17,306.07,69.65,9.71,7,51.16,1.000,14,0.014,eleve
GN2025-00004,2025-11-16,2025,11,46,Boké,Gaoual,soudano-guinéen,11.75000,-13.20000,27.80,22.81,31.33,2.99,26.67,204.54,81.69,11.02,5,61.58,0.497,10,0.010,faible
GN2025-00005,2025-05-18,2025,5,20,Boké,Koundara,soudano-guinéen,12.48000,-13.30000,29.73,24.40,34.75,10.56,54.05,128.53,65.97,11.66,4,51.11,0.452,6,0.006,faible
GN2025-00006,2025-12-30,2025,12,1,Faranah,Dabola,soudano-guinéen,10.75000,-11.11000,27.46,24.20,31.55,24.34,88.41,207.32,75.79,9.10,6,55.95,0.794,11,0.011,moyen
GN2025-00007,2025-11-10,2025,11,46,Faranah,Dinguiraye,soudano-guinéen,11.30000,-10.72000,25.67,20.66,29.90,4.73,89.58,295.69,74.09,6.91,7,57.37,0.764,14,0.013,moyen
GN2025-00008,2025-03-07,2025,3,10,Faranah,Faranah,soudano-guinéen,10.04000,-10.74000,28.05,23.68,32.62,0.47,6.80,39.45,57.17,8.48,1,43.00,0.150,6,0.006,faible
GN2025-00009,2025-04-05,2025,4,14,Faranah,Kissidougou,forestier,9.18000,-10.10000,27.85,23.62,33.09,0.22,61.26,166.70,60.26,5.53,3,49.65,0.519,6,0.006,faible
GN2025-00010,2025-09-08,2025,9,37,Kankan,Kankan,soudano-guinéen,10.39000,-9.31000,28.09,24.30,33.27,17.84,81.43,254.50,86.28,10.85,6,65.10,0.836,8,0.008,moyen
GN2025-00011,2025-11-18,2025,11,47,Kankan,Kérouané,forestier,9.27000,-9.01000,26.78,21.65,32.04,3.06,142.89,621.31,76.58,6.73,6,81.28,1.000,7,0.007,eleve
GN2025-00012,2025-02-22,2025,2,8,Kankan,Kouroussa,soudano-guinéen,10.65000,-9.89000,29.88,25.78,33.20,0.32,13.75,32.44,59.63,11.17,1,36.91,0.219,3,0.003,faible
GN2025-00013,2025-01-08,2025,1,2,Kankan,Mandiana,soudano-guinéen,10.63000,-8.68000,29.67,26.14,33.72,0.20,41.58,41.99,58.62,7.14,1,43.11,0.304,3,0.003,faible
GN2025-00014,2025-05-31,2025,5,22,Kankan,Siguiri,soudano-guinéen,11.42000,-9.17000,30.44,26.77,34.04,11.63,41.75,106.23,64.46,5.81,3,53.51,0.398,7,0.007,faible
GN2025-00015,2025-08-01,2025,8,31,Kindia,Coyah,côtier,9.71000,-13.38000,27.30,21.94,31.60,0.31,483.08,1057.55,72.92,7.52,6,98.00,1.000,12,0.013,eleve
GN2025-00016,2025-11-23,2025,11,47,Kindia,Dubréka,côtier,9.79000,-13.52000,27.87,24.36,32.83,51.16,161.41,969.69,71.16,5.13,7,96.56,1.000,8,0.009,eleve
GN2025-00017,2025-10-13,2025,10,42,Kindia,Forécariah,côtier,9.43000,-13.09000,26.60,21.67,30.87,0.67,63.91,931.34,80.35,6.72,5,98.00,0.594,8,0.009,eleve
GN2025-00018,2025-10-05,2025,10,40,Kindia,Kindia,côtier,10.06000,-12.87000,26.22,22.69,30.15,0.95,242.64,1099.82,78.24,12.97,6,98.00,1.000,9,0.010,eleve
GN2025-00019,2025-01-08,2025,1,2,Kindia,Télimélé,soudano-guinéen,10.91000,-13.04000,28.96,24.46,32.05,0.59,3.12,3.60,58.79,7.96,0,33.01,0.058,6,0.006,faible
GN2025-00020,2025-09-13,2025,9,37,Labé,Koubia,montagneux,11.59000,-11.90000,23.93,18.67,28.91,0.85,112.77,657.47,75.12,6.48,5,85.23,0.818,15,0.014,moyen
GN2025-00021,2025-07-06,2025,7,27,Labé,Labé,montagneux,11.32000,-12.29000,24.18,18.94,29.78,0.13,74.51,356.02,73.12,9.84,5,61.11,0.676,4,0.004,moyen
GN2025-00022,2025-01-09,2025,1,2,Labé,Lélouma,montagneux,11.18000,-12.48000,25.80,22.53,31.43,0.26,2.56,3.67,54.12,9.00,0,44.04,0.089,3,0.003,faible
GN2025-00023,2025-06-05,2025,6,23,Labé,Mali,montagneux,12.08000,-12.30000,24.79,20.27,29.45,3.44,43.26,216.78,72.02,7.81,7,64.19,0.552,4,0.004,faible
GN2025-00024,2025-09-05,2025,9,36,Labé,Tougué,montagneux,11.45000,-11.67000,25.34,21.25,30.05,1.51,87.71,533.66,72.58,6.35,5,76.10,0.681,9,0.008,moyen
GN2025-00025,2025-06-06,2025,6,23,Mamou,Dalaba,montagneux,10.69000,-12.25000,25.68,22.58,28.71,1.30,95.81,238.85,67.16,5.03,5,54.55,0.703,10,0.009,moyen
GN2025-00026,2025-12-24,2025,12,52,Mamou,Mamou,montagneux,10.38000,-12.09000,23.87,20.47,28.93,0.91,204.91,563.25,78.22,11.27,6,81.29,1.000,14,0.013,eleve
GN2025-00027,2025-06-17,2025,6,25,Mamou,Pita,montagneux,11.06000,-12.40000,25.09,21.54,30.37,4.89,52.48,277.69,74.82,6.20,7,60.41,0.661,11,0.010,moyen
GN2025-00028,2025-02-08,2025,2,6,Nzérékoré,Beyla,forestier,8.69000,-8.65000,28.25,22.70,32.54,0.20,2.72,54.46,53.29,10.77,0,41.73,0.125,4,0.004,faible
GN2025-00029,2025-09-30,2025,9,40,Nzérékoré,Guéckédou,forestier,8.57000,-10.13000,25.42,20.90,28.87,1.10,221.21,764.78,77.58,3.64,7,87.47,1.000,21,0.023,eleve
GN2025-00030,2025-09-14,2025,9,37,Nzérékoré,Lola,forestier,7.80000,-8.53000,24.98,19.40,28.52,2.20,370.29,1188.44,71.44,10.74,7,98.00,1.000,13,0.014,eleve
GN2025-00031,2025-12-16,2025,12,51,Nzérékoré,Macenta,forestier,8.54000,-9.47000,25.46,21.92,29.43,56.67,254.35,1277.67,80.38,6.67,7,98.00,1.000,18,0.019,eleve
GN2025-00032,2025-05-16,2025,5,20,Nzérékoré,Nzérékoré,forestier,7.76000,-8.82000,27.14,22.99,30.20,2.11,179.03,365.75,62.62,6.73,6,54.12,1.000,9,0.010,eleve
GN2025-00033,2025-12-16,2025,12,51,Nzérékoré,Yomou,forestier,7.56000,-9.31000,24.73,19.50,29.80,21.79,184.53,1052.08,80.91,4.66,7,98.00,1.000,11,0.012,eleve
GN2025-00034,2025-01-10,2025,1,2,Conakry,Conakry,côtier,9.54000,-13.68000,27.45,23.23,31.41,0.49,2.28,2.79,59.34,9.16,0,41.07,0.089,4,0.005,faible
GN2025-00035,2025-09-04,2025,9,36,Boké,Boffa,côtier,10.18000,-14.04000,27.21,24.02,32.74,20.58,244.92,755.57,78.21,12.76,7,88.74,1.000,16,0.017,eleve
GN2025-00036,2025-07-27,2025,7,30,Boké,Boké,côtier,10.94000,-14.29000,27.92,23.20,31.23,2.28,122.41,288.97,74.15,4.86,7,60.09,0.969,5,0.005,eleve
GN2025-00037,2025-08-15,2025,8,33,Boké,Fria,côtier,10.37000,-13.58000,27.21,22.70,30.64,1.93,282.59,643.10,77.46,9.87,7,75.02,1.000,10,0.010,eleve
GN2025-00038,2025-07-23,2025,7,30,Boké,Gaoual,soudano-guinéen,11.75000,-13.20000,29.33,23.75,32.69,0.56,67.33,306.68,82.85,6.66,3,61.56,0.608,8,0.008,moyen
GN2025-00039,2025-07-06,2025,7,27,Boké,Koundara,soudano-guinéen,12.48000,-13.30000,29.68,24.58,34.78,2.64,25.47,136.34,70.68,7.15,7,39.65,0.499,8,0.007,faible
GN2025-00040,2025-02-18,2025,2,8,Faranah,Dabola,soudano-guinéen,10.75000,-11.11000,29.66,25.73,34.66,0.56,1.42,28.13,58.74,15.87,0,40.40,0.072,4,0.004,faible
GN2025-00041,2025-06-11,2025,6,24,Faranah,Dinguiraye,soudano-guinéen,11.30000,-10.72000,27.71,22.79,32.90,1.17,92.99,407.71,74.03,13.23,5,70.07,0.753,5,0.005,moyen
GN2025-00042,2025-06-10,2025,6,24,Faranah,Faranah,soudano-guinéen,10.04000,-10.74000,27.88,24.12,33.05,2.87,54.21,175.98,69.71,7.18,7,57.12,0.663,5,0.005,moyen
GN2025-00043,2025-04-01,2025,4,14,Faranah,Kissidougou,forestier,9.18000,-10.10000,26.35,22.84,30.38,0.30,78.63,182.30,59.80,9.39,3,41.58,0.518,12,0.013,moyen
GN2025-00044,2025-04-12,2025,4,15,Kankan,Kankan,soudano-guinéen,10.39000,-9.31000,29.57,26.25,34.99,0.13,2.83,36.64,54.66,11.88,0,34.93,0.137,2,0.002,faible
GN2025-00045,2025-05-18,2025,5,20,Kankan,Kérouané,forestier,9.27000,-9.01000,28.22,23.20,32.31,1.26,67.07,164.97,63.51,11.12,6,49.86,0.595,6,0.006,moyen
GN2025-00046,2025-09-30,2025,9,40,Kankan,Kouroussa,soudano-guinéen,10.65000,-9.89000,28.54,24.38,32.50,16.66,71.77,313.87,80.88,5.26,5,75.08,0.740,10,0.010,moyen
GN2025-00047,2025-11-02,2025,11,44,Kankan,Mandiana,soudano-guinéen,10.63000,-8.68000,27.82,24.82,31.28,6.08,77.17,248.40,79.99,8.43,6,55.48,0.699,16,0.016,moyen
GN2025-00048,2025-05-21,2025,5,21,Kankan,Siguiri,soudano-guinéen,11.42000,-9.17000,29.38,24.87,34.07,1.60,26.22,87.23,72.51,9.11,6,45.19,0.467,2,0.002,faible
GN2025-00049,2025-08-15,2025,8,33,Kindia,Coyah,côtier,9.71000,-13.38000,27.39,23.41,31.34,2.44,107.39,1218.02,75.12,8.32,6,98.00,0.824,17,0.019,eleve
GN2025-00050,2025-09-09,2025,9,37,Kindia,Dubréka,côtier,9.79000,-13.52000,26.75,22.34,31.12,0.99,224.79,989.98,79.68,7.72,6,98.00,1.000,10,0.011,eleve
GN2025-00051,2025-06-27,2025,6,26,Kindia,Forécariah,côtier,9.43000,-13.09000,26.78,22.99,31.72,1.36,238.66,667.46,72.00,9.86,7,79.58,1.000,12,0.013,eleve
GN2025-00052,2025-12-23,2025,12,52,Kindia,Kindia,côtier,10.06000,-12.87000,25.53,21.93,30.28,54.76,114.41,879.00,80.90,5.86,7,88.55,0.965,10,0.011,eleve
GN2025-00053,2025-05-11,2025,5,19,Kindia,Télimélé,soudano-guinéen,10.91000,-13.04000,28.38,25.14,32.95,17.64,44.24,121.50,63.89,13.48,5,41.31,0.518,6,0.006,faible
GN2025-00054,2025-06-30,2025,6,27,Labé,Koubia,montagneux,11.59000,-11.90000,25.18,21.90,28.85,0.84,25.03,194.97,67.94,9.27,6,44.60,0.389,11,0.010,faible
GN2025-00055,2025-05-24,2025,5,21,Labé,Labé,montagneux,11.32000,-12.29000,24.76,20.35,29.48,0.66,43.09,190.99,65.39,7.76,5,49.78,0.465,11,0.010,faible
GN2025-00056,2025-12-11,2025,12,50,Labé,Lélouma,montagneux,11.18000,-12.48000,23.83,20.16,26.91,2.52,167.09,546.87,72.82,4.35,7,68.38,1.000,12,0.011,eleve
GN2025-00057,2025-07-03,2025,7,27,Labé,Mali,montagneux,12.08000,-12.30000,23.80,20.14,28.59,8.16,48.91,282.86,80.27,8.74,4,62.65,0.562,8,0.007,faible
GN2025-00058,2025-01-01,2025,1,1,Labé,Tougué,montagneux,11.45000,-11.67000,27.22,22.10,30.63,0.15,0.15,0.15,57.84,11.39,0,33.68,0.026,4,0.004,faible
GN2025-00059,2025-01-17,2025,1,3,Mamou,Dalaba,montagneux,10.69000,-12.25000,26.73,21.24,30.93,12.46,19.23,22.03,55.19,9.07,2,33.39,0.257,5,0.005,faible
GN2025-00060,2025-01-16,2025,1,3,Mamou,Mamou,montagneux,10.38000,-12.09000,26.09,20.93,29.55,0.25,20.87,38.36,59.68,9.70,2,48.10,0.254,5,0.005,faible
GN2025-00061,2025-12-22,2025,12,52,Mamou,Pita,montagneux,11.06000,-12.40000,24.07,20.18,27.84,108.70,123.26,488.81,81.29,5.85,5,82.83,0.922,14,0.013,moyen
GN2025-00062,2025-08-18,2025,8,34,Nzérékoré,Beyla,forestier,8.69000,-8.65000,26.49,21.89,30.65,35.95,195.04,929.10,75.27,8.79,6,98.00,1.000,11,0.011,eleve
GN2025-00063,2025-10-17,2025,10,42,Nzérékoré,Guéckédou,forestier,8.57000,-10.13000,27.14,22.36,30.39,14.04,77.53,907.33,76.21,10.67,7,95.70,0.768,16,0.018,eleve
GN2025-00064,2025-07-01,2025,7,27,Nzérékoré,Lola,forestier,7.80000,-8.53000,24.77,21.21,30.54,21.56,363.83,930.17,78.27,13.36,7,92.92,1.000,9,0.010,eleve
GN2025-00065,2025-08-27,2025,8,35,Nzérékoré,Macenta,forestier,8.54000,-9.47000,24.34,19.59,27.83,13.65,399.95,1499.00,73.92,9.17,7,98.00,1.000,12,0.013,eleve
GN2025-00066,2025-07-29,2025,7,31,Nzérékoré,Nzérékoré,forestier,7.76000,-8.82000,25.07,21.62,30.78,42.94,231.24,837.14,83.27,7.30,7,89.24,1.000,16,0.017,eleve
GN2025-00067,2025-10-24,2025,10,43,Nzérékoré,Yomou,forestier,7.56000,-9.31000,24.92,21.39,28.48,32.48,245.57,1025.89,85.88,8.76,5,98.00,1.000,15,0.016,eleve
GN2025-00068,2025-06-17,2025,6,25,Conakry,Conakry,côtier,9.54000,-13.68000,27.29,23.00,31.20,64.72,257.03,837.35,81.25,9.90,7,98.00,1.000,16,0.019,eleve
GN2025-00069,2025-05-02,2025,5,18,Boké,Boffa,côtier,10.18000,-14.04000,28.11,23.35,32.02,24.74,45.23,155.13,68.52,9.32,3,46.35,0.390,5,0.005,moyen
GN2025-00070,2025-05-23,2025,5,21,Boké,Boké,côtier,10.94000,-14.29000,29.01,25.56,34.12,1.40,19.70,232.04,60.00,8.57,7,50.98,0.482,5,0.005,faible
GN2025-00071,2025-05-30,2025,5,22,Boké,Fria,côtier,10.37000,-13.58000,28.15,24.38,32.65,54.37,79.42,341.16,73.17,9.00,6,73.00,0.708,14,0.014,moyen
GN2025-00072,2025-07-22,2025,7,30,Boké,Gaoual,soudano-guinéen,11.75000,-13.20000,28.20,23.06,32.61,2.46,67.23,308.11,74.69,5.57,3,56.90,0.614,7,0.007,moyen
GN2025-00073,2025-06-11,2025,6,24,Boké,Koundara,soudano-guinéen,12.48000,-13.30000,29.14,25.47,34.79,2.93,16.64,145.55,72.17,6.16,6,56.73,0.448,8,0.007,faible
GN2025-00074,2025-01-20,2025,1,4,Faranah,Dabola,soudano-guinéen,10.75000,-11.11000,29.50,25.68,32.78,0.75,3.32,8.10,52.82,10.56,0,40.84,0.056,3,0.003,faible
GN2025-00075,2025-03-24,2025,3,13,Faranah,Dinguiraye,soudano-guinéen,11.30000,-10.72000,29.33,25.12,34.49,0.61,25.52,44.06,53.92,12.80,1,41.77,0.262,8,0.008,faible
GN2025-00076,2025-02-01,2025,2,5,Faranah,Faranah,soudano-guinéen,10.04000,-10.74000,28.03,22.91,32.49,0.63,2.23,49.48,60.15,13.90,0,39.34,0.116,5,0.005,faible
GN2025-00077,2025-09-11,2025,9,37,Faranah,Kissidougou,forestier,9.18000,-10.10000,26.81,23.34,29.94,1.37,114.78,724.92,75.92,10.75,7,75.48,0.992,8,0.008,eleve
GN2025-00078,2025-03-28,2025,3,13,Kankan,Kankan,soudano-guinéen,10.39000,-9.31000,29.08,25.91,33.16,2.16,25.43,69.71,58.64,9.17,2,33.63,0.281,4,0.004,faible
GN2025-00079,2025-12-17,2025,12,51,Kankan,Kérouané,forestier,9.27000,-9.01000,27.45,23.31,32.03,76.21,185.49,680.60,88.81,12.46,7,84.80,1.000,10,0.010,eleve
GN2025-00080,2025-05-18,2025,5,20,Kankan,Kouroussa,soudano-guinéen,10.65000,-9.89000,28.63,23.71,34.33,1.21,21.67,140.40,72.44,6.31,4,48.98,0.336,8,0.008,faible
GN2025-00081,2025-12-02,2025,12,49,Kankan,Mandiana,soudano-guinéen,10.63000,-8.68000,29.11,25.34,33.42,0.99,117.34,366.56,78.93,8.83,4,60.15,0.718,16,0.016,moyen
GN2025-00082,2025-01-26,2025,1,4,Kankan,Siguiri,soudano-guinéen,11.42000,-9.17000,31.83,27.66,35.74,5.63,7.81,24.89,55.52,7.34,1,35.97,0.116,2,0.002,faible
GN2025-00083,2025-08-02,2025,8,31,Kindia,Coyah,côtier,9.71000,-13.38000,28.86,25.69,34.16,133.47,391.94,1189.26,90.14,8.43,6,98.00,1.000,15,0.017,eleve
GN2025-00084,2025-07-16,2025,7,29,Kindia,Dubréka,côtier,9.79000,-13.52000,27.90,24.88,32.68,9.16,245.68,656.96,77.93,9.12,6,87.11,1.000,11,0.012,eleve
GN2025-00085,2025-12-10,2025,12,50,Kindia,Forécariah,côtier,9.43000,-13.09000,27.81,24.12,32.34,0.71,116.82,957.97,77.27,7.42,5,93.65,0.830,17,0.018,eleve
GN2025-00086,2025-03-05,2025,3,10,Kindia,Kindia,côtier,10.06000,-12.87000,28.53,23.48,33.13,0.64,3.25,29.94,53.19,11.93,0,31.09,0.139,2,0.002,faible
GN2025-00087,2025-04-18,2025,4,16,Kindia,Télimélé,soudano-guinéen,10.91000,-13.04000,27.86,22.54,33.32,50.54,72.14,107.84,62.69,10.23,2,33.08,0.481,11,0.011,faible
GN2025-00088,2025-02-08,2025,2,6,Labé,Koubia,montagneux,11.59000,-11.90000,26.15,22.83,29.28,0.17,8.79,25.69,60.97,9.59,1,38.00,0.215,2,0.002,faible
GN2025-00089,2025-09-12,2025,9,37,Labé,Labé,montagneux,11.32000,-12.29000,23.34,18.80,28.36,2.96,95.23,575.71,77.04,6.11,7,79.41,0.920,9,0.008,moyen
GN2025-00090,2025-03-13,2025,3,11,Labé,Lélouma,montagneux,11.18000,-12.48000,24.82,19.57,27.93,0.12,3.10,24.51,59.30,12.54,0,40.41,0.111,5,0.005,faible
GN2025-00091,2025-03-27,2025,3,13,Labé,Mali,montagneux,12.08000,-12.30000,25.10,22.04,30.29,0.29,6.90,17.50,56.78,9.45,1,36.63,0.141,0,0.000,faible
GN2025-00092,2025-04-03,2025,4,14,Labé,Tougué,montagneux,11.45000,-11.67000,25.68,20.42,30.56,0.79,2.70,36.23,64.59,12.34,0,39.38,0.081,4,0.004,faible
GN2025-00093,2025-09-16,2025,9,38,Mamou,Dalaba,montagneux,10.69000,-12.25000,25.19,19.70,30.55,33.82,153.56,749.88,77.25,9.52,6,80.40,1.000,11,0.010,eleve
GN2025-00094,2025-10-10,2025,10,41,Mamou,Mamou,montagneux,10.38000,-12.09000,25.63,21.88,29.80,1.54,119.32,537.10,76.55,8.78,7,76.21,1.000,12,0.011,moyen
GN2025-00095,2025-08-22,2025,8,34,Mamou,Pita,montagneux,11.06000,-12.40000,24.05,19.71,28.34,55.56,140.67,558.93,85.16,9.34,7,80.60,1.000,10,0.009,eleve
GN2025-00096,2025-05-24,2025,5,21,Nzérékoré,Beyla,forestier,8.69000,-8.65000,26.63,23.57,30.56,1.16,54.71,310.24,67.59,8.40,5,46.45,0.501,12,0.012,moyen
GN2025-00097,2025-08-18,2025,8,34,Nzérékoré,Guéckédou,forestier,8.57000,-10.13000,26.46,22.79,29.62,7.88,93.58,1118.38,74.02,7.24,6,98.00,0.750,17,0.019,eleve
GN2025-00098,2025-01-08,2025,1,2,Nzérékoré,Lola,forestier,7.80000,-8.53000,25.73,22.22,31.19,0.34,3.19,3.33,57.99,9.36,0,31.38,0.049,2,0.002,faible
GN2025-00099,2025-05-28,2025,5,22,Nzérékoré,Macenta,forestier,8.54000,-9.47000,25.01,20.57,28.74,26.82,35.13,394.36,71.64,7.40,5,63.86,0.453,9,0.010,moyen
GN2025-00100,2025-05-11,2025,5,19,Nzérékoré,Nzérékoré,forestier,7.76000,-8.82000,26.88,22.80,30.78,0.07,53.58,191.76,72.44,9.02,5,54.68,0.490,6,0.007,moyen
GN2025-00101,2025-05-09,2025,5,19,Nzérékoré,Yomou,forestier,7.56000,-9.31000,26.69,22.53,31.89,2.17,56.65,207.29,59.94,12.21,6,50.37,0.661,7,0.007,moyen
GN2025-00102,2025-12-10,2025,12,50,Conakry,Conakry,côtier,9.54000,-13.68000,27.56,23.49,31.11,16.61,275.09,1128.38,82.75,9.66,7,98.00,1.000,17,0.020,eleve
GN2025-00103,2025-09-06,2025,9,36,Boké,Boffa,côtier,10.18000,-14.04000,27.72,22.81,31.09,107.74,317.63,908.53,92.31,6.37,7,98.00,1.000,11,0.011,eleve
GN2025-00104,2025-06-03,2025,6,23,Boké,Boké,côtier,10.94000,-14.29000,28.82,23.25,32.82,19.68,84.95,244.00,70.77,6.16,7,58.12,0.749,10,0.010,moyen
GN2025-00105,2025-12-21,2025,12,51,Boké,Fria,côtier,10.37000,-13.58000,26.68,22.38,30.78,2.44,17.90,312.30,77.82,7.51,6,65.74,0.533,5,0.005,moyen
GN2025-00106,2025-10-26,2025,10,43,Boké,Gaoual,soudano-guinéen,11.75000,-13.20000,29.55,25.50,34.93,1.11,29.19,326.96,78.34,8.27,7,68.48,0.568,8,0.008,faible
GN2025-00107,2025-10-03,2025,10,40,Boké,Koundara,soudano-guinéen,12.48000,-13.30000,27.44,22.26,32.19,1.58,17.13,111.25,70.98,1.99,7,54.31,0.496,7,0.007,faible
GN2025-00108,2025-06-13,2025,6,24,Faranah,Dabola,soudano-guinéen,10.75000,-11.11000,28.51,25.38,32.25,2.06,30.48,201.29,66.79,10.69,6,54.28,0.465,4,0.004,faible
GN2025-00109,2025-11-16,2025,11,46,Faranah,Dinguiraye,soudano-guinéen,11.30000,-10.72000,27.37,23.71,33.07,2.99,15.13,290.36,78.49,7.00,6,59.71,0.463,5,0.005,faible
GN2025-00110,2025-02-21,2025,2,8,Faranah,Faranah,soudano-guinéen,10.04000,-10.74000,29.45,25.58,33.25,0.69,3.92,27.25,57.58,10.36,1,37.23,0.187,2,0.002,faible
GN2025-00111,2025-11-13,2025,11,46,Faranah,Kissidougou,forestier,9.18000,-10.10000,27.43,22.69,32.97,23.87,250.38,942.45,78.94,9.25,6,97.57,1.000,10,0.011,eleve
GN2025-00112,2025-04-02,2025,4,14,Kankan,Kankan,soudano-guinéen,10.39000,-9.31000,29.98,26.43,33.36,0.48,6.75,37.02,64.36,12.79,2,34.80,0.180,1,0.001,faible
GN2025-00113,2025-01-08,2025,1,2,Kankan,Kérouané,forestier,9.27000,-9.01000,29.48,25.06,32.78,0.34,5.72,5.94,51.50,11.13,1,29.49,0.095,2,0.002,faible
GN2025-00114,2025-12-31,2025,12,1,Kankan,Kouroussa,soudano-guinéen,10.65000,-9.89000,28.16,24.39,33.81,0.91,41.40,148.40,74.70,9.09,4,48.52,0.433,8,0.008,moyen
GN2025-00115,2025-07-25,2025,7,30,Kankan,Mandiana,soudano-guinéen,10.63000,-8.68000,28.40,23.56,32.20,1.28,46.91,266.38,72.47,8.90,6,52.89,0.554,6,0.006,moyen
GN2025-00116,2025-06-21,2025,6,25,Kankan,Siguiri,soudano-guinéen,11.42000,-9.17000,28.73,23.29,34.26,0.30,97.48,195.96,66.99,9.15,6,46.15,0.786,4,0.004,moyen
GN2025-00117,2025-10-09,2025,10,41,Kindia,Coyah,côtier,9.71000,-13.38000,26.63,23.19,30.62,2.74,366.07,1375.77,78.98,6.44,7,98.00,1.000,21,0.024,eleve
GN2025-00118,2025-05-30,2025,5,22,Kindia,Dubréka,côtier,9.79000,-13.52000,27.73,22.68,33.40,2.25,46.76,170.02,77.09,9.17,7,54.79,0.632,9,0.010,moyen
GN2025-00119,2025-01-10,2025,1,2,Kindia,Forécariah,côtier,9.43000,-13.09000,28.86,24.55,32.91,6.26,9.56,11.15,54.68,9.81,1,44.24,0.136,6,0.006,faible
GN2025-00120,2025-05-30,2025,5,22,Kindia,Kindia,côtier,10.06000,-12.87000,27.43,24.24,33.10,2.23,88.58,372.91,76.40,10.60,5,57.58,0.723,14,0.015,moyen
GN2025-00121,2025-01-31,2025,1,5,Kindia,Télimélé,soudano-guinéen,10.91000,-13.04000,27.47,22.34,32.59,0.35,14.39,61.02,57.21,11.08,2,35.96,0.235,3,0.003,faible
GN2025-00122,2025-08-21,2025,8,34,Labé,Koubia,montagneux,11.59000,-11.90000,24.19,18.94,27.26,0.90,99.34,362.20,73.48,10.32,5,61.97,0.751,2,0.002,moyen
GN2025-00123,2025-11-26,2025,11,48,Labé,Labé,montagneux,11.32000,-12.29000,24.57,21.37,28.53,1.75,148.94,393.48,73.70,8.76,7,68.31,1.000,5,0.005,moyen
GN2025-00124,2025-01-14,2025,1,3,Labé,Lélouma,montagneux,11.18000,-12.48000,25.51,22.20,30.73,0.15,2.06,5.44,55.31,13.20,0,43.26,0.045,2,0.002,faible
GN2025-00125,2025-09-21,2025,9,38,Labé,Mali,montagneux,12.08000,-12.30000,24.69,20.38,28.93,19.76,166.37,394.55,79.38,9.11,6,67.02,1.000,13,0.012,eleve
GN2025-00126,2025-11-17,2025,11,47,Labé,Tougué,montagneux,11.45000,-11.67000,23.87,20.32,28.01,1.59,38.62,528.93,75.51,7.13,6,73.91,0.521,7,0.006,faible
GN2025-00127,2025-09-13,2025,9,37,Mamou,Dalaba,montagneux,10.69000,-12.25000,24.25,19.93,29.46,35.42,288.64,755.28,82.35,9.23,7,76.16,1.000,7,0.007,eleve
GN2025-00128,2025-11-08,2025,11,45,Mamou,Mamou,montagneux,10.38000,-12.09000,24.77,19.97,28.28,5.60,119.36,458.42,79.40,5.51,7,75.77,1.000,14,0.013,eleve
GN2025-00129,2025-06-11,2025,6,24,Mamou,Pita,montagneux,11.06000,-12.40000,23.77,18.76,27.88,7.34,122.55,245.42,64.33,9.54,5,50.67,0.885,2,0.002,moyen
GN2025-00130,2025-02-15,2025,2,7,Nzérékoré,Beyla,forestier,8.69000,-8.65000,28.80,25.77,33.98,0.17,42.47,80.53,60.40,11.91,1,40.70,0.273,4,0.004,faible
GN2025-00131,2025-03-02,2025,3,9,Nzérékoré,Guéckédou,forestier,8.57000,-10.13000,27.73,24.63,32.75,0.40,38.23,100.85,60.86,7.42,1,41.17,0.271,6,0.007,faible
GN2025-00132,2025-02-11,2025,2,7,Nzérékoré,Lola,forestier,7.80000,-8.53000,27.65,22.36,33.25,0.44,3.25,12.67,55.44,8.10,0,37.43,0.113,6,0.006,faible
GN2025-00133,2025-10-01,2025,10,40,Nzérékoré,Macenta,forestier,8.54000,-9.47000,25.72,21.88,30.56,0.88,290.73,1206.91,80.63,11.33,6,98.00,1.000,15,0.016,eleve
GN2025-00134,2025-09-21,2025,9,38,Nzérékoré,Nzérékoré,forestier,7.76000,-8.82000,25.36,22.24,30.77,47.43,151.40,879.33,78.61,9.51,7,92.08,1.000,16,0.017,eleve
GN2025-00135,2025-02-12,2025,2,7,Nzérékoré,Yomou,forestier,7.56000,-9.31000,27.10,22.35,32.51,0.65,7.75,30.84,58.22,11.32,1,46.42,0.147,5,0.005,faible
GN2025-00136,2025-05-09,2025,5,19,Conakry,Conakry,côtier,9.54000,-13.68000,27.69,24.10,30.86,35.02,99.61,153.36,70.25,4.46,5,49.38,0.713,4,0.005,moyen
GN2025-00137,2025-03-14,2025,3,11,Boké,Boffa,côtier,10.18000,-14.04000,29.75,26.38,33.08,8.77,27.89,56.01,53.84,9.50,2,46.26,0.293,1,0.001,faible
GN2025-00138,2025-06-23,2025,6,26,Boké,Boké,côtier,10.94000,-14.29000,28.42,23.76,31.50,31.20,68.22,377.29,77.41,10.01,7,71.08,0.718,10,0.010,moyen
GN2025-00139,2025-05-03,2025,5,18,Boké,Fria,côtier,10.37000,-13.58000,29.55,25.49,33.62,9.40,18.50,143.71,66.92,10.95,2,42.88,0.240,3,0.003,faible
GN2025-00140,2025-06-07,2025,6,23,Boké,Gaoual,soudano-guinéen,11.75000,-13.20000,26.90,21.80,31.06,1.58,51.15,92.37,65.10,5.97,4,37.81,0.485,6,0.006,faible
GN2025-00141,2025-10-06,2025,10,41,Boké,Koundara,soudano-guinéen,12.48000,-13.30000,28.64,23.82,32.04,13.00,48.84,128.02,82.92,10.79,7,64.33,0.717,12,0.011,moyen
GN2025-00142,2025-09-11,2025,9,37,Faranah,Dabola,soudano-guinéen,10.75000,-11.11000,28.72,25.54,31.78,82.10,158.99,393.20,86.23,6.28,6,79.06,1.000,8,0.008,eleve
GN2025-00143,2025-02-22,2025,2,8,Faranah,Dinguiraye,soudano-guinéen,11.30000,-10.72000,29.32,23.84,33.91,0.43,27.52,38.36,55.59,10.96,2,39.58,0.285,4,0.004,faible
GN2025-00144,2025-12-24,2025,12,52,Faranah,Faranah,soudano-guinéen,10.04000,-10.74000,27.73,23.59,31.23,21.93,133.67,399.10,71.23,8.39,6,67.71,0.938,7,0.007,moyen
GN2025-00145,2025-04-09,2025,4,15,Faranah,Kissidougou,forestier,9.18000,-10.10000,26.92,22.79,32.40,0.55,2.45,166.63,55.65,4.91,0,42.38,0.175,5,0.005,faible
GN2025-00146,2025-04-07,2025,4,15,Kankan,Kankan,soudano-guinéen,10.39000,-9.31000,30.00,26.95,34.68,0.56,3.30,37.82,61.81,12.85,0,37.67,0.086,3,0.003,faible
GN2025-00147,2025-09-24,2025,9,39,Kankan,Kérouané,forestier,9.27000,-9.01000,27.25,22.32,30.75,0.40,169.71,727.01,73.30,5.69,5,93.58,1.000,16,0.016,eleve
GN2025-00148,2025-01-07,2025,1,2,Kankan,Kouroussa,soudano-guinéen,10.65000,-9.89000,29.90,25.06,35.69,0.65,3.25,3.25,59.94,10.80,0,39.63,0.085,1,0.001,faible
GN2025-00149,2025-04-25,2025,4,17,Kankan,Mandiana,soudano-guinéen,10.63000,-8.68000,28.04,22.85,33.47,0.76,9.09,33.48,65.57,10.92,1,43.93,0.172,4,0.004,faible
GN2025-00150,2025-08-12,2025,8,33,Kankan,Siguiri,soudano-guinéen,11.42000,-9.17000,29.42,24.15,33.73,0.79,8.38,180.71,77.79,7.04,4,55.43,0.353,9,0.008,faible
GN2025-00151,2025-08-05,2025,8,32,Kindia,Coyah,côtier,9.71000,-13.38000,27.67,22.68,33.38,110.93,415.62,1327.56,90.51,6.03,6,98.00,1.000,10,0.011,eleve
GN2025-00152,2025-11-09,2025,11,45,Kindia,Dubréka,côtier,9.79000,-13.52000,28.18,25.13,31.95,0.46,159.89,932.56,79.69,9.33,4,97.58,1.000,12,0.013,eleve
GN2025-00153,2025-02-09,2025,2,6,Kindia,Forécariah,côtier,9.43000,-13.09000,28.27,25.22,32.78,0.08,3.21,26.89,56.52,11.20,0,39.12,0.042,0,0.000,faible
GN2025-00154,2025-01-26,2025,1,4,Kindia,Kindia,côtier,10.06000,-12.87000,28.54,24.30,33.34,0.49,2.31,9.63,61.34,11.92,0,31.92,0.044,4,0.004,faible
GN2025-00155,2025-09-01,2025,9,36,Kindia,Télimélé,soudano-guinéen,10.91000,-13.04000,27.25,21.97,32.35,2.13,80.94,451.44,73.44,7.29,7,67.49,0.733,8,0.008,moyen
GN2025-00156,2025-08-09,2025,8,32,Labé,Koubia,montagneux,11.59000,-11.90000,24.10,20.25,28.12,37.46,144.50,409.20,65.47,11.17,6,58.69,1.000,10,0.009,moyen
GN2025-00157,2025-01-28,2025,1,5,Labé,Labé,montagneux,11.32000,-12.29000,25.34,20.69,30.96,0.50,2.61,57.73,57.93,16.11,0,38.22,0.142,2,0.002,faible
GN2025-00158,2025-07-02,2025,7,27,Labé,Lélouma,montagneux,11.18000,-12.48000,23.52,18.75,28.78,88.74,123.65,445.60,86.24,8.84,5,75.58,0.960,7,0.006,moyen
GN2025-00159,2025-03-21,2025,3,12,Labé,Mali,montagneux,12.08000,-12.30000,25.26,21.38,28.40,0.62,2.90,13.63,56.12,8.77,0,33.17,0.090,2,0.002,faible
GN2025-00160,2025-07-13,2025,7,28,Labé,Tougué,montagneux,11.45000,-11.67000,25.06,19.68,30.00,12.67,81.03,305.02,77.57,10.00,7,54.75,0.770,7,0.006,moyen
GN2025-00161,2025-04-02,2025,4,14,Mamou,Dalaba,montagneux,10.69000,-12.25000,25.93,21.65,29.64,0.12,20.40,37.78,62.68,11.33,2,43.65,0.239,1,0.001,faible
GN2025-00162,2025-03-18,2025,3,12,Mamou,Mamou,montagneux,10.38000,-12.09000,26.45,23.34,32.03,0.64,3.92,34.86,58.93,11.43,0,42.30,0.081,3,0.003,faible
GN2025-00163,2025-10-02,2025,10,40,Mamou,Pita,montagneux,11.06000,-12.40000,23.44,19.32,27.52,20.31,159.51,541.75,79.89,9.79,7,74.75,1.000,14,0.013,eleve
GN2025-00164,2025-10-27,2025,10,44,Nzérékoré,Beyla,forestier,8.69000,-8.65000,26.13,22.15,30.53,18.42,216.38,971.75,75.02,7.65,6,98.00,1.000,10,0.010,eleve
GN2025-00165,2025-02-14,2025,2,7,Nzérékoré,Guéckédou,forestier,8.57000,-10.13000,26.71,22.34,29.72,0.80,10.07,56.98,57.91,12.82,1,36.76,0.202,2,0.002,faible
GN2025-00166,2025-02-06,2025,2,6,Nzérékoré,Lola,forestier,7.80000,-8.53000,25.96,21.37,28.99,0.80,3.65,12.49,63.46,15.10,0,33.42,0.079,3,0.003,faible
GN2025-00167,2025-06-21,2025,6,25,Nzérékoré,Macenta,forestier,8.54000,-9.47000,25.50,20.49,30.62,0.41,165.91,568.58,78.69,9.77,6,80.15,1.000,14,0.015,eleve
GN2025-00168,2025-10-04,2025,10,40,Nzérékoré,Nzérékoré,forestier,7.76000,-8.82000,26.27,20.99,31.28,43.32,174.80,944.58,75.34,11.08,5,98.00,1.000,12,0.013,eleve
GN2025-00169,2025-12-30,2025,12,1,Nzérékoré,Yomou,forestier,7.56000,-9.31000,25.50,21.13,29.15,32.84,311.35,1238.47,69.90,9.00,6,98.00,1.000,9,0.010,eleve
GN2025-00170,2025-12-14,2025,12,50,Conakry,Conakry,côtier,9.54000,-13.68000,27.90,23.69,32.79,0.59,174.99,1062.67,75.48,7.44,6,98.00,1.000,20,0.023,eleve
GN2025-00171,2025-06-19,2025,6,25,Boké,Boffa,côtier,10.18000,-14.04000,28.26,24.28,33.24,0.28,120.02,302.60,70.51,8.60,5,69.25,0.896,7,0.007,eleve
GN2025-00172,2025-09-04,2025,9,36,Boké,Boké,côtier,10.94000,-14.29000,28.16,23.25,31.86,2.79,136.68,461.17,73.12,4.20,7,72.83,0.967,8,0.008,eleve
GN2025-00173,2025-03-08,2025,3,10,Boké,Fria,côtier,10.37000,-13.58000,29.73,24.88,33.00,0.06,55.83,66.09,57.47,11.88,2,32.64,0.391,2,0.002,faible
GN2025-00174,2025-12-09,2025,12,50,Boké,Gaoual,soudano-guinéen,11.75000,-13.20000,28.05,23.10,31.61,3.83,167.30,419.07,73.07,8.41,7,69.17,1.000,14,0.013,eleve
GN2025-00175,2025-03-06,2025,3,10,Boké,Koundara,soudano-guinéen,12.48000,-13.30000,29.91,24.92,33.94,0.68,2.59,35.88,54.79,11.78,0,29.52,0.144,3,0.003,faible
GN2025-00176,2025-11-06,2025,11,45,Faranah,Dabola,soudano-guinéen,10.75000,-11.11000,27.94,24.24,31.62,50.89,219.01,536.81,83.02,8.84,6,73.61,1.000,15,0.014,eleve
GN2025-00177,2025-12-14,2025,12,50,Faranah,Dinguiraye,soudano-guinéen,11.30000,-10.72000,27.50,23.96,32.29,0.33,35.58,181.38,77.92,9.96,3,51.07,0.409,5,0.005,faible
GN2025-00178,2025-11-02,2025,11,44,Faranah,Faranah,soudano-guinéen,10.04000,-10.74000,27.26,23.52,31.72,1.17,107.46,381.67,75.92,6.56,7,54.24,0.876,10,0.010,moyen
GN2025-00179,2025-06-28,2025,6,26,Faranah,Kissidougou,forestier,9.18000,-10.10000,25.83,20.41,31.53,77.26,246.23,637.25,75.24,9.85,7,78.54,1.000,10,0.011,eleve
GN2025-00180,2025-11-29,2025,11,48,Kankan,Kankan,soudano-guinéen,10.39000,-9.31000,29.94,25.95,33.46,1.61,19.72,185.65,77.70,7.39,7,59.10,0.553,9,0.009,faible
GN2025-00181,2025-05-30,2025,5,22,Kankan,Kérouané,forestier,9.27000,-9.01000,28.14,24.78,31.77,0.89,75.69,293.05,68.33,9.37,4,60.20,0.559,9,0.009,moyen
GN2025-00182,2025-03-30,2025,3,13,Kankan,Kouroussa,soudano-guinéen,10.65000,-9.89000,29.92,24.42,34.45,0.21,13.99,39.56,57.37,8.17,2,40.13,0.213,5,0.005,faible
GN2025-00183,2025-12-03,2025,12,49,Kankan,Mandiana,soudano-guinéen,10.63000,-8.68000,28.53,24.39,32.68,0.32,84.73,352.99,67.19,9.64,3,51.23,0.551,7,0.007,moyen
GN2025-00184,2025-12-16,2025,12,51,Kankan,Siguiri,soudano-guinéen,11.42000,-9.17000,29.73,26.71,34.17,1.65,10.46,101.14,76.31,7.61,5,49.81,0.407,6,0.006,faible
GN2025-00185,2025-04-16,2025,4,16,Kindia,Coyah,côtier,9.71000,-13.38000,28.67,25.56,32.80,0.50,4.38,126.67,62.47,15.90,1,42.06,0.165,1,0.001,faible
GN2025-00186,2025-09-12,2025,9,37,Kindia,Dubréka,côtier,9.79000,-13.52000,26.78,21.51,31.73,2.42,128.47,885.76,71.73,7.22,6,89.52,0.977,11,0.012,eleve
GN2025-00187,2025-01-30,2025,1,5,Kindia,Forécariah,côtier,9.43000,-13.09000,28.36,24.09,31.54,0.36,1.77,17.80,54.67,11.81,0,35.66,0.019,4,0.004,faible
GN2025-00188,2025-04-27,2025,4,17,Kindia,Kindia,côtier,10.06000,-12.87000,26.38,21.85,31.02,0.66,20.71,134.20,71.01,11.42,1,55.81,0.271,1,0.001,faible
GN2025-00189,2025-07-26,2025,7,30,Kindia,Télimélé,soudano-guinéen,10.91000,-13.04000,27.78,22.65,32.28,6.90,38.81,481.76,75.53,10.26,4,73.63,0.428,10,0.010,moyen
GN2025-00190,2025-02-20,2025,2,8,Labé,Koubia,montagneux,11.59000,-11.90000,25.12,21.60,30.00,0.48,26.52,52.67,65.68,8.18,2,39.12,0.321,1,0.001,faible
GN2025-00191,2025-02-03,2025,2,6,Labé,Labé,montagneux,11.32000,-12.29000,25.73,21.85,28.88,0.03,2.11,53.08,51.80,10.58,0,37.04,0.050,2,0.002,faible
GN2025-00192,2025-01-25,2025,1,4,Labé,Lélouma,montagneux,11.18000,-12.48000,24.96,21.90,30.67,0.22,59.49,81.52,51.22,8.75,2,40.69,0.429,6,0.006,faible
GN2025-00193,2025-12-12,2025,12,50,Labé,Mali,montagneux,12.08000,-12.30000,24.24,20.55,28.88,0.39,60.36,260.60,74.95,6.90,5,57.35,0.594,5,0.005,faible
GN2025-00194,2025-08-12,2025,8,33,Labé,Tougué,montagneux,11.45000,-11.67000,24.27,19.56,29.00,2.96,92.25,293.17,74.71,6.11,6,64.47,0.797,6,0.005,moyen
GN2025-00195,2025-09-21,2025,9,38,Mamou,Dalaba,montagneux,10.69000,-12.25000,23.57,19.29,28.50,0.59,87.99,670.00,71.72,6.63,5,81.44,0.720,7,0.007,moyen
GN2025-00196,2025-11-10,2025,11,46,Mamou,Mamou,montagneux,10.38000,-12.09000,24.32,20.40,29.78,17.18,89.29,474.98,73.22,5.58,7,58.75,0.845,11,0.010,moyen
GN2025-00197,2025-09-27,2025,9,39,Mamou,Pita,montagneux,11.06000,-12.40000,24.68,19.59,29.76,24.88,111.03,453.52,79.01,2.50,6,65.98,0.916,10,0.009,moyen
GN2025-00198,2025-01-26,2025,1,4,Nzérékoré,Beyla,forestier,8.69000,-8.65000,27.74,22.27,33.12,0.10,23.74,55.77,56.88,10.65,1,39.30,0.174,4,0.004,faible
GN2025-00199,2025-01-18,2025,1,3,Nzérékoré,Guéckédou,forestier,8.57000,-10.13000,27.55,23.35,30.81,0.41,3.01,6.75,56.67,10.90,0,35.33,0.032,3,0.003,faible
GN2025-00200,2025-08-06,2025,8,32,Nzérékoré,Lola,forestier,7.80000,-8.53000,25.38,21.76,31.14,55.86,175.26,803.54,80.63,4.30,6,92.40,1.000,8,0.008,eleve
GN2025-00201,2025-05-29,2025,5,22,Nzérékoré,Macenta,forestier,8.54000,-9.47000,24.19,19.02,28.68,1.49,35.54,355.75,68.54,7.35,5,63.83,0.421,8,0.009,moyen
GN2025-00202,2025-12-23,2025,12,52,Nzérékoré,Nzérékoré,forestier,7.76000,-8.82000,24.41,19.50,28.00,78.96,268.74,943.03,91.60,7.82,6,98.00,1.000,9,0.010,eleve
GN2025-00203,2025-01-04,2025,1,1,Nzérékoré,Yomou,forestier,7.56000,-9.31000,27.59,23.77,31.34,0.17,2.63,2.63,53.21,10.40,1,32.73,0.105,3,0.003,faible
GN2025-00204,2025-11-08,2025,11,45,Conakry,Conakry,côtier,9.54000,-13.68000,27.14,22.29,30.90,67.43,182.82,1119.06,87.63,9.54,7,98.00,1.000,14,0.016,eleve
GN2025-00205,2025-11-29,2025,11,48,Boké,Boffa,côtier,10.18000,-14.04000,27.85,24.71,31.76,0.29,35.66,571.73,77.52,7.90,5,81.90,0.487,8,0.008,moyen
GN2025-00206,2025-03-01,2025,3,9,Boké,Boké,côtier,10.94000,-14.29000,29.63,26.51,33.32,0.58,3.00,70.12,54.58,10.32,0,39.60,0.133,2,0.002,faible
GN2025-00207,2025-06-21,2025,6,25,Boké,Fria,côtier,10.37000,-13.58000,27.29,22.64,31.29,0.21,113.80,397.25,69.20,7.85,5,68.22,0.735,10,0.010,eleve
GN2025-00208,2025-01-03,2025,1,1,Boké,Gaoual,soudano-guinéen,11.75000,-13.20000,30.32,26.75,34.40,0.25,0.79,0.79,56.82,8.48,0,39.27,0.102,1,0.001,faible
GN2025-00209,2025-11-07,2025,11,45,Boké,Koundara,soudano-guinéen,12.48000,-13.30000,28.56,23.53,32.68,1.14,43.46,145.18,76.71,7.37,5,55.68,0.505,7,0.007,faible
GN2025-00210,2025-03-14,2025,3,11,Faranah,Dabola,soudano-guinéen,10.75000,-11.11000,29.76,25.85,34.18,0.03,3.03,11.97,57.79,10.98,0,30.87,0.190,1,0.001,faible
GN2025-00211,2025-10-08,2025,10,41,Faranah,Dinguiraye,soudano-guinéen,11.30000,-10.72000,26.24,20.71,29.38,1.34,21.78,181.69,78.52,10.73,5,53.69,0.460,7,0.007,faible
GN2025-00212,2025-04-10,2025,4,15,Faranah,Faranah,soudano-guinéen,10.04000,-10.74000,28.96,25.87,32.35,0.77,19.90,60.37,59.48,14.17,1,36.76,0.223,2,0.002,faible
GN2025-00213,2025-02-27,2025,2,9,Faranah,Kissidougou,forestier,9.18000,-10.10000,28.13,24.51,31.34,0.38,1.87,49.45,62.28,11.58,0,49.68,0.140,5,0.005,faible
GN2025-00214,2025-10-27,2025,10,44,Kankan,Kankan,soudano-guinéen,10.39000,-9.31000,28.71,23.43,33.34,4.77,60.59,281.48,73.99,4.91,7,57.43,0.714,10,0.010,moyen
GN2025-00215,2025-08-22,2025,8,34,Kankan,Kérouané,forestier,9.27000,-9.01000,27.79,24.01,33.29,5.52,98.71,550.97,78.73,10.47,7,67.66,0.876,6,0.006,eleve
GN2025-00216,2025-09-17,2025,9,38,Kankan,Kouroussa,soudano-guinéen,10.65000,-9.89000,28.32,24.25,33.62,37.97,140.08,322.79,80.45,9.76,7,70.39,1.000,7,0.007,eleve
GN2025-00217,2025-01-13,2025,1,3,Kankan,Mandiana,soudano-guinéen,10.63000,-8.68000,29.22,25.86,32.65,0.07,2.42,44.13,56.05,10.95,0,45.14,0.085,0,0.000,faible
GN2025-00218,2025-05-15,2025,5,20,Kankan,Siguiri,soudano-guinéen,11.42000,-9.17000,31.06,26.46,35.21,2.84,13.94,69.71,57.11,11.97,3,35.69,0.273,4,0.004,faible
GN2025-00219,2025-06-24,2025,6,26,Kindia,Coyah,côtier,9.71000,-13.38000,27.39,24.11,32.39,2.24,169.03,416.15,68.99,7.61,6,65.75,1.000,10,0.011,eleve
GN2025-00220,2025-11-23,2025,11,47,Kindia,Dubréka,côtier,9.79000,-13.52000,27.87,24.36,32.83,51.16,161.41,969.69,71.16,5.13,7,93.53,1.000,18,0.020,eleve
GN2025-00221,2025-12-14,2025,12,50,Kindia,Forécariah,côtier,9.43000,-13.09000,27.87,24.45,32.38,6.00,188.42,1034.97,75.80,6.67,5,98.00,1.000,18,0.019,eleve
GN2025-00222,2025-04-03,2025,4,14,Kindia,Kindia,côtier,10.06000,-12.87000,28.45,23.29,32.91,0.69,3.23,45.68,62.94,9.17,0,36.95,0.015,5,0.005,faible
GN2025-00223,2025-02-25,2025,2,9,Kindia,Télimélé,soudano-guinéen,10.91000,-13.04000,28.36,23.25,33.89,0.10,2.51,71.00,54.66,7.86,0,40.89,0.069,4,0.004,faible
GN2025-00224,2025-01-01,2025,1,1,Labé,Koubia,montagneux,11.59000,-11.90000,26.63,22.09,30.55,0.77,0.77,0.77,58.96,12.17,0,37.80,0.131,6,0.005,faible
GN2025-00225,2025-02-25,2025,2,9,Labé,Labé,montagneux,11.32000,-12.29000,25.66,20.75,29.50,0.42,20.99,41.98,59.40,6.11,2,44.59,0.226,2,0.002,faible
GN2025-00226,2025-05-13,2025,5,20,Labé,Lélouma,montagneux,11.18000,-12.48000,24.12,18.92,28.64,1.67,11.06,63.08,69.27,8.42,5,39.97,0.405,2,0.002,faible
GN2025-00227,2025-10-23,2025,10,43,Labé,Mali,montagneux,12.08000,-12.30000,24.65,19.35,29.15,1.13,126.43,297.31,74.11,7.77,6,54.70,0.950,13,0.012,moyen
GN2025-00228,2025-04-07,2025,4,15,Labé,Tougué,montagneux,11.45000,-11.67000,25.69,22.45,30.55,0.59,3.79,37.56,64.48,9.39,0,39.81,0.045,4,0.004,faible
GN2025-00229,2025-05-09,2025,5,19,Mamou,Dalaba,montagneux,10.69000,-12.25000,25.77,22.47,30.57,2.41,37.68,113.62,63.11,10.34,5,44.82,0.507,1,0.001,faible
GN2025-00230,2025-12-22,2025,12,52,Mamou,Mamou,montagneux,10.38000,-12.09000,24.68,19.24,27.93,11.59,157.10,575.99,80.89,7.24,7,79.40,1.000,10,0.009,eleve
GN2025-00231,2025-01-12,2025,1,2,Mamou,Pita,montagneux,11.06000,-12.40000,26.58,23.24,31.05,0.43,2.55,21.92,53.61,11.76,0,39.95,0.049,2,0.002,faible
GN2025-00232,2025-07-28,2025,7,31,Nzérékoré,Beyla,forestier,8.69000,-8.65000,27.06,23.03,30.71,13.68,234.08,582.78,77.77,10.60,6,73.52,1.000,5,0.005,eleve
GN2025-00233,2025-04-13,2025,4,15,Nzérékoré,Guéckédou,forestier,8.57000,-10.13000,27.31,23.02,31.54,0.54,2.21,50.38,63.21,7.30,0,38.29,0.063,3,0.003,faible
GN2025-00234,2025-01-17,2025,1,3,Nzérékoré,Lola,forestier,7.80000,-8.53000,27.27,23.59,30.71,0.71,3.15,7.23,54.96,6.05,0,27.78,0.102,2,0.002,faible
GN2025-00235,2025-06-24,2025,6,26,Nzérékoré,Macenta,forestier,8.54000,-9.47000,24.79,19.62,29.57,19.77,130.92,669.02,81.76,11.45,6,86.62,0.984,12,0.013,eleve
GN2025-00236,2025-06-19,2025,6,25,Nzérékoré,Nzérékoré,forestier,7.76000,-8.82000,24.96,19.46,28.05,81.51,167.25,387.42,82.73,7.92,7,54.51,1.000,13,0.014,eleve
GN2025-00237,2025-11-30,2025,11,48,Nzérékoré,Yomou,forestier,7.56000,-9.31000,24.36,20.32,30.09,9.11,274.39,950.43,76.81,7.43,6,98.00,1.000,9,0.010,eleve
GN2025-00238,2025-04-08,2025,4,15,Conakry,Conakry,côtier,9.54000,-13.68000,29.60,26.06,35.11,0.58,32.03,133.97,55.84,13.69,2,43.67,0.345,5,0.006,faible
GN2025-00239,2025-01-28,2025,1,5,Boké,Boffa,côtier,10.18000,-14.04000,28.30,24.10,32.16,0.21,2.65,13.67,57.18,10.57,0,37.16,0.052,2,0.002,faible
GN2025-00240,2025-11-19,2025,11,47,Boké,Boké,côtier,10.94000,-14.29000,27.70,23.41,31.35,2.33,203.33,525.90,68.99,7.90,7,68.63,1.000,14,0.014,eleve
GN2025-00241,2025-09-09,2025,9,37,Boké,Fria,côtier,10.37000,-13.58000,27.90,24.04,33.07,0.19,49.45,822.11,71.76,7.20,6,94.94,0.520,13,0.013,eleve
GN2025-00242,2025-06-23,2025,6,26,Boké,Gaoual,soudano-guinéen,11.75000,-13.20000,28.79,25.78,33.72,1.98,44.25,149.94,75.35,12.02,5,43.83,0.501,8,0.008,faible
GN2025-00243,2025-07-20,2025,7,29,Boké,Koundara,soudano-guinéen,12.48000,-13.30000,28.87,24.18,34.33,0.99,18.28,101.89,74.28,4.14,5,55.13,0.426,5,0.005,faible
GN2025-00244,2025-02-14,2025,2,7,Faranah,Dabola,soudano-guinéen,10.75000,-11.11000,28.54,24.56,31.99,0.01,2.58,28.47,56.11,12.71,0,34.81,0.048,2,0.002,faible
GN2025-00245,2025-01-01,2025,1,1,Faranah,Dinguiraye,soudano-guinéen,11.30000,-10.72000,28.96,25.18,32.33,0.73,0.73,0.73,60.39,11.27,0,38.52,0.103,5,0.005,faible
GN2025-00246,2025-11-29,2025,11,48,Faranah,Faranah,soudano-guinéen,10.04000,-10.74000,28.81,25.16,32.87,87.15,130.26,557.43,78.66,12.08,6,70.61,1.000,8,0.008,eleve
GN2025-00247,2025-03-14,2025,3,11,Faranah,Kissidougou,forestier,9.18000,-10.10000,27.89,22.91,33.34,0.66,2.88,80.77,58.75,13.11,0,37.21,0.101,6,0.006,faible
GN2025-00248,2025-04-14,2025,4,16,Kankan,Kankan,soudano-guinéen,10.39000,-9.31000,29.23,26.07,33.78,0.51,2.63,36.31,61.03,10.21,0,36.54,0.057,0,0.000,faible
GN2025-00249,2025-05-04,2025,5,18,Kankan,Kérouané,forestier,9.27000,-9.01000,28.12,24.31,32.77,0.63,3.47,76.31,71.30,8.59,0,34.50,0.063,3,0.003,faible
GN2025-00250,2025-10-17,2025,10,42,Kankan,Kouroussa,soudano-guinéen,10.65000,-9.89000,29.26,25.50,32.46,17.25,31.10,194.73,74.59,4.01,5,63.18,0.455,10,0.010,moyen
GN2025-00251,2025-06-21,2025,6,25,Kankan,Mandiana,soudano-guinéen,10.63000,-8.68000,29.82,25.00,33.80,0.17,78.00,301.25,71.81,8.32,6,59.92,0.690,8,0.008,moyen
GN2025-00252,2025-05-20,2025,5,21,Kankan,Siguiri,soudano-guinéen,11.42000,-9.17000,29.63,24.79,32.85,1.11,25.24,86.11,72.81,12.42,5,36.99,0.425,8,0.007,faible
GN2025-00253,2025-04-07,2025,4,15,Kindia,Coyah,côtier,9.71000,-13.38000,28.35,23.52,32.67,0.51,9.92,153.95,52.25,9.10,1,44.64,0.193,5,0.006,faible
GN2025-00254,2025-02-08,2025,2,6,Kindia,Dubréka,côtier,9.79000,-13.52000,28.37,23.80,31.73,0.41,81.44,119.69,59.05,11.43,2,44.24,0.504,5,0.006,moyen
GN2025-00255,2025-01-24,2025,1,4,Kindia,Forécariah,côtier,9.43000,-13.09000,28.59,24.84,32.41,0.28,2.34,16.31,60.67,11.02,0,41.95,0.057,2,0.002,faible
GN2025-00256,2025-08-29,2025,8,35,Kindia,Kindia,côtier,10.06000,-12.87000,26.14,22.95,30.69,49.24,266.36,733.27,78.87,5.03,6,82.86,1.000,20,0.021,eleve
GN2025-00257,2025-01-27,2025,1,5,Kindia,Télimélé,soudano-guinéen,10.91000,-13.04000,26.43,22.77,30.10,0.60,2.55,47.92,59.85,11.18,0,37.56,0.073,4,0.004,faible
GN2025-00258,2025-04-02,2025,4,14,Labé,Koubia,montagneux,11.59000,-11.90000,25.09,21.93,30.14,0.20,41.33,93.77,59.13,14.30,2,43.07,0.409,1,0.001,faible
GN2025-00259,2025-10-11,2025,10,41,Labé,Labé,montagneux,11.32000,-12.29000,25.06,21.17,29.38,35.63,215.22,446.51,80.58,9.36,7,72.55,1.000,9,0.008,eleve
GN2025-00260,2025-12-04,2025,12,49,Labé,Lélouma,montagneux,11.18000,-12.48000,22.73,17.36,26.78,0.69,52.32,481.23,70.36,8.04,4,67.61,0.558,5,0.005,faible
GN2025-00261,2025-01-19,2025,1,3,Labé,Mali,montagneux,12.08000,-12.30000,26.34,23.09,30.00,0.42,2.27,31.73,59.69,6.58,0,37.27,0.054,5,0.005,faible
GN2025-00262,2025-02-08,2025,2,6,Labé,Tougué,montagneux,11.45000,-11.67000,25.88,21.69,28.92,0.16,12.49,66.18,56.66,10.78,1,37.67,0.197,3,0.003,faible
GN2025-00263,2025-01-23,2025,1,4,Mamou,Dalaba,montagneux,10.69000,-12.25000,25.93,21.42,31.28,0.67,44.06,53.62,57.09,10.35,3,48.22,0.409,0,0.000,faible
GN2025-00264,2025-05-03,2025,5,18,Mamou,Mamou,montagneux,10.38000,-12.09000,24.83,19.65,29.70,0.43,2.64,37.90,59.18,9.40,0,37.33,0.078,2,0.002,faible
GN2025-00265,2025-10-29,2025,10,44,Mamou,Pita,montagneux,11.06000,-12.40000,23.53,19.98,28.55,26.59,106.04,416.89,83.23,9.38,6,70.23,0.951,12,0.011,moyen
GN2025-00266,2025-07-20,2025,7,29,Nzérékoré,Beyla,forestier,8.69000,-8.65000,27.20,23.51,32.26,2.40,76.39,541.53,79.31,6.38,6,72.86,0.799,15,0.015,moyen
GN2025-00267,2025-12-29,2025,12,1,Nzérékoré,Guéckédou,forestier,8.57000,-10.13000,26.65,23.00,31.19,102.42,252.80,1129.93,89.91,14.94,6,98.00,1.000,21,0.023,eleve
GN2025-00268,2025-11-27,2025,11,48,Nzérékoré,Lola,forestier,7.80000,-8.53000,24.83,19.49,28.35,51.22,297.40,1030.25,76.95,6.05,6,98.00,1.000,11,0.012,eleve
GN2025-00269,2025-10-31,2025,10,44,Nzérékoré,Macenta,forestier,8.54000,-9.47000,24.97,21.62,27.99,32.34,247.96,1056.05,85.62,10.58,5,98.00,1.000,15,0.016,eleve
GN2025-00270,2025-04-12,2025,4,15,Nzérékoré,Nzérékoré,forestier,7.76000,-8.82000,26.83,22.52,31.43,0.48,91.73,128.71,60.88,13.03,5,51.39,0.741,7,0.008,moyen
GN2025-00271,2025-09-10,2025,9,37,Nzérékoré,Yomou,forestier,7.56000,-9.31000,24.38,20.04,29.93,10.53,244.84,1330.78,81.82,7.36,7,98.00,1.000,18,0.019,eleve
GN2025-00272,2025-02-27,2025,2,9,Conakry,Conakry,côtier,9.54000,-13.68000,28.71,23.38,32.89,0.75,52.20,80.03,52.45,8.30,1,36.69,0.320,7,0.008,faible
GN2025-00273,2025-08-28,2025,8,35,Boké,Boffa,côtier,10.18000,-14.04000,28.15,23.78,33.90,133.47,187.82,678.10,89.91,6.94,4,84.32,1.000,13,0.014,eleve
GN2025-00274,2025-10-08,2025,10,41,Boké,Boké,côtier,10.94000,-14.29000,29.33,24.37,34.99,0.49,63.30,356.84,73.46,7.90,5,62.33,0.628,10,0.010,moyen
GN2025-00275,2025-04-20,2025,4,16,Boké,Fria,côtier,10.37000,-13.58000,28.58,22.99,33.88,0.30,2.24,74.23,69.01,9.12,0,44.19,0.071,5,0.005,faible
GN2025-00276,2025-09-16,2025,9,38,Boké,Gaoual,soudano-guinéen,11.75000,-13.20000,28.66,25.56,31.94,0.85,68.80,350.82,78.68,8.54,6,66.14,0.733,8,0.008,moyen
GN2025-00277,2025-03-07,2025,3,10,Boké,Koundara,soudano-guinéen,12.48000,-13.30000,29.84,25.94,35.32,0.05,2.08,35.32,58.02,10.97,0,34.24,0.042,0,0.000,faible
GN2025-00278,2025-11-14,2025,11,46,Faranah,Dabola,soudano-guinéen,10.75000,-11.11000,28.26,24.58,31.45,2.89,66.80,608.74,71.93,6.52,6,73.00,0.659,7,0.007,moyen
GN2025-00279,2025-04-26,2025,4,17,Faranah,Dinguiraye,soudano-guinéen,11.30000,-10.72000,28.56,24.97,34.26,0.51,5.74,63.21,61.77,4.04,1,40.11,0.140,4,0.004,faible
GN2025-00280,2025-07-12,2025,7,28,Faranah,Faranah,soudano-guinéen,10.04000,-10.74000,29.04,24.33,34.81,58.49,131.71,401.30,80.79,9.76,4,74.38,0.984,14,0.014,eleve
GN2025-00281,2025-06-01,2025,6,22,Faranah,Kissidougou,forestier,9.18000,-10.10000,27.22,23.51,31.68,2.07,135.90,329.30,72.44,10.29,6,61.03,1.000,8,0.008,eleve
GN2025-00282,2025-03-24,2025,3,13,Kankan,Kankan,soudano-guinéen,10.39000,-9.31000,29.30,25.36,34.51,0.55,1.83,46.88,51.52,8.32,0,36.40,0.040,3,0.003,faible
GN2025-00283,2025-07-22,2025,7,30,Kankan,Kérouané,forestier,9.27000,-9.01000,26.87,23.36,32.34,2.08,113.95,340.75,79.36,7.09,5,65.75,0.921,4,0.004,eleve
GN2025-00284,2025-09-18,2025,9,38,Kankan,Kouroussa,soudano-guinéen,10.65000,-9.89000,28.84,23.44,33.13,0.90,139.83,321.94,71.21,3.96,6,55.15,0.973,14,0.014,eleve
GN2025-00285,2025-10-04,2025,10,40,Kankan,Mandiana,soudano-guinéen,10.63000,-8.68000,27.74,24.06,31.11,12.65,81.89,419.33,73.95,8.54,7,58.60,0.727,9,0.009,moyen
GN2025-00286,2025-08-29,2025,8,35,Kankan,Siguiri,soudano-guinéen,11.42000,-9.17000,29.40,24.78,34.34,1.90,63.01,184.56,78.81,4.74,7,55.22,0.728,3,0.003,moyen
GN2025-00287,2025-04-10,2025,4,15,Kindia,Coyah,côtier,9.71000,-13.38000,28.63,24.01,34.05,0.28,10.97,155.85,58.88,11.23,2,44.45,0.284,1,0.001,faible
GN2025-00288,2025-12-07,2025,12,49,Kindia,Dubréka,côtier,9.79000,-13.52000,26.88,21.41,31.15,103.65,329.57,1032.67,83.03,6.47,6,98.00,1.000,15,0.017,eleve
GN2025-00289,2025-02-25,2025,2,9,Kindia,Forécariah,côtier,9.43000,-13.09000,27.93,22.66,32.64,0.26,44.16,83.05,62.56,15.71,1,44.12,0.379,8,0.009,faible
GN2025-00290,2025-02-23,2025,2,8,Kindia,Kindia,côtier,10.06000,-12.87000,27.71,23.60,33.43,0.58,14.47,30.12,51.07,7.30,1,40.14,0.210,2,0.002,faible
GN2025-00291,2025-12-28,2025,12,52,Kindia,Télimélé,soudano-guinéen,10.91000,-13.04000,26.98,22.99,32.77,0.79,34.38,475.89,75.54,9.98,6,68.87,0.473,4,0.004,moyen
GN2025-00292,2025-01-04,2025,1,1,Labé,Koubia,montagneux,11.59000,-11.90000,25.83,20.31,28.88,0.33,2.18,2.18,55.67,7.43,0,32.15,0.108,0,0.000,faible
GN2025-00293,2025-07-18,2025,7,29,Labé,Labé,montagneux,11.32000,-12.29000,24.29,19.56,29.64,56.96,165.01,429.60,87.31,8.81,4,74.32,1.000,9,0.008,eleve
GN2025-00294,2025-09-10,2025,9,37,Labé,Lélouma,montagneux,11.18000,-12.48000,23.37,19.77,28.78,1.60,103.65,323.95,75.85,6.47,6,62.05,0.834,7,0.006,moyen
GN2025-00295,2025-02-01,2025,2,5,Labé,Mali,montagneux,12.08000,-12.30000,25.28,21.60,30.20,0.43,2.64,21.17,60.62,11.04,0,45.26,0.117,3,0.003,faible
GN2025-00296,2025-12-11,2025,12,50,Labé,Tougué,montagneux,11.45000,-11.67000,24.77,21.45,29.25,38.23,118.79,426.55,83.11,11.67,5,63.92,0.959,5,0.005,moyen
GN2025-00297,2025-08-20,2025,8,34,Mamou,Dalaba,montagneux,10.69000,-12.25000,23.89,20.79,27.52,106.78,184.36,544.02,85.07,10.15,5,81.03,1.000,13,0.012,eleve
GN2025-00298,2025-07-30,2025,7,31,Mamou,Mamou,montagneux,10.38000,-12.09000,24.75,19.91,30.47,0.52,111.98,411.44,80.49,9.23,4,72.94,0.813,6,0.006,moyen
GN2025-00299,2025-04-25,2025,4,17,Mamou,Pita,montagneux,11.06000,-12.40000,24.90,20.26,28.16,49.40,92.08,120.78,65.51,7.66,3,50.59,0.614,6,0.006,faible
GN2025-00300,2025-02-26,2025,2,9,Nzérékoré,Beyla,forestier,8.69000,-8.65000,28.29,23.55,32.62,0.21,20.65,78.37,63.05,12.63,1,36.36,0.208,4,0.004,faible
GN2025-00301,2025-12-13,2025,12,50,Nzérékoré,Guéckédou,forestier,8.57000,-10.13000,25.56,21.31,29.38,47.11,350.63,1319.47,79.18,7.40,7,98.00,1.000,15,0.017,eleve
GN2025-00302,2025-11-11,2025,11,46,Nzérékoré,Lola,forestier,7.80000,-8.53000,25.59,22.26,30.75,23.20,96.83,893.55,73.59,12.11,7,88.21,0.882,14,0.015,eleve
GN2025-00303,2025-08-30,2025,8,35,Nzérékoré,Macenta,forestier,8.54000,-9.47000,26.47,21.95,29.95,87.99,432.35,1535.28,80.73,7.55,7,98.00,1.000,9,0.010,eleve
GN2025-00304,2025-04-03,2025,4,14,Nzérékoré,Nzérékoré,forestier,7.76000,-8.82000,28.05,23.71,33.73,0.19,29.93,38.12,55.24,10.96,1,30.43,0.251,5,0.005,faible
GN2025-00305,2025-04-25,2025,4,17,Nzérékoré,Yomou,forestier,7.56000,-9.31000,26.38,22.95,29.87,0.49,45.34,154.96,63.47,9.18,3,40.65,0.426,5,0.005,faible
GN2025-00306,2025-10-19,2025,10,42,Conakry,Conakry,côtier,9.54000,-13.68000,27.42,23.02,31.34,13.50,174.28,728.01,82.30,12.45,7,94.44,1.000,20,0.023,eleve
GN2025-00307,2025-07-21,2025,7,30,Boké,Boffa,côtier,10.18000,-14.04000,27.29,24.22,31.10,26.81,135.83,686.78,75.76,6.72,7,87.77,1.000,11,0.011,eleve
GN2025-00308,2025-08-10,2025,8,32,Boké,Boké,côtier,10.94000,-14.29000,27.74,23.19,31.64,15.39,54.54,402.98,77.79,9.61,5,59.29,0.582,6,0.006,moyen
GN2025-00309,2025-08-14,2025,8,33,Boké,Fria,côtier,10.37000,-13.58000,28.02,23.44,33.57,66.65,283.09,641.57,87.80,4.15,7,86.57,1.000,8,0.008,eleve
GN2025-00310,2025-08-18,2025,8,34,Boké,Gaoual,soudano-guinéen,11.75000,-13.20000,28.68,25.10,31.95,0.15,37.63,348.97,73.52,8.63,4,67.85,0.418,7,0.007,moyen
GN2025-00311,2025-10-09,2025,10,41,Boké,Koundara,soudano-guinéen,12.48000,-13.30000,28.66,25.44,33.81,1.37,77.08,144.75,79.52,6.31,7,60.33,0.774,11,0.010,moyen
GN2025-00312,2025-10-14,2025,10,42,Faranah,Dabola,soudano-guinéen,10.75000,-11.11000,27.83,23.28,33.13,2.58,36.81,461.16,75.31,8.95,7,69.16,0.580,13,0.012,moyen
GN2025-00313,2025-06-23,2025,6,26,Faranah,Dinguiraye,soudano-guinéen,11.30000,-10.72000,26.58,21.63,31.41,2.60,128.48,454.12,68.29,10.00,7,59.83,1.000,13,0.012,eleve
GN2025-00314,2025-07-30,2025,7,31,Faranah,Faranah,soudano-guinéen,10.04000,-10.74000,28.04,22.46,33.08,28.96,51.34,302.96,74.04,8.70,6,60.00,0.626,7,0.007,moyen
GN2025-00315,2025-04-04,2025,4,14,Faranah,Kissidougou,forestier,9.18000,-10.10000,28.53,23.11,33.47,0.36,61.41,166.96,58.44,6.64,3,44.44,0.512,5,0.005,faible
GN2025-00316,2025-07-15,2025,7,29,Kankan,Kankan,soudano-guinéen,10.39000,-9.31000,28.04,22.47,32.94,25.87,83.90,259.40,73.25,6.77,5,59.92,0.753,5,0.005,moyen
GN2025-00317,2025-07-06,2025,7,27,Kankan,Kérouané,forestier,9.27000,-9.01000,27.43,22.42,31.48,2.24,56.63,319.69,78.00,10.86,6,62.12,0.650,6,0.006,moyen
GN2025-00318,2025-02-25,2025,2,9,Kankan,Kouroussa,soudano-guinéen,10.65000,-9.89000,29.18,25.55,33.34,0.60,2.86,33.01,55.23,10.55,0,46.50,0.073,3,0.003,faible
GN2025-00319,2025-08-14,2025,8,33,Kankan,Mandiana,soudano-guinéen,10.63000,-8.68000,28.80,24.63,33.36,0.97,36.35,215.20,77.78,5.08,6,59.98,0.555,6,0.006,moyen
GN2025-00320,2025-04-11,2025,4,15,Kankan,Siguiri,soudano-guinéen,11.42000,-9.17000,31.15,26.64,34.56,0.47,28.75,53.19,58.08,9.10,1,33.92,0.327,4,0.004,faible
GN2025-00321,2025-09-19,2025,9,38,Kindia,Coyah,côtier,9.71000,-13.38000,27.78,23.67,32.06,14.36,202.75,1004.78,68.29,7.00,7,97.00,1.000,12,0.013,eleve
GN2025-00322,2025-06-27,2025,6,26,Kindia,Dubréka,côtier,9.79000,-13.52000,27.95,24.03,32.14,17.08,162.02,581.54,70.49,12.12,6,71.18,1.000,9,0.010,eleve
GN2025-00323,2025-06-29,2025,6,26,Kindia,Forécariah,côtier,9.43000,-13.09000,28.09,24.83,33.64,31.26,185.91,728.59,86.55,7.15,7,87.79,1.000,20,0.022,eleve
GN2025-00324,2025-07-19,2025,7,29,Kindia,Kindia,côtier,10.06000,-12.87000,25.84,21.70,30.64,155.36,306.91,884.88,88.80,9.39,7,98.00,1.000,12,0.013,eleve
GN2025-00325,2025-12-18,2025,12,51,Kindia,Télimélé,soudano-guinéen,10.91000,-13.04000,27.07,23.60,30.91,30.41,111.94,590.11,71.91,7.86,5,87.44,0.860,9,0.009,eleve
GN2025-00326,2025-07-29,2025,7,31,Labé,Koubia,montagneux,11.59000,-11.90000,24.09,19.28,28.95,0.12,8.28,367.37,79.87,6.09,3,71.42,0.334,6,0.005,faible
GN2025-00327,2025-07-15,2025,7,29,Labé,Labé,montagneux,11.32000,-12.29000,24.38,19.89,28.02,77.51,157.45,453.80,78.99,6.08,4,70.13,1.000,12,0.011,eleve
GN2025-00328,2025-05-08,2025,5,19,Labé,Lélouma,montagneux,11.18000,-12.48000,24.50,19.25,28.72,2.37,8.62,58.10,66.51,3.12,4,41.26,0.320,6,0.006,faible
GN2025-00329,2025-05-14,2025,5,20,Labé,Mali,montagneux,12.08000,-12.30000,24.75,19.28,29.01,18.88,59.02,225.68,66.37,9.52,5,49.99,0.575,9,0.008,moyen
GN2025-00330,2025-02-21,2025,2,8,Labé,Tougué,montagneux,11.45000,-11.67000,26.92,22.91,32.48,21.02,23.54,70.20,58.15,14.42,1,48.86,0.225,4,0.004,faible
GN2025-00331,2025-03-12,2025,3,11,Mamou,Dalaba,montagneux,10.69000,-12.25000,25.49,21.73,30.84,0.55,2.93,46.83,68.17,9.53,0,38.33,0.076,2,0.002,faible
GN2025-00332,2025-05-30,2025,5,22,Mamou,Mamou,montagneux,10.38000,-12.09000,26.58,21.96,30.42,2.50,45.69,134.93,70.11,8.03,5,50.14,0.469,10,0.009,moyen
GN2025-00333,2025-07-14,2025,7,29,Mamou,Pita,montagneux,11.06000,-12.40000,24.27,19.21,29.34,0.80,91.25,489.47,77.99,6.04,6,75.58,0.832,12,0.011,moyen
GN2025-00334,2025-07-09,2025,7,28,Nzérékoré,Beyla,forestier,8.69000,-8.65000,26.75,23.17,31.13,0.83,68.04,438.48,75.38,5.27,5,77.54,0.634,7,0.007,moyen
GN2025-00335,2025-07-08,2025,7,28,Nzérékoré,Guéckédou,forestier,8.57000,-10.13000,26.12,21.61,30.12,155.44,431.83,1179.17,92.74,9.00,7,98.00,1.000,16,0.018,eleve
GN2025-00336,2025-12-08,2025,12,50,Nzérékoré,Lola,forestier,7.80000,-8.53000,24.71,20.54,28.20,75.51,236.10,1182.47,84.99,5.86,6,98.00,1.000,12,0.013,eleve
GN2025-00337,2025-11-29,2025,11,48,Nzérékoré,Macenta,forestier,8.54000,-9.47000,25.01,20.61,29.10,80.00,413.55,1428.03,87.16,6.85,7,98.00,1.000,19,0.021,eleve
GN2025-00338,2025-06-07,2025,6,23,Nzérékoré,Nzérékoré,forestier,7.76000,-8.82000,25.00,21.28,28.94,2.41,42.86,422.06,60.99,8.26,7,62.67,0.703,8,0.009,moyen
GN2025-00339,2025-08-18,2025,8,34,Nzérékoré,Yomou,forestier,7.56000,-9.31000,25.98,20.99,29.14,3.99,188.55,982.78,76.97,11.73,7,96.94,1.000,12,0.013,eleve
GN2025-00340,2025-08-14,2025,8,33,Conakry,Conakry,côtier,9.54000,-13.68000,27.56,22.10,33.09,7.10,124.95,1005.65,71.60,7.69,6,98.00,0.835,16,0.019,eleve
GN2025-00341,2025-04-23,2025,4,17,Boké,Boffa,côtier,10.18000,-14.04000,28.80,25.65,33.24,0.01,2.02,135.02,62.27,10.91,0,55.71,0.056,1,0.001,faible
GN2025-00342,2025-01-08,2025,1,2,Boké,Boké,côtier,10.94000,-14.29000,29.33,25.42,35.09,0.40,2.36,3.02,66.82,11.80,0,45.75,0.068,3,0.003,faible
GN2025-00343,2025-05-12,2025,5,20,Boké,Fria,côtier,10.37000,-13.58000,28.88,24.28,33.05,1.26,123.82,265.41,71.88,7.73,7,56.15,0.964,11,0.011,moyen
GN2025-00344,2025-06-17,2025,6,25,Boké,Gaoual,soudano-guinéen,11.75000,-13.20000,29.16,25.34,34.43,2.03,43.85,117.58,72.96,7.05,5,45.07,0.554,2,0.002,faible
GN2025-00345,2025-04-10,2025,4,15,Boké,Koundara,soudano-guinéen,12.48000,-13.30000,30.48,25.59,36.23,0.31,13.12,21.21,61.87,9.84,1,35.67,0.197,3,0.003,faible
GN2025-00346,2025-05-13,2025,5,20,Faranah,Dabola,soudano-guinéen,10.75000,-11.11000,28.55,25.55,33.10,1.42,10.05,254.28,61.92,12.61,4,52.62,0.253,3,0.003,faible
GN2025-00347,2025-10-28,2025,10,44,Faranah,Dinguiraye,soudano-guinéen,11.30000,-10.72000,27.33,23.29,32.25,8.60,168.54,308.95,75.79,8.00,6,59.56,1.000,6,0.006,eleve
GN2025-00348,2025-01-07,2025,1,2,Faranah,Faranah,soudano-guinéen,10.04000,-10.74000,29.63,25.74,35.26,0.32,7.04,7.04,57.39,12.05,1,29.50,0.140,1,0.001,faible
GN2025-00349,2025-01-09,2025,1,2,Faranah,Kissidougou,forestier,9.18000,-10.10000,27.91,23.08,32.36,0.65,3.57,4.11,52.91,10.06,0,27.10,0.122,0,0.000,faible
GN2025-00350,2025-09-13,2025,9,37,Kankan,Kankan,soudano-guinéen,10.39000,-9.31000,28.21,23.83,32.92,21.27,73.16,271.83,82.22,11.33,5,58.34,0.697,12,0.012,moyen
GN2025-00351,2025-01-07,2025,1,2,Kankan,Kérouané,forestier,9.27000,-9.01000,29.34,25.49,34.91,3.01,5.60,5.60,57.68,9.06,1,36.82,0.152,2,0.002,faible
GN2025-00352,2025-09-07,2025,9,36,Kankan,Kouroussa,soudano-guinéen,10.65000,-9.89000,30.23,24.88,35.66,1.23,49.81,178.35,81.20,4.83,6,58.08,0.651,7,0.007,moyen
GN2025-00353,2025-08-01,2025,8,31,Kankan,Mandiana,soudano-guinéen,10.63000,-8.68000,28.33,24.57,33.17,2.99,34.71,238.65,74.05,8.37,4,59.69,0.434,5,0.005,faible
GN2025-00354,2025-03-26,2025,3,13,Kankan,Siguiri,soudano-guinéen,11.42000,-9.17000,31.06,27.45,34.69,0.16,7.26,21.65,58.09,14.99,1,32.58,0.135,1,0.001,faible
GN2025-00355,2025-11-03,2025,11,45,Kindia,Coyah,côtier,9.71000,-13.38000,26.93,21.94,31.50,43.12,299.46,831.42,79.98,10.77,7,94.18,1.000,11,0.012,eleve
GN2025-00356,2025-12-19,2025,12,51,Kindia,Dubréka,côtier,9.79000,-13.52000,26.91,22.24,31.22,2.84,233.93,886.68,78.49,11.04,7,87.23,1.000,15,0.017,eleve
GN2025-00357,2025-03-27,2025,3,13,Kindia,Forécariah,côtier,9.43000,-13.09000,30.00,24.78,33.27,0.25,2.76,56.60,50.51,9.01,0,32.03,0.100,1,0.001,faible
GN2025-00358,2025-02-09,2025,2,6,Kindia,Kindia,côtier,10.06000,-12.87000,28.23,24.16,32.44,5.62,9.13,19.03,56.40,12.85,2,39.31,0.179,4,0.004,faible
GN2025-00359,2025-08-25,2025,8,35,Kindia,Télimélé,soudano-guinéen,10.91000,-13.04000,27.75,24.18,32.28,3.39,89.39,463.44,75.50,10.32,6,70.06,0.748,15,0.015,eleve
GN2025-00360,2025-03-28,2025,3,13,Labé,Koubia,montagneux,11.59000,-11.90000,24.98,20.90,29.98,0.17,9.22,75.76,66.26,10.82,1,41.62,0.215,1,0.001,faible
GN2025-00361,2025-03-06,2025,3,10,Labé,Labé,montagneux,11.32000,-12.29000,25.62,20.22,28.71,0.13,11.87,51.92,63.42,13.86,2,45.67,0.297,7,0.007,faible
GN2025-00362,2025-11-02,2025,11,44,Labé,Lélouma,montagneux,11.18000,-12.48000,24.00,19.64,28.39,0.89,154.56,464.15,68.81,8.21,5,75.85,1.000,5,0.005,eleve
GN2025-00363,2025-10-19,2025,10,42,Labé,Mali,montagneux,12.08000,-12.30000,22.75,18.39,26.90,5.30,65.33,284.90,77.95,5.13,5,60.47,0.586,8,0.007,faible
GN2025-00364,2025-03-28,2025,3,13,Labé,Tougué,montagneux,11.45000,-11.67000,26.46,21.76,31.30,0.09,14.81,46.39,58.53,4.99,1,39.28,0.218,3,0.003,faible
GN2025-00365,2025-11-17,2025,11,47,Mamou,Dalaba,montagneux,10.69000,-12.25000,23.96,20.92,28.17,47.19,159.75,443.95,80.69,10.32,7,70.11,1.000,11,0.010,eleve
GN2025-00366,2025-01-01,2025,1,1,Mamou,Mamou,montagneux,10.38000,-12.09000,26.39,22.96,31.81,0.79,0.79,0.79,61.46,10.13,0,41.38,0.075,4,0.004,faible
GN2025-00367,2025-07-30,2025,7,31,Mamou,Pita,montagneux,11.06000,-12.40000,24.59,19.78,29.51,0.72,196.07,471.50,70.58,6.02,5,68.90,1.000,10,0.009,eleve
GN2025-00368,2025-12-08,2025,12,50,Nzérékoré,Beyla,forestier,8.69000,-8.65000,25.53,21.55,30.23,8.59,97.11,537.02,71.35,6.73,7,73.80,0.908,11,0.011,moyen
GN2025-00369,2025-04-27,2025,4,17,Nzérékoré,Guéckédou,forestier,8.57000,-10.13000,26.20,20.76,30.60,50.08,52.51,116.85,71.05,8.77,1,41.82,0.388,6,0.007,moyen
GN2025-00370,2025-12-21,2025,12,51,Nzérékoré,Lola,forestier,7.80000,-8.53000,23.93,18.72,28.70,34.66,231.76,1046.18,80.20,6.00,7,98.00,1.000,12,0.013,eleve
GN2025-00371,2025-08-24,2025,8,34,Nzérékoré,Macenta,forestier,8.54000,-9.47000,24.76,19.93,28.80,108.91,348.64,1460.27,89.89,6.39,7,98.00,1.000,9,0.010,eleve
GN2025-00372,2025-03-31,2025,3,14,Nzérékoré,Nzérékoré,forestier,7.76000,-8.82000,26.77,21.36,31.38,0.64,30.91,38.26,66.77,10.73,1,45.74,0.233,8,0.009,faible
GN2025-00373,2025-02-16,2025,2,7,Nzérékoré,Yomou,forestier,7.56000,-9.31000,28.31,25.10,31.59,0.62,53.69,82.27,54.49,13.64,1,36.77,0.354,7,0.007,faible
GN2025-00374,2025-08-28,2025,8,35,Conakry,Conakry,côtier,9.54000,-13.68000,27.04,21.92,31.50,51.71,339.36,1092.65,80.72,8.25,5,98.00,1.000,12,0.014,eleve
GN2025-00375,2025-10-21,2025,10,43,Boké,Boffa,côtier,10.18000,-14.04000,27.96,23.78,30.99,2.08,155.26,674.95,75.50,8.17,7,74.96,1.000,17,0.018,eleve
GN2025-00376,2025-10-11,2025,10,41,Boké,Boké,côtier,10.94000,-14.29000,28.80,23.46,32.07,55.11,147.75,456.91,91.14,8.05,5,68.95,1.000,13,0.013,eleve
GN2025-00377,2025-07-07,2025,7,28,Boké,Fria,côtier,10.37000,-13.58000,28.38,23.08,33.70,0.80,217.36,620.88,74.78,6.81,6,81.03,1.000,11,0.011,eleve
GN2025-00378,2025-01-09,2025,1,2,Boké,Gaoual,soudano-guinéen,11.75000,-13.20000,29.17,23.82,32.92,14.01,25.17,25.70,58.36,10.35,2,39.53,0.299,7,0.007,faible
GN2025-00379,2025-03-03,2025,3,10,Boké,Koundara,soudano-guinéen,12.48000,-13.30000,30.33,25.41,34.44,0.36,3.41,36.57,57.09,12.15,0,34.07,0.096,1,0.001,faible
GN2025-00380,2025-08-30,2025,8,35,Faranah,Dabola,soudano-guinéen,10.75000,-11.11000,28.15,24.46,33.74,2.00,73.02,272.30,73.11,11.57,7,62.45,0.739,5,0.005,moyen
GN2025-00381,2025-05-28,2025,5,22,Faranah,Dinguiraye,soudano-guinéen,11.30000,-10.72000,28.31,24.13,33.21,0.24,48.00,263.19,70.82,4.59,5,59.19,0.526,8,0.008,moyen
GN2025-00382,2025-01-18,2025,1,3,Faranah,Faranah,soudano-guinéen,10.04000,-10.74000,28.06,24.82,33.45,0.66,30.76,38.96,54.96,13.54,2,40.22,0.311,3,0.003,faible
GN2025-00383,2025-06-01,2025,6,22,Faranah,Kissidougou,forestier,9.18000,-10.10000,27.22,23.51,31.68,2.07,135.90,329.30,72.44,10.29,6,62.36,0.962,7,0.007,eleve
GN2025-00384,2025-09-21,2025,9,38,Kankan,Kankan,soudano-guinéen,10.39000,-9.31000,28.09,24.34,32.36,5.26,36.52,211.32,75.82,10.93,6,59.41,0.458,8,0.008,moyen
GN2025-00385,2025-11-29,2025,11,48,Kankan,Kérouané,forestier,9.27000,-9.01000,27.53,23.22,32.38,28.22,166.05,789.68,75.91,8.21,7,84.97,1.000,12,0.012,eleve
GN2025-00386,2025-08-17,2025,8,33,Kankan,Kouroussa,soudano-guinéen,10.65000,-9.89000,29.47,24.73,33.57,0.31,15.23,193.28,70.65,6.91,4,55.85,0.287,5,0.005,faible
GN2025-00387,2025-03-29,2025,3,13,Kankan,Mandiana,soudano-guinéen,10.63000,-8.68000,31.09,27.69,36.32,0.00,20.73,36.55,55.56,11.70,2,21.13,0.296,2,0.002,faible
GN2025-00388,2025-06-21,2025,6,25,Kankan,Siguiri,soudano-guinéen,11.42000,-9.17000,28.73,23.29,34.26,0.30,97.48,195.96,66.99,9.15,6,50.25,0.827,7,0.007,moyen
GN2025-00389,2025-10-28,2025,10,44,Kindia,Coyah,côtier,9.71000,-13.38000,27.77,24.64,33.25,22.85,134.55,959.42,82.58,8.39,6,98.00,1.000,21,0.024,eleve
GN2025-00390,2025-07-24,2025,7,30,Kindia,Dubréka,côtier,9.79000,-13.52000,27.54,24.19,33.12,60.89,513.13,992.70,81.97,5.44,6,98.00,1.000,16,0.018,eleve
GN2025-00391,2025-08-25,2025,8,35,Kindia,Forécariah,côtier,9.43000,-13.09000,27.21,22.32,31.52,2.96,206.72,862.74,77.49,6.92,7,92.28,1.000,14,0.015,eleve
GN2025-00392,2025-03-19,2025,3,12,Kindia,Kindia,côtier,10.06000,-12.87000,27.92,23.68,33.05,0.07,36.28,46.13,55.52,14.71,3,45.01,0.361,5,0.005,faible
GN2025-00393,2025-04-06,2025,4,14,Kindia,Télimélé,soudano-guinéen,10.91000,-13.04000,29.29,23.94,34.23,0.12,2.13,51.77,59.88,13.81,0,40.34,0.090,4,0.004,faible
GN2025-00394,2025-03-17,2025,3,12,Labé,Koubia,montagneux,11.59000,-11.90000,25.79,20.80,31.53,0.12,9.77,62.51,54.54,10.58,1,42.78,0.204,2,0.002,faible
GN2025-00395,2025-03-23,2025,3,12,Labé,Labé,montagneux,11.32000,-12.29000,24.99,20.80,29.16,0.50,2.37,72.02,56.74,9.93,0,38.04,0.041,3,0.003,faible
GN2025-00396,2025-04-18,2025,4,16,Labé,Lélouma,montagneux,11.18000,-12.48000,23.88,18.77,28.40,15.02,25.95,115.74,69.86,11.99,2,50.32,0.277,2,0.002,faible
GN2025-00397,2025-06-23,2025,6,26,Labé,Mali,montagneux,12.08000,-12.30000,24.78,21.41,30.08,17.57,130.01,235.71,70.30,10.70,6,62.12,0.980,8,0.007,moyen
GN2025-00398,2025-07-08,2025,7,28,Labé,Tougué,montagneux,11.45000,-11.67000,25.03,20.38,28.91,1.88,41.92,243.54,71.48,9.43,5,58.96,0.573,9,0.008,moyen
GN2025-00399,2025-09-13,2025,9,37,Mamou,Dalaba,montagneux,10.69000,-12.25000,24.25,19.93,29.46,35.42,288.64,755.28,82.35,9.23,7,92.09,1.000,10,0.009,eleve
GN2025-00400,2025-11-03,2025,11,45,Mamou,Mamou,montagneux,10.38000,-12.09000,24.37,20.85,28.29,31.69,156.92,483.85,80.59,6.26,7,68.79,1.000,7,0.007,eleve
GN2025-00401,2025-09-22,2025,9,39,Mamou,Pita,montagneux,11.06000,-12.40000,24.73,20.49,30.49,26.42,135.97,493.53,79.06,10.07,7,64.45,1.000,6,0.006,eleve
GN2025-00402,2025-07-18,2025,7,29,Nzérékoré,Beyla,forestier,8.69000,-8.65000,25.89,21.33,30.54,29.50,125.15,561.33,70.84,7.59,6,77.56,0.877,14,0.014,eleve
GN2025-00403,2025-10-28,2025,10,44,Nzérékoré,Guéckédou,forestier,8.57000,-10.13000,24.87,20.00,30.48,49.46,215.69,835.98,80.72,7.69,7,97.68,1.000,16,0.018,eleve
GN2025-00404,2025-07-06,2025,7,27,Nzérékoré,Lola,forestier,7.80000,-8.53000,25.14,21.35,30.20,2.53,76.86,713.40,67.39,7.55,5,81.64,0.647,6,0.006,moyen
GN2025-00405,2025-01-17,2025,1,3,Nzérékoré,Macenta,forestier,8.54000,-9.47000,25.95,21.07,29.31,0.39,2.57,8.49,58.26,11.25,0,31.33,0.081,2,0.002,faible
GN2025-00406,2025-02-02,2025,2,5,Nzérékoré,Nzérékoré,forestier,7.76000,-8.82000,26.96,22.75,32.16,0.22,2.43,51.89,59.97,13.58,0,26.50,0.036,3,0.003,faible
GN2025-00407,2025-12-22,2025,12,52,Nzérékoré,Yomou,forestier,7.56000,-9.31000,25.17,21.84,30.53,0.40,266.96,1179.02,78.75,6.65,6,98.00,1.000,10,0.011,eleve
GN2025-00408,2025-12-10,2025,12,50,Conakry,Conakry,côtier,9.54000,-13.68000,27.56,23.49,31.11,16.61,275.09,1128.38,82.75,9.66,7,98.00,1.000,10,0.012,eleve
GN2025-00409,2025-12-07,2025,12,49,Boké,Boffa,côtier,10.18000,-14.04000,27.84,24.82,32.67,6.02,97.52,664.74,82.01,10.43,6,84.93,0.878,8,0.008,eleve
GN2025-00410,2025-12-20,2025,12,51,Boké,Boké,côtier,10.94000,-14.29000,28.06,23.64,33.71,0.65,17.17,317.60,71.56,7.69,5,47.54,0.356,8,0.008,faible
GN2025-00411,2025-04-13,2025,4,15,Boké,Fria,côtier,10.37000,-13.58000,29.43,25.99,33.28,34.11,37.24,93.81,70.09,8.75,2,50.69,0.370,3,0.003,faible
GN2025-00412,2025-07-24,2025,7,30,Boké,Gaoual,soudano-guinéen,11.75000,-13.20000,28.90,25.66,33.76,1.96,69.04,218.10,74.17,9.95,4,49.76,0.662,6,0.006,moyen
GN2025-00413,2025-08-23,2025,8,34,Boké,Koundara,soudano-guinéen,12.48000,-13.30000,28.06,24.64,32.88,0.40,87.55,247.94,72.18,11.52,4,54.91,0.545,14,0.013,moyen
GN2025-00414,2025-10-23,2025,10,43,Faranah,Dabola,soudano-guinéen,10.75000,-11.11000,29.18,23.91,34.19,0.29,101.83,373.58,74.88,7.19,6,70.25,0.761,8,0.008,moyen
GN2025-00415,2025-04-03,2025,4,14,Faranah,Dinguiraye,soudano-guinéen,11.30000,-10.72000,28.29,23.27,33.84,38.57,40.63,73.89,63.16,11.61,1,47.10,0.328,4,0.004,faible
GN2025-00416,2025-08-02,2025,8,31,Faranah,Faranah,soudano-guinéen,10.04000,-10.74000,27.31,23.13,32.30,20.11,61.28,325.92,80.25,7.54,5,66.36,0.632,12,0.012,moyen
GN2025-00417,2025-07-16,2025,7,29,Faranah,Kissidougou,forestier,9.18000,-10.10000,25.99,20.63,29.77,21.51,319.26,832.38,74.98,7.19,7,89.24,1.000,12,0.013,eleve
GN2025-00418,2025-05-15,2025,5,20,Kankan,Kankan,soudano-guinéen,10.39000,-9.31000,28.90,24.41,34.30,0.07,47.32,116.58,63.99,12.79,5,50.34,0.502,1,0.001,faible
GN2025-00419,2025-09-07,2025,9,36,Kankan,Kérouané,forestier,9.27000,-9.01000,26.88,22.43,32.58,2.71,271.02,784.00,73.56,7.75,7,86.89,1.000,12,0.012,eleve
GN2025-00420,2025-05-05,2025,5,19,Kankan,Kouroussa,soudano-guinéen,10.65000,-9.89000,30.05,26.46,34.14,13.37,16.60,104.38,63.53,9.26,1,45.83,0.165,3,0.003,faible
GN2025-00421,2025-12-15,2025,12,51,Kankan,Mandiana,soudano-guinéen,10.63000,-8.68000,28.27,23.71,33.35,2.63,14.76,317.21,74.56,6.99,6,71.61,0.433,7,0.007,moyen
GN2025-00422,2025-06-28,2025,6,26,Kankan,Siguiri,soudano-guinéen,11.42000,-9.17000,28.99,25.80,33.73,2.69,16.55,172.63,73.48,13.31,4,54.03,0.347,8,0.007,faible
GN2025-00423,2025-09-10,2025,9,37,Kindia,Coyah,côtier,9.71000,-13.38000,27.50,22.86,33.17,3.10,241.65,987.25,78.62,7.62,7,98.00,1.000,13,0.015,eleve
GN2025-00424,2025-03-17,2025,3,12,Kindia,Dubréka,côtier,9.79000,-13.52000,28.47,24.16,32.62,0.03,2.00,10.88,54.74,14.11,0,42.19,0.089,3,0.003,faible
GN2025-00425,2025-06-23,2025,6,26,Kindia,Forécariah,côtier,9.43000,-13.09000,26.65,21.58,30.57,11.74,212.82,641.87,75.76,9.07,7,74.05,1.000,8,0.009,eleve
GN2025-00426,2025-04-05,2025,4,14,Kindia,Kindia,côtier,10.06000,-12.87000,27.85,24.51,32.88,0.13,3.42,45.41,58.17,9.98,0,39.43,0.057,3,0.003,faible
GN2025-00427,2025-10-16,2025,10,42,Kindia,Télimélé,soudano-guinéen,10.91000,-13.04000,25.99,20.79,31.47,2.53,198.85,531.26,74.21,11.82,7,74.45,1.000,2,0.002,eleve
GN2025-00428,2025-05-02,2025,5,18,Labé,Koubia,montagneux,11.59000,-11.90000,26.22,21.45,31.99,0.80,25.95,62.57,62.16,9.14,2,36.82,0.285,3,0.003,faible
GN2025-00429,2025-06-27,2025,6,26,Labé,Labé,montagneux,11.32000,-12.29000,23.65,18.89,28.79,0.05,96.43,445.84,74.15,7.98,4,70.01,0.768,8,0.008,moyen
GN2025-00430,2025-12-13,2025,12,50,Labé,Lélouma,montagneux,11.18000,-12.48000,23.55,18.83,28.55,2.80,120.73,558.12,77.58,9.53,7,73.26,1.000,8,0.007,moyen
GN2025-00431,2025-07-02,2025,7,27,Labé,Mali,montagneux,12.08000,-12.30000,24.08,18.57,28.74,0.28,43.19,286.08,73.08,10.49,4,67.54,0.574,2,0.002,faible
GN2025-00432,2025-11-25,2025,11,48,Labé,Tougué,montagneux,11.45000,-11.67000,24.21,19.07,27.94,1.56,164.77,435.82,82.44,11.20,7,65.85,1.000,8,0.007,eleve
GN2025-00433,2025-09-01,2025,9,36,Mamou,Dalaba,montagneux,10.69000,-12.25000,24.42,19.62,27.98,15.50,77.07,626.48,74.10,9.88,6,75.97,0.756,7,0.007,moyen
GN2025-00434,2025-04-27,2025,4,17,Mamou,Mamou,montagneux,10.38000,-12.09000,25.87,21.22,29.83,0.08,2.70,38.21,65.75,10.85,0,35.92,0.066,4,0.004,faible
GN2025-00435,2025-04-07,2025,4,15,Mamou,Pita,montagneux,11.06000,-12.40000,25.96,20.54,31.31,0.48,3.03,36.99,61.24,11.64,0,46.79,0.086,1,0.001,faible
GN2025-00436,2025-08-15,2025,8,33,Nzérékoré,Beyla,forestier,8.69000,-8.65000,26.55,21.56,30.37,1.28,107.67,880.97,77.73,7.35,7,98.00,0.960,13,0.013,eleve
GN2025-00437,2025-06-30,2025,6,27,Nzérékoré,Guéckédou,forestier,8.57000,-10.13000,24.79,20.63,28.31,9.52,242.46,997.55,74.17,6.32,6,95.80,1.000,12,0.013,eleve
GN2025-00438,2025-06-25,2025,6,26,Nzérékoré,Lola,forestier,7.80000,-8.53000,24.43,19.15,27.64,18.18,123.37,795.16,77.77,6.58,6,97.49,0.957,17,0.018,eleve
GN2025-00439,2025-04-15,2025,4,16,Nzérékoré,Macenta,forestier,8.54000,-9.47000,26.63,21.32,31.40,0.44,43.64,80.13,68.21,13.49,2,52.17,0.363,7,0.008,faible
GN2025-00440,2025-06-09,2025,6,24,Nzérékoré,Nzérékoré,forestier,7.76000,-8.82000,25.20,22.08,30.86,3.84,44.84,425.21,66.62,6.49,7,66.77,0.626,5,0.005,moyen
GN2025-00441,2025-06-14,2025,6,24,Nzérékoré,Yomou,forestier,7.56000,-9.31000,25.38,21.49,30.61,21.67,91.34,447.30,78.53,9.48,6,60.35,0.835,11,0.012,eleve
GN2025-00442,2025-05-13,2025,5,20,Conakry,Conakry,côtier,9.54000,-13.68000,28.69,24.34,32.65,0.32,60.44,155.08,62.12,7.47,5,40.16,0.634,11,0.013,moyen
GN2025-00443,2025-02-07,2025,2,6,Boké,Boffa,côtier,10.18000,-14.04000,29.70,26.17,33.72,0.57,3.10,26.33,55.02,10.68,0,35.00,0.093,4,0.004,faible
GN2025-00444,2025-08-09,2025,8,32,Boké,Boké,côtier,10.94000,-14.29000,27.68,22.85,31.82,0.34,39.98,389.56,75.05,5.38,4,71.68,0.473,5,0.005,moyen
GN2025-00445,2025-02-03,2025,2,6,Boké,Fria,côtier,10.37000,-13.58000,28.38,24.48,33.91,0.44,10.03,39.86,56.04,11.82,1,37.32,0.170,4,0.004,faible
GN2025-00446,2025-01-23,2025,1,4,Boké,Gaoual,soudano-guinéen,11.75000,-13.20000,30.50,26.22,34.41,0.38,18.16,86.82,59.86,8.98,1,43.43,0.128,3,0.003,faible
GN2025-00447,2025-06-22,2025,6,25,Boké,Koundara,soudano-guinéen,12.48000,-13.30000,28.98,25.57,32.63,0.29,31.10,122.47,73.95,5.04,6,41.61,0.491,3,0.003,faible
GN2025-00448,2025-10-02,2025,10,40,Faranah,Dabola,soudano-guinéen,10.75000,-11.11000,28.69,24.62,34.36,22.11,115.84,544.20,75.44,7.05,5,65.17,0.879,11,0.011,eleve
GN2025-00449,2025-07-27,2025,7,30,Faranah,Dinguiraye,soudano-guinéen,11.30000,-10.72000,27.72,22.83,33.47,0.98,78.82,228.92,76.40,10.32,6,52.84,0.752,5,0.005,moyen
GN2025-00450,2025-01-22,2025,1,4,Faranah,Faranah,soudano-guinéen,10.04000,-10.74000,28.78,24.47,32.79,0.45,36.24,46.77,55.28,12.93,3,35.83,0.345,6,0.006,faible
GN2025-00451,2025-09-02,2025,9,36,Faranah,Kissidougou,forestier,9.18000,-10.10000,27.75,22.69,31.29,65.25,222.18,875.71,81.66,9.85,7,98.00,1.000,9,0.009,eleve
GN2025-00452,2025-04-28,2025,4,18,Kankan,Kankan,soudano-guinéen,10.39000,-9.31000,30.02,25.07,33.29,0.08,1.11,31.10,65.01,11.68,0,39.26,0.133,6,0.006,faible
GN2025-00453,2025-03-08,2025,3,10,Kankan,Kérouané,forestier,9.27000,-9.01000,28.61,23.11,32.55,0.46,2.53,18.23,59.13,8.40,0,34.50,0.073,3,0.003,faible
GN2025-00454,2025-08-20,2025,8,34,Kankan,Kouroussa,soudano-guinéen,10.65000,-9.89000,29.40,26.30,34.36,19.03,27.06,191.73,67.65,10.16,4,51.04,0.317,8,0.008,faible
GN2025-00455,2025-01-24,2025,1,4,Kankan,Mandiana,soudano-guinéen,10.63000,-8.68000,30.78,25.60,34.33,0.32,9.74,55.91,57.92,9.04,1,47.48,0.174,4,0.004,faible
GN2025-00456,2025-04-23,2025,4,17,Kankan,Siguiri,soudano-guinéen,11.42000,-9.17000,29.99,24.92,34.31,0.33,5.88,61.73,61.80,10.46,1,49.39,0.158,3,0.003,faible
GN2025-00457,2025-06-12,2025,6,24,Kindia,Coyah,côtier,9.71000,-13.38000,28.09,23.41,32.53,23.50,37.19,201.95,72.91,11.50,4,60.90,0.448,6,0.007,moyen
GN2025-00458,2025-12-07,2025,12,49,Kindia,Dubréka,côtier,9.79000,-13.52000,26.88,21.41,31.15,103.65,329.57,1032.67,83.03,6.47,6,98.00,1.000,16,0.018,eleve
GN2025-00459,2025-05-03,2025,5,18,Kindia,Forécariah,côtier,9.43000,-13.09000,29.01,25.28,33.18,0.34,2.37,341.66,68.94,10.32,0,69.82,0.091,4,0.004,faible
GN2025-00460,2025-12-06,2025,12,49,Kindia,Kindia,côtier,10.06000,-12.87000,25.77,20.18,31.37,9.01,189.44,795.75,78.28,8.41,7,88.33,1.000,12,0.013,eleve
GN2025-00461,2025-08-13,2025,8,33,Kindia,Télimélé,soudano-guinéen,10.91000,-13.04000,27.69,24.25,33.45,0.18,171.56,456.21,75.67,6.70,5,78.58,1.000,14,0.014,eleve
GN2025-00462,2025-05-07,2025,5,19,Labé,Koubia,montagneux,11.59000,-11.90000,25.69,21.98,30.41,0.09,68.38,116.14,66.23,13.92,4,58.75,0.553,5,0.005,faible
GN2025-00463,2025-07-11,2025,7,28,Labé,Labé,montagneux,11.32000,-12.29000,24.82,20.56,28.56,53.58,84.97,387.32,75.15,7.98,4,62.32,0.681,13,0.012,moyen
GN2025-00464,2025-02-23,2025,2,8,Labé,Lélouma,montagneux,11.18000,-12.48000,26.11,21.42,31.73,0.74,3.01,10.17,55.43,13.39,0,33.63,0.079,2,0.002,faible
GN2025-00465,2025-02-20,2025,2,8,Labé,Mali,montagneux,12.08000,-12.30000,25.95,20.37,29.62,0.63,13.77,44.21,57.32,8.75,1,42.11,0.216,5,0.005,faible
GN2025-00466,2025-07-07,2025,7,28,Labé,Tougué,montagneux,11.45000,-11.67000,25.24,20.46,29.23,11.61,81.16,242.70,68.26,6.25,5,59.51,0.619,10,0.009,moyen
GN2025-00467,2025-02-17,2025,2,8,Mamou,Dalaba,montagneux,10.69000,-12.25000,26.03,22.03,29.50,26.18,27.83,59.55,56.66,9.68,1,35.24,0.245,5,0.005,faible
GN2025-00468,2025-11-12,2025,11,46,Mamou,Mamou,montagneux,10.38000,-12.09000,25.24,21.85,28.65,2.41,80.78,425.46,74.06,3.33,7,64.60,0.772,6,0.006,moyen
GN2025-00469,2025-03-01,2025,3,9,Mamou,Pita,montagneux,11.06000,-12.40000,24.85,20.74,30.26,0.62,43.22,105.81,55.05,10.39,1,36.38,0.359,3,0.003,faible
GN2025-00470,2025-07-11,2025,7,28,Nzérékoré,Beyla,forestier,8.69000,-8.65000,26.74,22.46,29.82,78.84,112.52,474.66,86.89,8.04,5,68.75,0.884,15,0.015,eleve
GN2025-00471,2025-05-29,2025,5,22,Nzérékoré,Guéckédou,forestier,8.57000,-10.13000,25.67,21.00,29.57,1.11,108.42,602.93,67.69,9.04,6,78.37,0.837,11,0.012,eleve
GN2025-00472,2025-07-01,2025,7,27,Nzérékoré,Lola,forestier,7.80000,-8.53000,24.77,21.21,30.54,21.56,363.83,930.17,78.27,13.36,7,95.25,1.000,16,0.017,eleve
GN2025-00473,2025-08-17,2025,8,33,Nzérékoré,Macenta,forestier,8.54000,-9.47000,25.76,22.53,29.90,88.71,327.45,1436.71,86.05,8.70,7,98.00,1.000,12,0.013,eleve
GN2025-00474,2025-07-07,2025,7,28,Nzérékoré,Nzérékoré,forestier,7.76000,-8.82000,25.40,20.84,29.77,1.43,175.37,862.85,80.36,9.59,6,90.33,1.000,9,0.010,eleve
GN2025-00475,2025-08-17,2025,8,33,Nzérékoré,Yomou,forestier,7.56000,-9.31000,26.17,20.67,31.01,7.97,207.27,1078.22,74.17,9.85,7,98.00,1.000,11,0.012,eleve
GN2025-00476,2025-09-15,2025,9,38,Conakry,Conakry,côtier,9.54000,-13.68000,27.06,23.50,31.06,16.78,111.02,1024.56,82.71,13.81,6,96.42,0.906,14,0.016,eleve
GN2025-00477,2025-07-01,2025,7,27,Boké,Boffa,côtier,10.18000,-14.04000,27.72,23.88,31.57,10.96,40.34,272.92,65.99,6.43,6,51.42,0.498,8,0.008,moyen
GN2025-00478,2025-12-19,2025,12,51,Boké,Boké,côtier,10.94000,-14.29000,28.11,22.61,32.20,9.51,18.89,328.46,71.63,6.61,6,61.88,0.435,11,0.011,moyen
GN2025-00479,2025-02-03,2025,2,6,Boké,Fria,côtier,10.37000,-13.58000,28.38,24.48,33.91,0.44,10.03,39.86,56.04,11.82,1,35.78,0.126,0,0.000,faible
GN2025-00480,2025-11-09,2025,11,45,Boké,Gaoual,soudano-guinéen,11.75000,-13.20000,27.95,23.71,32.86,0.29,40.26,268.60,75.10,8.36,6,65.98,0.565,9,0.009,moyen
GN2025-00481,2025-07-18,2025,7,29,Boké,Koundara,soudano-guinéen,12.48000,-13.30000,28.99,24.60,33.80,9.46,22.21,103.16,76.62,3.26,6,34.28,0.525,9,0.008,faible
GN2025-00482,2025-12-18,2025,12,51,Faranah,Dabola,soudano-guinéen,10.75000,-11.11000,28.04,22.85,31.32,2.14,20.21,267.49,72.25,11.38,5,55.61,0.414,6,0.006,faible
GN2025-00483,2025-03-03,2025,3,10,Faranah,Dinguiraye,soudano-guinéen,11.30000,-10.72000,27.61,23.19,33.28,0.63,12.16,46.24,67.11,9.40,1,37.18,0.163,3,0.003,faible
GN2025-00484,2025-08-06,2025,8,32,Faranah,Faranah,soudano-guinéen,10.04000,-10.74000,27.24,22.44,32.40,57.11,164.51,460.29,77.48,6.47,5,72.04,1.000,15,0.015,eleve
GN2025-00485,2025-10-20,2025,10,43,Faranah,Kissidougou,forestier,9.18000,-10.10000,27.96,24.39,32.72,2.83,283.00,784.47,69.30,9.40,7,87.68,1.000,16,0.017,eleve
GN2025-00486,2025-07-02,2025,7,27,Kankan,Kankan,soudano-guinéen,10.39000,-9.31000,29.45,24.42,32.57,9.78,16.87,212.26,74.93,9.65,4,56.50,0.353,8,0.008,faible
GN2025-00487,2025-08-13,2025,8,33,Kankan,Kérouané,forestier,9.27000,-9.01000,27.19,22.42,30.92,28.61,87.22,556.66,76.18,8.98,6,71.20,0.743,8,0.008,eleve
GN2025-00488,2025-07-03,2025,7,27,Kankan,Kouroussa,soudano-guinéen,10.65000,-9.89000,28.57,24.65,34.35,1.31,132.86,376.43,76.09,9.39,6,73.48,0.929,12,0.012,eleve
GN2025-00489,2025-06-15,2025,6,24,Kankan,Mandiana,soudano-guinéen,10.63000,-8.68000,27.70,23.25,33.30,42.20,79.57,294.44,76.34,8.20,5,74.79,0.676,9,0.009,moyen
GN2025-00490,2025-11-07,2025,11,45,Kankan,Siguiri,soudano-guinéen,11.42000,-9.17000,30.24,27.13,35.97,0.73,17.13,160.61,75.47,7.48,5,63.27,0.415,2,0.002,faible
GN2025-00491,2025-03-17,2025,3,12,Kindia,Coyah,côtier,9.71000,-13.38000,29.20,24.61,34.75,0.50,33.48,42.87,61.00,9.20,3,39.45,0.410,4,0.004,faible
GN2025-00492,2025-01-20,2025,1,4,Kindia,Dubréka,côtier,9.79000,-13.52000,28.46,23.28,32.00,0.14,2.06,7.82,60.28,9.10,0,51.32,0.111,2,0.002,faible
GN2025-00493,2025-06-16,2025,6,25,Kindia,Forécariah,côtier,9.43000,-13.09000,28.19,23.58,31.40,2.27,184.40,555.83,75.29,5.31,6,81.08,1.000,10,0.011,eleve
GN2025-00494,2025-04-25,2025,4,17,Kindia,Kindia,côtier,10.06000,-12.87000,26.93,22.76,31.53,0.14,51.46,133.33,58.46,11.28,3,39.41,0.414,10,0.011,faible
GN2025-00495,2025-06-25,2025,6,26,Kindia,Télimélé,soudano-guinéen,10.91000,-13.04000,28.47,23.23,32.23,2.18,146.79,371.61,74.48,7.63,7,63.01,1.000,11,0.011,eleve
GN2025-00496,2025-10-16,2025,10,42,Labé,Koubia,montagneux,11.59000,-11.90000,23.12,17.61,28.28,52.99,152.27,369.38,83.18,8.46,7,55.77,1.000,5,0.005,moyen
GN2025-00497,2025-11-27,2025,11,48,Labé,Labé,montagneux,11.32000,-12.29000,24.20,20.13,27.51,18.05,96.16,409.84,77.54,6.86,7,70.53,0.928,11,0.010,moyen
GN2025-00498,2025-06-24,2025,6,26,Labé,Lélouma,montagneux,11.18000,-12.48000,24.03,19.88,29.63,17.87,46.81,317.75,73.46,6.46,5,63.79,0.562,7,0.006,faible
GN2025-00499,2025-03-21,2025,3,12,Labé,Mali,montagneux,12.08000,-12.30000,25.26,21.38,28.40,0.62,2.90,13.63,56.12,8.77,0,32.38,0.095,2,0.002,faible
GN2025-00500,2025-12-27,2025,12,52,Labé,Tougué,montagneux,11.45000,-11.67000,25.14,21.62,30.33,92.02,110.48,404.67,85.59,6.70,7,68.20,1.000,5,0.005,eleve
GN2025-00501,2025-04-15,2025,4,16,Mamou,Dalaba,montagneux,10.69000,-12.25000,25.14,20.94,30.86,0.51,2.11,47.13,55.20,7.26,0,34.65,0.067,5,0.005,faible
GN2025-00502,2025-11-07,2025,11,45,Mamou,Mamou,montagneux,10.38000,-12.09000,25.25,21.67,28.84,49.93,124.74,510.55,84.04,10.35,7,68.71,1.000,6,0.006,eleve
GN2025-00503,2025-02-14,2025,2,7,Mamou,Pita,montagneux,11.06000,-12.40000,24.02,19.24,27.14,0.26,18.15,64.88,52.19,8.86,1,40.08,0.176,0,0.000,faible
GN2025-00504,2025-12-24,2025,12,52,Nzérékoré,Beyla,forestier,8.69000,-8.65000,25.27,21.91,30.81,15.62,151.13,610.72,67.80,7.85,4,74.67,1.000,5,0.005,eleve
GN2025-00505,2025-04-23,2025,4,17,Nzérékoré,Guéckédou,forestier,8.57000,-10.13000,27.91,22.43,33.38,0.75,35.07,67.13,64.65,8.41,1,51.05,0.285,4,0.004,faible
GN2025-00506,2025-12-17,2025,12,51,Nzérékoré,Lola,forestier,7.80000,-8.53000,25.02,19.51,29.98,17.98,253.77,1247.70,75.68,7.44,7,98.00,1.000,21,0.022,eleve
GN2025-00507,2025-05-14,2025,5,20,Nzérékoré,Macenta,forestier,8.54000,-9.47000,24.87,19.83,28.30,20.23,131.58,315.01,74.88,10.87,6,64.60,0.892,15,0.016,eleve
GN2025-00508,2025-01-26,2025,1,4,Nzérékoré,Nzérékoré,forestier,7.76000,-8.82000,27.08,22.04,31.14,0.62,28.25,50.80,68.74,14.42,1,38.28,0.219,10,0.011,moyen
GN2025-00509,2025-07-31,2025,7,31,Nzérékoré,Yomou,forestier,7.56000,-9.31000,26.41,22.24,32.13,0.31,200.78,925.41,69.75,7.42,5,84.73,1.000,17,0.018,eleve
GN2025-00510,2025-11-09,2025,11,45,Conakry,Conakry,côtier,9.54000,-13.68000,27.56,23.94,32.34,13.38,104.70,1084.53,75.23,10.15,7,98.00,0.891,19,0.022,eleve
GN2025-00511,2025-03-29,2025,3,13,Boké,Boffa,côtier,10.18000,-14.04000,29.86,25.84,35.30,0.42,25.28,81.33,61.90,9.63,1,51.98,0.241,1,0.001,faible
GN2025-00512,2025-10-05,2025,10,40,Boké,Boké,côtier,10.94000,-14.29000,28.08,23.45,31.51,1.97,103.45,375.89,82.82,5.64,7,67.17,0.988,11,0.011,eleve
GN2025-00513,2025-04-16,2025,4,16,Boké,Fria,côtier,10.37000,-13.58000,27.75,22.71,30.79,0.49,36.60,93.52,57.12,9.28,1,33.01,0.323,3,0.003,faible
GN2025-00514,2025-09-27,2025,9,39,Boké,Gaoual,soudano-guinéen,11.75000,-13.20000,27.74,24.60,31.91,26.69,39.06,345.02,73.94,9.84,6,69.64,0.542,4,0.004,faible
GN2025-00515,2025-12-02,2025,12,49,Boké,Koundara,soudano-guinéen,12.48000,-13.30000,28.63,23.71,32.42,11.83,109.16,245.46,76.46,9.54,6,62.15,0.874,8,0.007,moyen
GN2025-00516,2025-11-07,2025,11,45,Faranah,Dabola,soudano-guinéen,10.75000,-11.11000,27.77,23.30,31.97,77.25,295.27,612.52,81.75,6.33,7,84.04,1.000,8,0.008,eleve
GN2025-00517,2025-03-07,2025,3,10,Faranah,Dinguiraye,soudano-guinéen,11.30000,-10.72000,29.66,25.43,33.39,0.75,11.86,46.50,60.77,14.74,1,37.94,0.158,2,0.002,faible
GN2025-00518,2025-10-29,2025,10,44,Faranah,Faranah,soudano-guinéen,10.04000,-10.74000,28.19,23.93,33.83,2.88,136.43,314.18,72.28,6.60,7,60.42,0.997,5,0.005,eleve
GN2025-00519,2025-09-17,2025,9,38,Faranah,Kissidougou,forestier,9.18000,-10.10000,26.40,20.84,30.25,1.12,186.49,731.41,74.43,5.55,7,88.90,1.000,14,0.015,eleve
GN2025-00520,2025-06-21,2025,6,25,Kankan,Kankan,soudano-guinéen,10.39000,-9.31000,29.41,24.79,34.42,1.15,66.70,282.90,69.75,11.29,7,61.80,0.692,4,0.004,moyen
GN2025-00521,2025-11-05,2025,11,45,Kankan,Kérouané,forestier,9.27000,-9.01000,27.50,22.37,32.07,2.58,137.36,669.13,74.26,5.04,5,82.19,0.892,18,0.019,eleve
GN2025-00522,2025-05-01,2025,5,18,Kankan,Kouroussa,soudano-guinéen,10.65000,-9.89000,29.51,24.98,34.02,0.74,21.58,91.27,61.67,11.79,2,40.45,0.255,5,0.005,faible
GN2025-00523,2025-01-07,2025,1,2,Kankan,Mandiana,soudano-guinéen,10.63000,-8.68000,31.24,26.30,36.84,0.08,41.79,41.79,61.05,9.32,1,43.04,0.308,4,0.004,faible
GN2025-00524,2025-05-04,2025,5,18,Kankan,Siguiri,soudano-guinéen,11.42000,-9.17000,31.38,27.70,35.96,0.64,27.36,95.34,67.54,8.19,2,44.26,0.280,4,0.004,faible
GN2025-00525,2025-07-19,2025,7,29,Kindia,Coyah,côtier,9.71000,-13.38000,27.73,22.20,32.48,0.98,185.48,682.58,75.09,4.60,5,78.18,1.000,10,0.011,eleve
GN2025-00526,2025-10-14,2025,10,42,Kindia,Dubréka,côtier,9.79000,-13.52000,28.08,24.29,32.14,33.59,142.67,838.03,79.15,8.27,5,89.91,1.000,14,0.015,eleve
GN2025-00527,2025-01-08,2025,1,2,Kindia,Forécariah,côtier,9.43000,-13.09000,28.41,24.72,33.19,0.41,3.68,4.26,48.86,13.53,0,33.86,0.113,2,0.002,faible
GN2025-00528,2025-07-27,2025,7,30,Kindia,Kindia,côtier,10.06000,-12.87000,27.63,24.30,31.34,68.09,237.23,904.76,86.32,5.12,7,97.61,1.000,11,0.012,eleve
GN2025-00529,2025-01-06,2025,1,2,Kindia,Télimélé,soudano-guinéen,10.91000,-13.04000,27.77,22.86,31.51,0.62,2.65,2.65,59.61,5.89,0,36.81,0.116,6,0.006,faible
GN2025-00530,2025-06-07,2025,6,23,Labé,Koubia,montagneux,11.59000,-11.90000,24.28,21.22,27.97,0.39,67.42,166.28,69.33,5.63,5,48.87,0.579,3,0.003,faible
GN2025-00531,2025-05-01,2025,5,18,Labé,Labé,montagneux,11.32000,-12.29000,24.82,20.29,30.28,0.05,41.02,94.66,61.62,8.09,3,42.51,0.433,8,0.008,faible
GN2025-00532,2025-05-20,2025,5,21,Labé,Lélouma,montagneux,11.18000,-12.48000,25.43,20.27,28.96,1.63,31.65,56.59,68.83,8.09,6,35.83,0.533,4,0.004,faible
GN2025-00533,2025-04-18,2025,4,16,Labé,Mali,montagneux,12.08000,-12.30000,25.52,21.85,29.44,0.45,18.86,51.18,64.54,7.23,1,50.16,0.194,7,0.006,faible
GN2025-00534,2025-08-14,2025,8,33,Labé,Tougué,montagneux,11.45000,-11.67000,24.05,19.07,27.66,19.47,104.87,288.23,78.10,14.14,7,55.81,0.929,10,0.009,moyen
GN2025-00535,2025-01-08,2025,1,2,Mamou,Dalaba,montagneux,10.69000,-12.25000,24.95,21.45,28.28,0.42,1.94,2.59,56.57,4.81,0,45.91,0.082,3,0.003,faible
GN2025-00536,2025-04-11,2025,4,15,Mamou,Mamou,montagneux,10.38000,-12.09000,25.70,20.41,31.41,0.26,14.00,56.10,58.48,5.96,1,41.44,0.247,8,0.008,faible
GN2025-00537,2025-09-16,2025,9,38,Mamou,Pita,montagneux,11.06000,-12.40000,24.62,21.29,29.45,56.63,89.06,558.48,81.02,6.45,7,82.99,0.874,6,0.006,moyen
GN2025-00538,2025-01-28,2025,1,5,Nzérékoré,Beyla,forestier,8.69000,-8.65000,27.31,22.88,32.84,0.13,23.44,55.92,56.62,10.42,1,36.42,0.266,3,0.003,faible
GN2025-00539,2025-06-03,2025,6,23,Nzérékoré,Guéckédou,forestier,8.57000,-10.13000,25.90,22.54,31.35,1.83,211.94,705.88,66.25,8.61,7,81.21,1.000,9,0.010,eleve
GN2025-00540,2025-06-30,2025,6,27,Nzérékoré,Lola,forestier,7.80000,-8.53000,25.97,20.94,30.88,41.39,364.26,959.17,77.37,6.72,7,98.00,1.000,10,0.011,eleve
GN2025-00541,2025-03-11,2025,3,11,Nzérékoré,Macenta,forestier,8.54000,-9.47000,26.71,22.71,30.08,0.79,7.23,138.87,58.38,13.35,1,37.80,0.230,9,0.010,faible
GN2025-00542,2025-06-06,2025,6,23,Nzérékoré,Nzérékoré,forestier,7.76000,-8.82000,26.36,22.34,31.73,22.72,45.85,432.44,71.85,10.61,7,75.69,0.605,12,0.013,moyen
GN2025-00543,2025-11-09,2025,11,45,Nzérékoré,Yomou,forestier,7.56000,-9.31000,26.52,22.46,31.34,2.55,120.29,922.96,77.51,9.44,7,98.00,1.000,14,0.015,eleve
GN2025-00544,2025-11-29,2025,11,48,Conakry,Conakry,côtier,9.54000,-13.68000,27.62,23.96,32.18,26.36,183.70,986.45,76.73,7.88,6,98.00,1.000,16,0.019,eleve
GN2025-00545,2025-06-15,2025,6,24,Boké,Boffa,côtier,10.18000,-14.04000,27.44,23.30,30.84,2.61,21.16,212.40,70.61,9.56,5,53.46,0.388,7,0.007,faible
GN2025-00546,2025-02-09,2025,2,6,Boké,Boké,côtier,10.94000,-14.29000,30.14,27.14,34.27,0.16,9.91,58.62,54.65,7.37,1,33.86,0.179,4,0.004,faible
GN2025-00547,2025-07-27,2025,7,30,Boké,Fria,côtier,10.37000,-13.58000,27.21,22.06,30.63,37.80,100.87,375.23,73.49,9.15,6,63.95,0.827,15,0.015,moyen
GN2025-00548,2025-11-16,2025,11,46,Boké,Gaoual,soudano-guinéen,11.75000,-13.20000,27.80,22.81,31.33,2.99,26.67,204.54,81.69,11.02,5,52.34,0.464,8,0.008,faible
GN2025-00549,2025-02-20,2025,2,8,Boké,Koundara,soudano-guinéen,12.48000,-13.30000,31.48,28.06,34.54,0.10,20.84,29.49,64.15,10.34,2,37.69,0.239,3,0.003,faible
GN2025-00550,2025-12-19,2025,12,51,Faranah,Dabola,soudano-guinéen,10.75000,-11.11000,26.97,22.79,30.68,1.49,21.57,235.78,79.49,7.22,6,63.98,0.484,6,0.006,moyen
GN2025-00551,2025-08-21,2025,8,34,Faranah,Dinguiraye,soudano-guinéen,11.30000,-10.72000,27.67,22.08,30.95,1.34,39.50,464.50,73.02,8.78,6,73.26,0.506,9,0.008,moyen
GN2025-00552,2025-07-03,2025,7,27,Faranah,Faranah,soudano-guinéen,10.04000,-10.74000,26.30,23.23,31.11,1.71,23.90,464.80,74.76,4.99,6,72.17,0.573,11,0.011,moyen
GN2025-00553,2025-04-22,2025,4,17,Faranah,Kissidougou,forestier,9.18000,-10.10000,27.44,23.39,32.09,16.62,18.55,170.09,67.40,9.95,1,51.08,0.247,6,0.006,faible
GN2025-00554,2025-01-21,2025,1,4,Kankan,Kankan,soudano-guinéen,10.39000,-9.31000,29.70,26.27,35.36,0.18,3.38,8.19,58.77,8.54,0,34.40,0.093,3,0.003,faible
GN2025-00555,2025-02-01,2025,2,5,Kankan,Kérouané,forestier,9.27000,-9.01000,29.06,24.02,33.68,0.39,8.07,19.61,56.49,14.45,1,36.63,0.204,1,0.001,faible
GN2025-00556,2025-11-27,2025,11,48,Kankan,Kouroussa,soudano-guinéen,10.65000,-9.89000,29.17,25.44,32.72,2.39,193.72,391.36,74.31,4.46,6,60.27,1.000,9,0.009,eleve
GN2025-00557,2025-08-24,2025,8,34,Kankan,Mandiana,soudano-guinéen,10.63000,-8.68000,29.98,25.06,33.88,2.14,18.93,190.73,73.46,10.23,7,41.38,0.519,1,0.001,faible
GN2025-00558,2025-06-25,2025,6,26,Kankan,Siguiri,soudano-guinéen,11.42000,-9.17000,29.51,26.46,33.99,2.95,43.75,172.79,70.99,4.95,5,47.80,0.471,6,0.006,faible
GN2025-00559,2025-10-19,2025,10,42,Kindia,Coyah,côtier,9.71000,-13.38000,25.95,22.38,31.50,8.28,116.82,1355.49,76.24,7.60,7,98.00,1.000,9,0.010,eleve
GN2025-00560,2025-12-13,2025,12,50,Kindia,Dubréka,côtier,9.79000,-13.52000,27.28,22.80,31.87,14.28,197.77,1005.32,73.99,6.61,7,98.00,1.000,8,0.009,eleve
GN2025-00561,2025-07-19,2025,7,29,Kindia,Forécariah,côtier,9.43000,-13.09000,26.77,21.82,30.29,95.56,244.61,965.91,91.91,11.79,6,98.00,1.000,17,0.018,eleve
GN2025-00562,2025-10-03,2025,10,40,Kindia,Kindia,côtier,10.06000,-12.87000,26.27,21.92,30.72,59.47,391.06,1100.22,89.20,12.56,7,98.00,1.000,18,0.019,eleve
GN2025-00563,2025-02-07,2025,2,6,Kindia,Télimélé,soudano-guinéen,10.91000,-13.04000,29.13,24.30,32.40,36.69,39.43,97.32,66.86,10.97,1,35.30,0.321,3,0.003,faible
GN2025-00564,2025-11-07,2025,11,45,Labé,Koubia,montagneux,11.59000,-11.90000,23.43,19.99,28.26,1.85,62.52,505.32,74.67,5.46,7,78.32,0.661,12,0.011,moyen
GN2025-00565,2025-02-06,2025,2,6,Labé,Labé,montagneux,11.32000,-12.29000,26.20,21.31,31.93,0.75,15.08,65.72,58.38,11.54,1,37.43,0.197,3,0.003,faible
GN2025-00566,2025-04-30,2025,4,18,Labé,Lélouma,montagneux,11.18000,-12.48000,24.18,19.35,27.45,0.26,3.52,76.14,62.52,10.22,0,45.57,0.067,4,0.004,faible
GN2025-00567,2025-05-01,2025,5,18,Labé,Mali,montagneux,12.08000,-12.30000,26.85,21.80,30.57,0.15,90.82,148.24,65.04,11.39,3,37.16,0.619,8,0.007,moyen
GN2025-00568,2025-08-09,2025,8,32,Labé,Tougué,montagneux,11.45000,-11.67000,24.34,19.50,28.17,51.91,71.13,326.95,78.68,9.26,4,59.07,0.604,4,0.004,moyen
GN2025-00569,2025-07-30,2025,7,31,Mamou,Dalaba,montagneux,10.69000,-12.25000,23.77,18.22,29.47,13.25,84.17,369.17,76.26,8.79,7,71.90,0.804,10,0.009,moyen
GN2025-00570,2025-01-07,2025,1,2,Mamou,Mamou,montagneux,10.38000,-12.09000,25.77,22.42,30.12,0.08,16.88,16.88,63.39,10.18,1,41.39,0.212,4,0.004,faible
GN2025-00571,2025-09-28,2025,9,39,Mamou,Pita,montagneux,11.06000,-12.40000,24.70,20.61,29.07,1.64,110.00,455.00,74.17,6.95,6,73.05,0.817,8,0.008,moyen
GN2025-00572,2025-01-19,2025,1,3,Nzérékoré,Beyla,forestier,8.69000,-8.65000,27.86,24.05,33.09,0.01,16.33,32.04,64.52,11.92,1,39.12,0.225,4,0.004,faible
GN2025-00573,2025-03-25,2025,3,13,Nzérékoré,Guéckédou,forestier,8.57000,-10.13000,25.90,20.37,29.45,0.27,18.45,62.30,60.29,9.13,1,41.87,0.233,7,0.008,faible
GN2025-00574,2025-05-28,2025,5,22,Nzérékoré,Lola,forestier,7.80000,-8.53000,25.27,20.99,28.97,24.38,123.40,355.47,68.89,6.57,6,70.74,0.912,14,0.015,moyen
GN2025-00575,2025-05-20,2025,5,21,Nzérékoré,Macenta,forestier,8.54000,-9.47000,25.38,21.08,29.02,0.75,79.70,362.02,65.27,12.86,6,60.39,0.769,8,0.009,moyen
GN2025-00576,2025-03-07,2025,3,10,Nzérékoré,Nzérékoré,forestier,7.76000,-8.82000,27.14,22.29,32.11,0.04,1.12,31.47,49.29,8.31,0,32.86,0.143,0,0.000,faible
GN2025-00577,2025-07-04,2025,7,27,Nzérékoré,Yomou,forestier,7.56000,-9.31000,25.16,20.62,30.88,40.62,152.83,807.04,84.37,5.60,7,90.91,1.000,14,0.015,eleve
GN2025-00578,2025-01-28,2025,1,5,Conakry,Conakry,côtier,9.54000,-13.68000,27.34,22.73,30.48,0.71,3.54,64.25,50.91,12.40,0,33.82,0.123,5,0.006,faible
GN2025-00579,2025-04-21,2025,4,17,Boké,Boffa,côtier,10.18000,-14.04000,29.08,24.92,32.90,0.08,29.79,135.71,60.08,11.32,1,46.54,0.293,5,0.005,faible
GN2025-00580,2025-03-12,2025,3,11,Boké,Boké,côtier,10.94000,-14.29000,29.38,25.05,33.62,0.46,12.81,65.79,58.37,9.18,1,44.50,0.189,6,0.006,faible
GN2025-00581,2025-01-30,2025,1,5,Boké,Fria,côtier,10.37000,-13.58000,28.57,24.75,31.90,0.66,17.49,59.45,60.18,12.43,2,45.64,0.305,3,0.003,faible
GN2025-00582,2025-02-22,2025,2,8,Boké,Gaoual,soudano-guinéen,11.75000,-13.20000,30.23,26.42,34.61,0.08,2.85,13.79,56.10,8.19,0,33.07,0.075,1,0.001,faible
GN2025-00583,2025-09-14,2025,9,37,Boké,Koundara,soudano-guinéen,12.48000,-13.30000,28.76,23.37,32.45,1.37,25.87,222.90,77.62,8.21,6,60.54,0.544,6,0.006,faible
GN2025-00584,2025-10-23,2025,10,43,Faranah,Dabola,soudano-guinéen,10.75000,-11.11000,29.18,23.91,34.19,0.29,101.83,373.58,74.88,7.19,6,62.80,0.812,7,0.007,moyen
GN2025-00585,2025-07-10,2025,7,28,Faranah,Dinguiraye,soudano-guinéen,11.30000,-10.72000,26.79,21.76,31.45,2.89,39.61,297.01,68.33,5.64,6,50.74,0.512,8,0.008,moyen
GN2025-00586,2025-01-04,2025,1,1,Faranah,Faranah,soudano-guinéen,10.04000,-10.74000,30.60,26.93,35.68,0.39,6.20,6.20,56.01,9.60,1,42.08,0.129,2,0.002,faible
GN2025-00587,2025-01-15,2025,1,3,Faranah,Kissidougou,forestier,9.18000,-10.10000,28.18,24.87,33.15,0.79,3.49,6.95,53.15,11.83,0,31.86,0.105,4,0.004,faible
GN2025-00588,2025-05-08,2025,5,19,Kankan,Kankan,soudano-guinéen,10.39000,-9.31000,29.57,25.14,32.81,36.47,46.60,72.46,65.86,7.51,3,51.16,0.390,6,0.006,faible
GN2025-00589,2025-07-16,2025,7,29,Kankan,Kérouané,forestier,9.27000,-9.01000,27.53,24.05,31.13,0.46,78.94,253.56,73.27,4.52,5,57.20,0.682,8,0.008,moyen
GN2025-00590,2025-07-03,2025,7,27,Kankan,Kouroussa,soudano-guinéen,10.65000,-9.89000,28.57,24.65,34.35,1.31,132.86,376.43,76.09,9.39,6,64.10,1.000,11,0.011,eleve
GN2025-00591,2025-04-25,2025,4,17,Kankan,Mandiana,soudano-guinéen,10.63000,-8.68000,28.04,22.85,33.47,0.76,9.09,33.48,65.57,10.92,1,45.88,0.178,3,0.003,faible
GN2025-00592,2025-06-10,2025,6,24,Kankan,Siguiri,soudano-guinéen,11.42000,-9.17000,29.42,26.31,33.35,22.43,36.79,123.87,70.50,11.18,5,50.59,0.492,5,0.005,faible
GN2025-00593,2025-05-19,2025,5,21,Kindia,Coyah,côtier,9.71000,-13.38000,28.10,24.91,31.87,5.53,15.99,199.08,65.52,12.01,6,57.52,0.410,7,0.008,faible
GN2025-00594,2025-09-01,2025,9,36,Kindia,Dubréka,côtier,9.79000,-13.52000,28.38,22.89,32.43,0.23,140.93,1033.76,81.73,5.29,5,98.00,0.953,18,0.020,eleve
GN2025-00595,2025-05-25,2025,5,21,Kindia,Forécariah,côtier,9.43000,-13.09000,27.23,22.41,31.79,1.32,127.76,404.31,63.86,11.40,6,66.23,0.877,14,0.015,eleve
GN2025-00596,2025-08-31,2025,8,35,Kindia,Kindia,côtier,10.06000,-12.87000,26.87,21.33,31.16,2.55,127.39,749.40,72.91,9.04,6,88.09,0.950,9,0.010,eleve
GN2025-00597,2025-01-10,2025,1,2,Kindia,Télimélé,soudano-guinéen,10.91000,-13.04000,30.01,25.05,33.52,0.62,23.08,24.26,60.29,8.57,1,46.55,0.193,3,0.003,faible
GN2025-00598,2025-06-07,2025,6,23,Labé,Koubia,montagneux,11.59000,-11.90000,24.28,21.22,27.97,0.39,67.42,166.28,69.33,5.63,5,53.38,0.641,6,0.005,faible
GN2025-00599,2025-01-12,2025,1,2,Labé,Labé,montagneux,11.32000,-12.29000,25.81,20.23,29.44,0.17,1.81,8.83,57.54,10.82,0,30.34,0.107,4,0.004,faible
GN2025-00600,2025-05-07,2025,5,19,Labé,Lélouma,montagneux,11.18000,-12.48000,25.17,19.84,30.45,2.60,12.03,55.94,63.62,10.98,4,46.19,0.317,6,0.006,faible
GN2025-00601,2025-04-03,2025,4,14,Labé,Mali,montagneux,12.08000,-12.30000,25.27,19.73,29.73,3.42,7.19,20.15,64.25,12.71,2,44.36,0.217,2,0.002,faible
GN2025-00602,2025-01-24,2025,1,4,Labé,Tougué,montagneux,11.45000,-11.67000,27.31,23.30,32.86,0.63,2.93,67.99,60.43,13.07,0,54.22,0.078,4,0.004,faible
GN2025-00603,2025-10-01,2025,10,40,Mamou,Dalaba,montagneux,10.69000,-12.25000,24.52,19.54,29.13,46.76,177.55,656.32,79.39,7.60,6,80.74,1.000,12,0.011,eleve
GN2025-00604,2025-01-14,2025,1,3,Mamou,Mamou,montagneux,10.38000,-12.09000,26.34,22.15,32.10,0.01,6.76,23.64,64.03,11.14,1,41.02,0.143,8,0.008,faible
GN2025-00605,2025-06-27,2025,6,26,Mamou,Pita,montagneux,11.06000,-12.40000,25.17,22.13,29.78,2.87,180.75,429.75,76.23,11.61,7,69.73,1.000,13,0.012,eleve
GN2025-00606,2025-05-03,2025,5,18,Nzérékoré,Beyla,forestier,8.69000,-8.65000,27.58,24.28,33.16,0.07,34.00,159.30,59.74,11.14,1,50.32,0.199,5,0.005,faible
GN2025-00607,2025-09-06,2025,9,36,Nzérékoré,Guéckédou,forestier,8.57000,-10.13000,25.47,21.15,31.11,1.85,146.80,706.25,73.76,8.34,7,85.02,1.000,10,0.011,eleve
GN2025-00608,2025-05-22,2025,5,21,Nzérékoré,Lola,forestier,7.80000,-8.53000,25.47,22.30,29.92,20.33,115.88,381.50,70.02,6.71,6,61.13,0.900,9,0.010,moyen
GN2025-00609,2025-08-10,2025,8,32,Nzérékoré,Macenta,forestier,8.54000,-9.47000,23.70,20.07,27.87,57.22,382.39,1507.47,76.55,8.64,7,98.00,1.000,13,0.014,eleve
GN2025-00610,2025-12-06,2025,12,49,Nzérékoré,Nzérékoré,forestier,7.76000,-8.82000,25.06,20.13,28.86,88.33,184.01,677.47,82.72,4.98,6,89.77,1.000,18,0.020,eleve
GN2025-00611,2025-10-08,2025,10,41,Nzérékoré,Yomou,forestier,7.56000,-9.31000,24.94,21.80,29.32,30.07,284.78,1188.59,80.44,5.77,6,98.00,1.000,18,0.019,eleve
GN2025-00612,2025-02-04,2025,2,6,Conakry,Conakry,côtier,9.54000,-13.68000,28.43,23.22,31.63,0.53,2.00,65.02,57.36,7.49,0,38.49,0.125,6,0.007,faible
GN2025-00613,2025-11-24,2025,11,48,Boké,Boffa,côtier,10.18000,-14.04000,27.68,22.44,31.84,0.12,94.68,646.68,73.23,6.49,5,73.63,0.673,9,0.009,eleve
GN2025-00614,2025-06-20,2025,6,25,Boké,Boké,côtier,10.94000,-14.29000,26.25,20.90,31.13,1.36,66.05,347.95,72.91,10.27,6,51.64,0.586,13,0.013,moyen
GN2025-00615,2025-09-28,2025,9,39,Boké,Fria,côtier,10.37000,-13.58000,26.19,20.66,29.91,17.82,56.93,429.89,77.02,7.24,5,73.97,0.593,9,0.009,moyen
GN2025-00616,2025-10-26,2025,10,43,Boké,Gaoual,soudano-guinéen,11.75000,-13.20000,29.55,25.50,34.93,1.11,29.19,326.96,78.34,8.27,7,63.04,0.593,6,0.006,faible
GN2025-00617,2025-03-03,2025,3,10,Boké,Koundara,soudano-guinéen,12.48000,-13.30000,30.33,25.41,34.44,0.36,3.41,36.57,57.09,12.15,0,41.18,0.130,4,0.004,faible
GN2025-00618,2025-08-23,2025,8,34,Faranah,Dabola,soudano-guinéen,10.75000,-11.11000,27.41,21.97,31.92,0.45,102.57,266.04,75.10,5.03,5,65.04,0.817,15,0.014,moyen
GN2025-00619,2025-10-03,2025,10,40,Faranah,Dinguiraye,soudano-guinéen,11.30000,-10.72000,27.31,23.98,32.45,2.23,53.60,296.20,74.64,7.22,6,62.26,0.634,9,0.008,moyen
GN2025-00620,2025-10-11,2025,10,41,Faranah,Faranah,soudano-guinéen,10.04000,-10.74000,26.98,23.37,30.44,7.80,70.78,501.61,72.15,5.85,6,73.86,0.666,17,0.017,moyen
GN2025-00621,2025-12-11,2025,12,50,Faranah,Kissidougou,forestier,9.18000,-10.10000,27.09,22.32,32.43,33.64,207.21,807.55,79.27,6.03,4,95.34,1.000,17,0.018,eleve
GN2025-00622,2025-11-29,2025,11,48,Kankan,Kankan,soudano-guinéen,10.39000,-9.31000,29.94,25.95,33.46,1.61,19.72,185.65,77.70,7.39,7,47.15,0.599,9,0.009,moyen
GN2025-00623,2025-12-05,2025,12,49,Kankan,Kérouané,forestier,9.27000,-9.01000,27.86,23.88,33.30,18.38,115.45,741.38,73.46,8.79,6,90.42,0.865,13,0.013,eleve
GN2025-00624,2025-03-13,2025,3,11,Kankan,Kouroussa,soudano-guinéen,10.65000,-9.89000,29.97,25.62,34.64,0.56,3.07,25.15,59.46,9.43,0,39.83,0.063,1,0.001,faible
GN2025-00625,2025-01-11,2025,1,2,Kankan,Mandiana,soudano-guinéen,10.63000,-8.68000,28.77,25.21,32.94,0.22,42.17,43.68,51.77,7.95,1,38.50,0.322,5,0.005,faible
GN2025-00626,2025-12-20,2025,12,51,Kankan,Siguiri,soudano-guinéen,11.42000,-9.17000,29.61,24.25,34.09,2.63,11.44,73.75,75.04,8.11,5,54.77,0.370,5,0.005,faible
GN2025-00627,2025-01-20,2025,1,4,Kindia,Coyah,côtier,9.71000,-13.38000,30.43,26.60,33.70,0.33,30.29,37.15,50.50,5.78,1,32.19,0.294,1,0.001,faible
GN2025-00628,2025-02-26,2025,2,9,Kindia,Dubréka,côtier,9.79000,-13.52000,28.69,23.62,34.02,0.40,2.59,91.88,57.56,7.88,0,43.79,0.120,1,0.001,faible
GN2025-00629,2025-08-13,2025,8,33,Kindia,Forécariah,côtier,9.43000,-13.09000,25.90,21.97,29.50,20.13,70.65,1067.81,79.17,10.33,6,98.00,0.708,10,0.011,eleve
GN2025-00630,2025-08-28,2025,8,35,Kindia,Kindia,côtier,10.06000,-12.87000,26.17,22.53,30.87,0.05,222.83,721.57,75.03,6.73,6,84.29,1.000,11,0.012,eleve
GN2025-00631,2025-05-01,2025,5,18,Kindia,Télimélé,soudano-guinéen,10.91000,-13.04000,28.04,24.97,31.31,0.11,2.16,107.28,64.74,13.32,0,48.67,0.095,6,0.006,faible
GN2025-00632,2025-09-18,2025,9,38,Labé,Koubia,montagneux,11.59000,-11.90000,24.29,20.54,30.04,0.72,68.58,675.83,78.60,8.43,4,77.98,0.645,8,0.007,moyen
GN2025-00633,2025-04-24,2025,4,17,Labé,Labé,montagneux,11.32000,-12.29000,24.48,21.28,28.15,0.27,11.87,57.13,66.55,12.83,1,34.85,0.217,3,0.003,faible
GN2025-00634,2025-04-02,2025,4,14,Labé,Lélouma,montagneux,11.18000,-12.48000,24.30,20.06,29.66,0.71,47.64,79.60,63.42,10.10,2,39.51,0.285,4,0.004,faible
GN2025-00635,2025-11-01,2025,11,44,Labé,Mali,montagneux,12.08000,-12.30000,24.44,19.19,29.58,2.88,22.89,270.11,77.56,4.95,6,55.69,0.478,3,0.003,faible
GN2025-00636,2025-04-29,2025,4,18,Labé,Tougué,montagneux,11.45000,-11.67000,24.96,20.77,29.57,0.39,2.62,58.86,62.56,8.85,0,40.20,0.164,3,0.003,faible
GN2025-00637,2025-05-07,2025,5,19,Mamou,Dalaba,montagneux,10.69000,-12.25000,24.03,19.76,27.22,1.18,60.77,105.37,66.76,7.50,4,50.68,0.515,2,0.002,faible
GN2025-00638,2025-04-04,2025,4,14,Mamou,Mamou,montagneux,10.38000,-12.09000,26.90,22.85,30.23,14.60,17.48,58.87,57.64,11.61,1,37.56,0.251,4,0.004,faible
GN2025-00639,2025-01-08,2025,1,2,Mamou,Pita,montagneux,11.06000,-12.40000,25.82,21.58,31.20,0.29,19.94,20.11,48.43,10.53,1,36.81,0.153,3,0.003,faible
GN2025-00640,2025-12-22,2025,12,52,Nzérékoré,Beyla,forestier,8.69000,-8.65000,24.94,20.26,28.60,0.84,152.91,566.71,73.22,5.73,4,80.71,0.885,8,0.008,eleve
GN2025-00641,2025-04-20,2025,4,16,Nzérékoré,Guéckédou,forestier,8.57000,-10.13000,26.68,23.18,30.48,0.34,34.86,67.29,66.82,9.07,1,45.18,0.265,6,0.007,faible
GN2025-00642,2025-09-21,2025,9,38,Nzérékoré,Lola,forestier,7.80000,-8.53000,25.34,21.49,28.68,18.34,479.00,1504.56,80.15,8.45,5,98.00,1.000,12,0.013,eleve
GN2025-00643,2025-03-27,2025,3,13,Nzérékoré,Macenta,forestier,8.54000,-9.47000,26.72,23.58,30.67,0.44,15.18,77.88,59.42,11.02,1,49.93,0.263,5,0.005,faible
GN2025-00644,2025-01-01,2025,1,1,Nzérékoré,Nzérékoré,forestier,7.76000,-8.82000,27.18,21.65,31.17,0.78,0.78,0.78,58.20,11.93,0,30.51,0.134,4,0.004,faible
GN2025-00645,2025-03-24,2025,3,13,Nzérékoré,Yomou,forestier,7.56000,-9.31000,27.71,24.68,33.44,0.67,96.40,174.07,50.24,18.20,3,42.52,0.636,16,0.017,moyen
GN2025-00646,2025-01-30,2025,1,5,Conakry,Conakry,côtier,9.54000,-13.68000,27.94,23.10,31.38,0.05,2.75,64.33,60.21,11.21,0,38.52,0.051,3,0.003,faible
GN2025-00647,2025-12-06,2025,12,49,Boké,Boffa,côtier,10.18000,-14.04000,27.71,24.70,31.50,0.41,163.78,659.28,73.86,9.57,6,79.03,1.000,17,0.018,eleve
GN2025-00648,2025-09-24,2025,9,39,Boké,Boké,côtier,10.94000,-14.29000,27.19,23.67,31.62,6.29,169.81,401.91,79.32,7.38,5,59.77,1.000,9,0.009,eleve
GN2025-00649,2025-01-08,2025,1,2,Boké,Fria,côtier,10.37000,-13.58000,28.70,23.21,32.63,0.72,33.68,33.91,59.14,8.60,2,41.26,0.308,7,0.007,faible
GN2025-00650,2025-04-08,2025,4,15,Boké,Gaoual,soudano-guinéen,11.75000,-13.20000,29.03,23.87,33.52,0.61,6.44,81.15,63.74,12.53,1,39.44,0.089,4,0.004,faible
GN2025-00651,2025-09-19,2025,9,38,Boké,Koundara,soudano-guinéen,12.48000,-13.30000,30.13,27.03,33.61,9.93,30.16,148.28,76.63,9.72,6,56.43,0.510,2,0.002,faible
GN2025-00652,2025-06-26,2025,6,26,Faranah,Dabola,soudano-guinéen,10.75000,-11.11000,28.74,25.38,33.01,7.88,24.90,172.69,70.08,8.71,4,59.51,0.392,3,0.003,faible
GN2025-00653,2025-12-26,2025,12,52,Faranah,Dinguiraye,soudano-guinéen,11.30000,-10.72000,26.79,21.74,29.89,16.92,112.13,260.88,70.59,9.01,6,55.35,0.838,5,0.005,moyen
GN2025-00654,2025-01-31,2025,1,5,Faranah,Faranah,soudano-guinéen,10.04000,-10.74000,29.98,26.24,33.48,0.42,1.82,49.30,56.06,9.79,0,32.47,0.141,3,0.003,faible
GN2025-00655,2025-11-11,2025,11,46,Faranah,Kissidougou,forestier,9.18000,-10.10000,25.95,22.83,31.18,23.14,242.48,928.55,81.66,8.08,7,98.00,1.000,10,0.011,eleve
GN2025-00656,2025-04-17,2025,4,16,Kankan,Kankan,soudano-guinéen,10.39000,-9.31000,29.08,25.86,33.05,0.56,3.48,37.40,59.92,8.53,0,44.30,0.117,2,0.002,faible
GN2025-00657,2025-12-20,2025,12,51,Kankan,Kérouané,forestier,9.27000,-9.01000,26.80,21.96,31.79,54.74,280.73,694.84,84.24,8.22,7,78.15,1.000,16,0.016,eleve
GN2025-00658,2025-05-30,2025,5,22,Kankan,Kouroussa,soudano-guinéen,10.65000,-9.89000,27.41,22.93,31.82,2.49,16.86,83.35,70.77,12.13,2,49.99,0.223,11,0.011,faible
GN2025-00659,2025-01-22,2025,1,4,Kankan,Mandiana,soudano-guinéen,10.63000,-8.68000,30.47,25.83,35.26,0.02,9.86,54.95,61.18,11.99,1,39.73,0.186,1,0.001,faible
GN2025-00660,2025-04-13,2025,4,15,Kankan,Siguiri,soudano-guinéen,11.42000,-9.17000,30.43,24.92,34.93,0.43,28.92,53.38,64.50,8.02,1,37.71,0.248,4,0.004,faible
GN2025-00661,2025-11-16,2025,11,46,Kindia,Coyah,côtier,9.71000,-13.38000,27.12,24.02,32.47,4.70,176.32,645.59,79.19,12.51,7,85.21,1.000,14,0.016,eleve
GN2025-00662,2025-04-24,2025,4,17,Kindia,Dubréka,côtier,9.79000,-13.52000,28.87,24.93,32.92,0.76,65.99,214.51,62.41,9.56,2,53.48,0.479,6,0.007,moyen
GN2025-00663,2025-08-09,2025,8,32,Kindia,Forécariah,côtier,9.43000,-13.09000,27.80,23.12,31.16,4.32,227.41,1210.10,72.90,7.71,6,98.00,1.000,26,0.028,eleve
GN2025-00664,2025-10-24,2025,10,43,Kindia,Kindia,côtier,10.06000,-12.87000,26.07,22.91,30.13,12.10,290.23,1043.63,80.20,5.67,6,94.91,1.000,13,0.014,eleve
GN2025-00665,2025-02-11,2025,2,7,Kindia,Télimélé,soudano-guinéen,10.91000,-13.04000,29.77,26.39,35.26,0.11,40.50,78.97,53.12,13.91,2,35.75,0.385,3,0.003,faible
GN2025-00666,2025-06-09,2025,6,24,Labé,Koubia,montagneux,11.59000,-11.90000,24.68,21.49,28.87,3.60,57.03,169.93,68.48,10.55,5,46.33,0.527,7,0.006,faible
GN2025-00667,2025-09-16,2025,9,38,Labé,Labé,montagneux,11.32000,-12.29000,23.53,20.08,29.03,74.86,199.24,646.67,89.44,5.67,7,77.37,1.000,9,0.008,eleve
GN2025-00668,2025-12-29,2025,12,1,Labé,Lélouma,montagneux,11.18000,-12.48000,23.35,18.64,27.23,0.94,46.57,446.17,72.67,9.61,5,67.18,0.584,7,0.006,faible
GN2025-00669,2025-07-22,2025,7,30,Labé,Mali,montagneux,12.08000,-12.30000,23.25,17.78,28.02,0.51,122.47,397.46,79.47,7.01,5,70.61,0.903,7,0.006,moyen
GN2025-00670,2025-08-26,2025,8,35,Labé,Tougué,montagneux,11.45000,-11.67000,24.60,20.39,29.83,23.13,116.46,381.76,72.27,6.20,6,63.10,0.934,8,0.007,moyen
GN2025-00671,2025-08-02,2025,8,31,Mamou,Dalaba,montagneux,10.69000,-12.25000,23.10,17.92,28.27,1.82,118.99,406.28,76.06,5.48,6,62.55,0.974,5,0.005,moyen
GN2025-00672,2025-02-09,2025,2,6,Mamou,Mamou,montagneux,10.38000,-12.09000,26.63,23.45,31.01,0.14,2.17,48.87,55.50,7.94,0,38.66,0.090,1,0.001,faible
GN2025-00673,2025-06-10,2025,6,24,Mamou,Pita,montagneux,11.06000,-12.40000,25.18,19.92,29.51,0.85,117.49,244.82,77.65,13.30,5,47.43,0.886,11,0.010,moyen
GN2025-00674,2025-01-02,2025,1,1,Nzérékoré,Beyla,forestier,8.69000,-8.65000,27.65,24.51,33.24,0.77,1.47,1.47,62.30,9.07,0,50.16,0.083,4,0.004,faible
GN2025-00675,2025-10-14,2025,10,42,Nzérékoré,Guéckédou,forestier,8.57000,-10.13000,26.43,23.17,31.73,2.17,51.99,940.63,75.63,5.97,7,98.00,0.623,9,0.010,eleve
GN2025-00676,2025-08-23,2025,8,34,Nzérékoré,Lola,forestier,7.80000,-8.53000,24.13,18.83,29.76,11.12,73.76,784.90,79.08,9.56,6,88.88,0.735,8,0.008,moyen
GN2025-00677,2025-08-03,2025,8,31,Nzérékoré,Macenta,forestier,8.54000,-9.47000,25.12,21.29,30.30,71.94,328.35,1457.71,89.88,13.84,7,98.00,1.000,19,0.021,eleve
GN2025-00678,2025-03-19,2025,3,12,Nzérékoré,Nzérékoré,forestier,7.76000,-8.82000,26.89,23.37,32.34,0.10,2.36,9.92,60.27,16.12,0,30.16,0.088,3,0.003,faible
GN2025-00679,2025-09-06,2025,9,36,Nzérékoré,Yomou,forestier,7.56000,-9.31000,26.43,22.58,30.12,48.12,337.58,1415.63,77.98,7.83,7,98.00,1.000,11,0.012,eleve
GN2025-00680,2025-11-17,2025,11,47,Conakry,Conakry,côtier,9.54000,-13.68000,26.90,23.67,31.70,139.01,328.35,1276.63,88.58,2.73,7,98.00,1.000,10,0.012,eleve
GN2025-00681,2025-11-09,2025,11,45,Boké,Boffa,côtier,10.18000,-14.04000,27.98,23.71,33.25,0.28,143.29,580.46,81.16,10.84,4,76.30,1.000,10,0.010,eleve
GN2025-00682,2025-10-27,2025,10,44,Boké,Boké,côtier,10.94000,-14.29000,27.63,22.71,31.22,0.56,90.50,415.53,78.72,8.97,5,63.92,0.792,11,0.011,eleve
GN2025-00683,2025-07-08,2025,7,28,Boké,Fria,côtier,10.37000,-13.58000,27.95,22.72,33.29,2.21,217.16,592.07,70.68,8.21,6,75.23,1.000,11,0.011,eleve
GN2025-00684,2025-03-06,2025,3,10,Boké,Gaoual,soudano-guinéen,11.75000,-13.20000,30.11,27.11,34.15,0.71,6.64,18.22,58.02,9.16,1,25.49,0.126,1,0.001,faible
GN2025-00685,2025-05-06,2025,5,19,Boké,Koundara,soudano-guinéen,12.48000,-13.30000,29.23,25.28,33.11,0.63,21.58,61.74,72.89,13.45,3,46.69,0.336,4,0.004,faible
GN2025-00686,2025-12-14,2025,12,50,Faranah,Dabola,soudano-guinéen,10.75000,-11.11000,28.33,25.21,32.18,2.40,37.66,295.36,74.22,9.63,5,60.41,0.451,8,0.008,faible
GN2025-00687,2025-11-12,2025,11,46,Faranah,Dinguiraye,soudano-guinéen,11.30000,-10.72000,26.84,23.23,30.41,2.99,62.65,293.26,68.86,10.11,7,61.30,0.705,8,0.008,moyen
GN2025-00688,2025-02-17,2025,2,8,Faranah,Faranah,soudano-guinéen,10.04000,-10.74000,28.77,24.89,31.88,0.37,2.29,31.69,52.44,12.90,0,29.33,0.076,2,0.002,faible
GN2025-00689,2025-08-26,2025,8,35,Faranah,Kissidougou,forestier,9.18000,-10.10000,26.91,22.67,31.53,0.60,108.10,881.99,69.79,7.62,5,91.69,0.824,7,0.007,eleve
GN2025-00690,2025-12-27,2025,12,52,Kankan,Kankan,soudano-guinéen,10.39000,-9.31000,28.31,23.17,34.02,34.52,75.06,426.45,77.12,9.69,6,69.13,0.716,9,0.009,moyen
GN2025-00691,2025-05-22,2025,5,21,Kankan,Kérouané,forestier,9.27000,-9.01000,28.69,23.34,33.30,0.87,63.25,217.55,68.53,11.24,4,43.45,0.540,8,0.008,moyen
GN2025-00692,2025-01-11,2025,1,2,Kankan,Kouroussa,soudano-guinéen,10.65000,-9.89000,29.74,24.92,33.77,0.42,5.01,7.04,56.13,8.93,1,40.88,0.155,1,0.001,faible
GN2025-00693,2025-09-21,2025,9,38,Kankan,Mandiana,soudano-guinéen,10.63000,-8.68000,27.98,24.03,31.83,17.17,113.57,352.24,79.10,8.38,7,64.84,0.962,6,0.006,eleve
GN2025-00694,2025-08-27,2025,8,35,Kankan,Siguiri,soudano-guinéen,11.42000,-9.17000,29.65,24.93,33.43,1.00,45.96,169.62,76.21,7.49,6,58.83,0.536,10,0.009,faible
GN2025-00695,2025-05-31,2025,5,22,Kindia,Coyah,côtier,9.71000,-13.38000,27.69,22.80,32.11,1.39,34.45,147.61,66.69,7.61,5,48.13,0.463,6,0.007,moyen
GN2025-00696,2025-10-02,2025,10,40,Kindia,Dubréka,côtier,9.79000,-13.52000,27.93,22.61,31.82,11.91,176.87,850.17,77.37,7.26,6,96.78,1.000,19,0.021,eleve
GN2025-00697,2025-05-07,2025,5,19,Kindia,Forécariah,côtier,9.43000,-13.09000,29.39,25.95,33.35,59.29,74.80,414.03,76.34,13.32,4,65.57,0.653,8,0.009,moyen
GN2025-00698,2025-08-09,2025,8,32,Kindia,Kindia,côtier,10.06000,-12.87000,26.83,23.78,29.85,23.41,256.19,1018.59,73.55,8.02,7,98.00,1.000,13,0.014,eleve
GN2025-00699,2025-08-29,2025,8,35,Kindia,Télimélé,soudano-guinéen,10.91000,-13.04000,27.48,23.68,33.08,23.57,92.40,463.44,73.52,5.31,7,59.94,0.805,5,0.005,moyen
GN2025-00700,2025-03-05,2025,3,10,Labé,Koubia,montagneux,11.59000,-11.90000,24.76,21.38,27.88,0.39,23.43,73.96,59.93,9.94,1,39.58,0.219,3,0.003,faible
GN2025-00701,2025-06-15,2025,6,24,Labé,Labé,montagneux,11.32000,-12.29000,25.17,20.39,28.39,2.67,62.87,392.67,68.75,10.03,7,63.76,0.660,13,0.012,moyen
GN2025-00702,2025-01-01,2025,1,1,Labé,Lélouma,montagneux,11.18000,-12.48000,23.88,18.65,29.12,0.50,0.50,0.50,56.56,12.03,0,40.09,0.081,2,0.002,faible
GN2025-00703,2025-11-18,2025,11,47,Labé,Mali,montagneux,12.08000,-12.30000,25.47,20.73,30.96,0.80,80.50,342.27,72.06,9.00,5,61.95,0.667,15,0.013,moyen
GN2025-00704,2025-12-31,2025,12,1,Labé,Tougué,montagneux,11.45000,-11.67000,24.55,21.54,28.40,4.22,141.40,426.31,68.48,6.67,6,54.11,1.000,8,0.007,moyen
GN2025-00705,2025-03-21,2025,3,12,Mamou,Dalaba,montagneux,10.69000,-12.25000,25.64,21.95,30.82,0.57,9.93,19.89,63.81,13.75,1,33.89,0.167,3,0.003,faible
GN2025-00706,2025-06-13,2025,6,24,Mamou,Mamou,montagneux,10.38000,-12.09000,25.17,21.61,29.36,0.00,46.40,176.74,68.85,6.53,4,53.52,0.490,2,0.002,faible
GN2025-00707,2025-01-09,2025,1,2,Mamou,Pita,montagneux,11.06000,-12.40000,25.73,20.47,29.29,0.30,19.91,20.42,61.18,9.59,1,38.09,0.179,2,0.002,faible
GN2025-00708,2025-06-05,2025,6,23,Nzérékoré,Beyla,forestier,8.69000,-8.65000,27.00,22.32,32.56,2.32,50.62,390.58,72.12,9.74,6,62.99,0.577,13,0.013,moyen
GN2025-00709,2025-09-07,2025,9,36,Nzérékoré,Guéckédou,forestier,8.57000,-10.13000,24.80,21.17,28.89,3.59,148.89,669.62,74.63,5.30,7,74.57,1.000,8,0.009,eleve
GN2025-00710,2025-12-26,2025,12,52,Nzérékoré,Lola,forestier,7.80000,-8.53000,23.78,20.48,29.29,2.65,254.89,1143.70,74.53,5.54,7,98.00,1.000,16,0.017,eleve
GN2025-00711,2025-05-17,2025,5,20,Nzérékoré,Macenta,forestier,8.54000,-9.47000,26.46,21.73,29.89,25.70,140.68,341.44,66.64,8.33,7,59.42,1.000,8,0.009,eleve
GN2025-00712,2025-05-19,2025,5,21,Nzérékoré,Nzérékoré,forestier,7.76000,-8.82000,25.75,21.03,30.13,25.79,123.41,393.71,68.51,7.27,7,67.96,0.983,8,0.009,eleve
GN2025-00713,2025-12-25,2025,12,52,Nzérékoré,Yomou,forestier,7.56000,-9.31000,26.41,21.09,31.98,143.89,323.44,1260.37,90.03,7.70,6,98.00,1.000,15,0.016,eleve
GN2025-00714,2025-07-25,2025,7,30,Conakry,Conakry,côtier,9.54000,-13.68000,27.22,22.28,32.78,3.78,141.42,796.63,76.54,8.69,5,88.89,0.968,16,0.019,eleve
GN2025-00715,2025-12-18,2025,12,51,Boké,Boffa,côtier,10.18000,-14.04000,28.41,24.93,31.93,29.71,150.59,478.10,79.69,8.79,7,73.63,1.000,15,0.016,eleve
GN2025-00716,2025-10-26,2025,10,43,Boké,Boké,côtier,10.94000,-14.29000,27.90,22.49,31.77,16.57,104.34,421.98,70.50,6.14,6,68.37,0.821,5,0.005,eleve
GN2025-00717,2025-12-05,2025,12,49,Boké,Fria,côtier,10.37000,-13.58000,28.66,25.52,32.70,19.93,74.43,517.32,84.40,9.27,7,78.17,0.811,8,0.008,eleve
GN2025-00718,2025-02-16,2025,2,7,Boké,Gaoual,soudano-guinéen,11.75000,-13.20000,30.28,24.72,35.97,0.39,2.47,28.85,55.45,13.72,0,37.26,0.055,3,0.003,faible
GN2025-00719,2025-12-23,2025,12,52,Boké,Koundara,soudano-guinéen,12.48000,-13.30000,28.81,24.44,31.88,2.64,82.00,372.51,66.30,7.00,6,57.34,0.706,6,0.006,moyen
GN2025-00720,2025-02-01,2025,2,5,Faranah,Dabola,soudano-guinéen,10.75000,-11.11000,28.89,24.27,33.13,0.48,3.20,11.63,58.79,12.35,0,32.87,0.034,1,0.001,faible
GN2025-00721,2025-04-02,2025,4,14,Faranah,Dinguiraye,soudano-guinéen,11.30000,-10.72000,27.77,23.03,31.62,0.67,2.76,35.70,55.87,11.54,0,35.40,0.083,2,0.002,faible
GN2025-00722,2025-05-29,2025,5,22,Faranah,Faranah,soudano-guinéen,10.04000,-10.74000,28.76,25.30,33.80,1.28,36.68,289.76,61.76,7.46,4,55.99,0.397,8,0.008,faible
GN2025-00723,2025-05-31,2025,5,22,Faranah,Kissidougou,forestier,9.18000,-10.10000,26.43,21.10,30.20,1.03,134.53,327.94,70.21,10.30,5,57.00,0.951,14,0.015,eleve
GN2025-00724,2025-07-12,2025,7,28,Kankan,Kankan,soudano-guinéen,10.39000,-9.31000,29.16,23.58,33.51,0.05,76.99,277.43,76.89,10.89,5,61.49,0.683,7,0.007,moyen
GN2025-00725,2025-10-13,2025,10,42,Kankan,Kérouané,forestier,9.27000,-9.01000,26.17,20.97,29.84,0.69,214.19,690.29,75.94,11.09,6,82.23,1.000,16,0.016,eleve
GN2025-00726,2025-03-29,2025,3,13,Kankan,Kouroussa,soudano-guinéen,10.65000,-9.89000,29.32,24.30,34.54,8.14,14.06,39.49,59.51,7.25,2,36.21,0.188,2,0.002,faible
GN2025-00727,2025-11-25,2025,11,48,Kankan,Mandiana,soudano-guinéen,10.63000,-8.68000,28.87,23.60,32.38,2.46,119.28,326.39,72.65,9.34,5,59.66,0.924,7,0.007,moyen
GN2025-00728,2025-08-05,2025,8,32,Kankan,Siguiri,soudano-guinéen,11.42000,-9.17000,30.12,27.06,33.80,24.24,57.07,189.30,78.25,9.35,4,56.43,0.617,11,0.010,faible
GN2025-00729,2025-07-22,2025,7,30,Kindia,Coyah,côtier,9.71000,-13.38000,27.44,24.01,31.41,8.54,204.89,725.71,79.95,9.68,5,84.40,1.000,10,0.011,eleve
GN2025-00730,2025-07-08,2025,7,28,Kindia,Dubréka,côtier,9.79000,-13.52000,26.19,22.48,31.29,17.97,126.50,679.54,77.06,8.88,7,87.53,1.000,17,0.019,eleve
GN2025-00731,2025-08-09,2025,8,32,Kindia,Forécariah,côtier,9.43000,-13.09000,27.80,23.12,31.16,4.32,227.41,1210.10,72.90,7.71,6,98.00,1.000,10,0.011,eleve
GN2025-00732,2025-05-25,2025,5,21,Kindia,Kindia,côtier,10.06000,-12.87000,27.45,24.38,32.14,0.31,39.37,331.92,60.92,5.99,4,55.34,0.450,4,0.004,faible
GN2025-00733,2025-06-21,2025,6,25,Kindia,Télimélé,soudano-guinéen,10.91000,-13.04000,26.81,21.74,31.26,27.97,80.88,305.81,76.43,8.10,7,60.63,0.831,9,0.009,moyen
GN2025-00734,2025-05-27,2025,5,22,Labé,Koubia,montagneux,11.59000,-11.90000,24.37,19.44,28.60,22.08,73.18,163.17,68.19,10.26,6,48.92,0.678,10,0.009,moyen
GN2025-00735,2025-04-16,2025,4,16,Labé,Labé,montagneux,11.32000,-12.29000,25.20,21.47,30.60,0.33,1.76,71.81,56.86,13.36,0,42.83,0.140,7,0.007,faible
GN2025-00736,2025-04-19,2025,4,16,Labé,Lélouma,montagneux,11.18000,-12.48000,24.38,20.69,28.37,0.54,25.94,115.84,55.17,8.26,2,45.37,0.331,4,0.004,faible
GN2025-00737,2025-05-17,2025,5,20,Labé,Mali,montagneux,12.08000,-12.30000,24.79,20.63,28.76,2.06,44.73,231.77,72.41,10.08,5,57.92,0.583,10,0.009,faible
GN2025-00738,2025-06-25,2025,6,26,Labé,Tougué,montagneux,11.45000,-11.67000,26.29,22.80,30.47,13.00,60.64,299.70,74.26,6.46,7,57.66,0.703,9,0.008,moyen
GN2025-00739,2025-12-04,2025,12,49,Mamou,Dalaba,montagneux,10.69000,-12.25000,25.57,21.05,31.21,65.56,191.24,662.03,93.18,11.01,6,97.44,1.000,12,0.011,eleve
GN2025-00740,2025-10-17,2025,10,42,Mamou,Mamou,montagneux,10.38000,-12.09000,24.93,21.84,30.67,48.41,151.76,607.16,75.69,8.33,6,75.62,1.000,8,0.008,eleve
GN2025-00741,2025-07-27,2025,7,30,Mamou,Pita,montagneux,11.06000,-12.40000,25.20,20.99,29.43,3.60,254.31,547.57,76.72,7.13,6,70.03,1.000,13,0.012,eleve
GN2025-00742,2025-08-15,2025,8,33,Nzérékoré,Beyla,forestier,8.69000,-8.65000,26.55,21.56,30.37,1.28,107.67,880.97,77.73,7.35,7,87.88,0.960,10,0.010,eleve
GN2025-00743,2025-08-17,2025,8,33,Nzérékoré,Guéckédou,forestier,8.57000,-10.13000,24.46,19.72,29.77,18.96,110.93,1131.06,89.53,2.88,6,98.00,0.940,10,0.011,eleve
GN2025-00744,2025-06-01,2025,6,22,Nzérékoré,Lola,forestier,7.80000,-8.53000,26.41,22.38,31.11,50.55,212.09,412.78,82.05,7.72,7,61.94,1.000,11,0.012,eleve
GN2025-00745,2025-11-14,2025,11,46,Nzérékoré,Macenta,forestier,8.54000,-9.47000,25.33,20.18,30.23,61.29,222.85,1026.86,88.14,6.34,5,98.00,1.000,13,0.014,eleve
GN2025-00746,2025-08-08,2025,8,32,Nzérékoré,Nzérékoré,forestier,7.76000,-8.82000,25.44,20.31,29.37,19.06,171.13,860.61,77.79,9.38,7,94.64,1.000,12,0.013,eleve
GN2025-00747,2025-08-27,2025,8,35,Nzérékoré,Yomou,forestier,7.56000,-9.31000,26.14,21.09,29.67,68.75,364.26,1102.55,75.36,11.55,6,98.00,1.000,11,0.012,eleve
GN2025-00748,2025-03-08,2025,3,10,Conakry,Conakry,côtier,9.54000,-13.68000,27.47,22.65,32.50,0.27,17.10,78.58,58.86,15.73,1,40.52,0.186,5,0.006,faible
GN2025-00749,2025-12-21,2025,12,51,Boké,Boffa,côtier,10.18000,-14.04000,27.59,23.95,31.14,1.21,82.26,442.51,79.56,7.63,6,64.27,0.768,7,0.007,moyen
GN2025-00750,2025-10-10,2025,10,41,Boké,Boké,côtier,10.94000,-14.29000,28.05,23.38,33.46,45.03,94.59,424.55,78.64,10.75,5,78.26,0.819,11,0.011,moyen
GN2025-00751,2025-03-26,2025,3,13,Boké,Fria,côtier,10.37000,-13.58000,28.03,23.71,33.20,0.71,23.05,109.36,53.81,12.92,2,44.47,0.277,6,0.006,faible
GN2025-00752,2025-09-20,2025,9,38,Boké,Gaoual,soudano-guinéen,11.75000,-13.20000,28.04,24.35,31.63,35.64,97.22,324.79,78.21,8.33,5,67.27,0.828,10,0.010,moyen
GN2025-00753,2025-05-05,2025,5,19,Boké,Koundara,soudano-guinéen,12.48000,-13.30000,29.64,24.93,34.26,1.37,20.95,61.82,60.85,6.16,3,40.95,0.242,2,0.002,faible
GN2025-00754,2025-03-12,2025,3,11,Faranah,Dabola,soudano-guinéen,10.75000,-11.11000,29.06,25.08,32.68,0.26,3.34,12.24,49.24,13.91,0,33.29,0.114,1,0.001,faible
GN2025-00755,2025-02-09,2025,2,6,Faranah,Dinguiraye,soudano-guinéen,11.30000,-10.72000,27.60,23.59,31.35,0.19,2.82,32.21,58.14,12.19,0,42.62,0.131,3,0.003,faible
GN2025-00756,2025-11-30,2025,11,48,Faranah,Faranah,soudano-guinéen,10.04000,-10.74000,27.53,23.63,31.37,1.13,111.58,511.31,74.71,7.37,6,66.64,0.855,10,0.010,eleve
GN2025-00757,2025-05-28,2025,5,22,Faranah,Kissidougou,forestier,9.18000,-10.10000,27.40,23.75,32.77,38.69,91.29,292.77,72.94,8.18,5,50.69,0.693,8,0.008,moyen
GN2025-00758,2025-08-05,2025,8,32,Kankan,Kankan,soudano-guinéen,10.39000,-9.31000,28.04,24.52,32.46,2.52,46.09,207.98,74.42,8.50,6,57.25,0.590,9,0.009,moyen
GN2025-00759,2025-11-10,2025,11,46,Kankan,Kérouané,forestier,9.27000,-9.01000,26.61,22.69,30.12,11.90,121.01,574.36,77.67,7.05,7,78.95,0.992,10,0.010,eleve
GN2025-00760,2025-04-23,2025,4,17,Kankan,Kouroussa,soudano-guinéen,10.65000,-9.89000,27.91,23.92,32.46,0.39,63.27,83.09,61.30,5.42,2,41.41,0.423,4,0.004,faible
GN2025-00761,2025-05-13,2025,5,20,Kankan,Mandiana,soudano-guinéen,10.63000,-8.68000,29.02,25.87,32.71,2.80,24.74,71.48,64.35,6.29,7,49.79,0.462,2,0.002,faible
GN2025-00762,2025-05-27,2025,5,22,Kankan,Siguiri,soudano-guinéen,11.42000,-9.17000,31.36,27.02,34.90,0.89,40.03,108.53,69.44,10.53,3,46.07,0.416,7,0.007,faible
GN2025-00763,2025-08-24,2025,8,34,Kindia,Coyah,côtier,9.71000,-13.38000,28.27,23.66,34.02,118.60,297.35,1324.01,95.77,8.39,6,98.00,1.000,9,0.010,eleve
GN2025-00764,2025-11-26,2025,11,48,Kindia,Dubréka,côtier,9.79000,-13.52000,27.58,22.07,31.28,11.71,109.85,837.67,78.16,11.26,7,97.58,0.945,9,0.010,eleve
GN2025-00765,2025-08-08,2025,8,32,Kindia,Forécariah,côtier,9.43000,-13.09000,27.29,24.17,30.56,14.97,226.89,1210.08,71.48,8.81,6,98.00,1.000,16,0.017,eleve
GN2025-00766,2025-09-15,2025,9,38,Kindia,Kindia,côtier,10.06000,-12.87000,25.52,20.79,29.18,88.94,179.90,1042.58,84.10,5.64,6,98.00,1.000,9,0.010,eleve
GN2025-00767,2025-10-02,2025,10,40,Kindia,Télimélé,soudano-guinéen,10.91000,-13.04000,26.78,21.91,30.31,49.97,115.63,674.51,77.00,7.81,6,89.60,0.854,10,0.010,eleve
GN2025-00768,2025-03-09,2025,3,10,Labé,Koubia,montagneux,11.59000,-11.90000,26.94,21.40,32.33,0.75,2.45,67.54,59.52,6.88,0,40.97,0.095,2,0.002,faible
GN2025-00769,2025-05-26,2025,5,22,Labé,Labé,montagneux,11.32000,-12.29000,25.03,21.38,28.41,45.32,127.69,273.04,75.45,12.29,5,58.90,0.884,10,0.009,moyen
GN2025-00770,2025-07-27,2025,7,30,Labé,Lélouma,montagneux,11.18000,-12.48000,22.61,19.09,27.85,22.34,172.25,596.56,69.93,7.57,6,73.12,1.000,6,0.006,moyen
GN2025-00771,2025-12-18,2025,12,51,Labé,Mali,montagneux,12.08000,-12.30000,24.65,21.18,28.46,1.09,77.19,280.57,67.93,9.96,6,58.66,0.723,7,0.006,moyen
GN2025-00772,2025-08-22,2025,8,34,Labé,Tougué,montagneux,11.45000,-11.67000,23.68,19.95,29.05,1.12,73.02,285.77,73.33,7.14,4,58.95,0.617,9,0.008,moyen
GN2025-00773,2025-02-26,2025,2,9,Mamou,Dalaba,montagneux,10.69000,-12.25000,25.81,21.01,31.18,0.38,2.89,53.07,66.13,14.48,0,47.25,0.133,5,0.005,faible
GN2025-00774,2025-03-06,2025,3,10,Mamou,Mamou,montagneux,10.38000,-12.09000,26.29,20.71,31.33,0.36,2.83,17.77,58.44,16.54,0,33.48,0.092,2,0.002,faible
GN2025-00775,2025-03-07,2025,3,10,Mamou,Pita,montagneux,11.06000,-12.40000,26.49,22.28,31.45,0.44,2.74,77.06,58.62,11.72,0,42.52,0.055,3,0.003,faible
GN2025-00776,2025-05-28,2025,5,22,Nzérékoré,Beyla,forestier,8.69000,-8.65000,25.73,21.14,31.17,30.89,81.96,381.13,67.64,8.13,5,70.22,0.663,11,0.011,moyen
GN2025-00777,2025-07-30,2025,7,31,Nzérékoré,Guéckédou,forestier,8.57000,-10.13000,25.25,20.58,29.44,35.49,306.01,1348.35,77.28,9.02,6,98.00,1.000,14,0.015,eleve
GN2025-00778,2025-02-19,2025,2,8,Nzérékoré,Lola,forestier,7.80000,-8.53000,26.16,22.66,30.37,0.79,3.68,13.33,57.71,8.65,1,42.05,0.132,2,0.002,faible
GN2025-00779,2025-02-17,2025,2,8,Nzérékoré,Macenta,forestier,8.54000,-9.47000,26.35,22.92,31.15,35.13,38.90,62.91,62.15,7.98,2,41.60,0.291,8,0.009,faible
GN2025-00780,2025-04-25,2025,4,17,Nzérékoré,Nzérékoré,forestier,7.76000,-8.82000,26.05,21.74,30.43,0.64,81.57,207.94,63.67,10.98,2,49.51,0.558,9,0.010,moyen
GN2025-00781,2025-10-21,2025,10,43,Nzérékoré,Yomou,forestier,7.56000,-9.31000,25.84,21.41,29.65,0.35,137.21,960.84,77.32,7.91,4,98.00,0.915,10,0.011,eleve
GN2025-00782,2025-02-23,2025,2,8,Conakry,Conakry,côtier,9.54000,-13.68000,28.43,23.85,32.33,49.32,52.23,80.07,67.35,12.73,1,39.47,0.381,4,0.005,faible
GN2025-00783,2025-05-30,2025,5,22,Boké,Boffa,côtier,10.18000,-14.04000,28.22,24.61,32.98,1.78,53.39,222.40,64.94,7.14,5,56.48,0.601,8,0.008,moyen
GN2025-00784,2025-03-03,2025,3,10,Boké,Boké,côtier,10.94000,-14.29000,28.37,25.07,31.61,0.13,12.34,62.25,60.48,12.97,1,41.09,0.191,6,0.006,faible
GN2025-00785,2025-09-12,2025,9,37,Boké,Fria,côtier,10.37000,-13.58000,27.92,23.40,31.48,10.51,58.54,659.46,79.43,5.02,6,85.11,0.622,12,0.012,moyen
GN2025-00786,2025-11-10,2025,11,46,Boké,Gaoual,soudano-guinéen,11.75000,-13.20000,28.07,23.59,32.35,0.82,39.23,255.57,72.11,8.83,5,62.13,0.475,7,0.007,moyen
GN2025-00787,2025-02-16,2025,2,7,Boké,Koundara,soudano-guinéen,12.48000,-13.30000,30.43,26.75,33.43,0.36,15.04,23.45,66.12,11.00,1,42.52,0.226,9,0.008,faible
GN2025-00788,2025-07-08,2025,7,28,Faranah,Dabola,soudano-guinéen,10.75000,-11.11000,28.99,25.20,32.69,2.66,95.46,228.97,73.35,5.88,7,58.11,0.844,8,0.008,moyen
GN2025-00789,2025-07-23,2025,7,30,Faranah,Dinguiraye,soudano-guinéen,11.30000,-10.72000,27.49,22.06,31.49,1.13,52.33,212.44,77.47,4.36,6,57.19,0.662,5,0.005,moyen
GN2025-00790,2025-01-08,2025,1,2,Faranah,Faranah,soudano-guinéen,10.04000,-10.74000,28.59,23.30,32.54,0.26,6.81,7.30,63.56,10.87,1,43.10,0.164,3,0.003,faible
GN2025-00791,2025-02-23,2025,2,8,Faranah,Kissidougou,forestier,9.18000,-10.10000,27.31,22.17,32.22,0.55,41.26,50.10,59.17,11.44,1,35.52,0.319,5,0.005,faible
GN2025-00792,2025-06-03,2025,6,23,Kankan,Kankan,soudano-guinéen,10.39000,-9.31000,29.93,25.92,34.80,2.75,107.03,233.57,66.93,6.60,7,41.61,0.839,11,0.011,moyen
GN2025-00793,2025-07-19,2025,7,29,Kankan,Kérouané,forestier,9.27000,-9.01000,28.34,23.42,32.13,2.04,157.89,343.45,71.82,10.59,6,64.71,1.000,11,0.011,eleve
GN2025-00794,2025-10-21,2025,10,43,Kankan,Kouroussa,soudano-guinéen,10.65000,-9.89000,27.87,23.80,30.96,29.91,103.77,249.54,76.76,10.48,7,58.80,0.937,10,0.010,moyen
GN2025-00795,2025-07-03,2025,7,27,Kankan,Mandiana,soudano-guinéen,10.63000,-8.68000,28.22,22.82,32.28,0.00,60.17,267.71,66.01,10.56,5,59.28,0.614,12,0.012,moyen
GN2025-00796,2025-12-21,2025,12,51,Kankan,Siguiri,soudano-guinéen,11.42000,-9.17000,29.21,24.47,32.77,2.11,13.09,73.77,72.12,7.90,6,55.03,0.416,7,0.007,faible
GN2025-00797,2025-09-18,2025,9,38,Kindia,Coyah,côtier,9.71000,-13.38000,26.76,21.52,31.89,34.09,213.44,1041.66,79.06,5.71,7,91.57,1.000,12,0.013,eleve
GN2025-00798,2025-09-18,2025,9,38,Kindia,Dubréka,côtier,9.79000,-13.52000,26.87,23.24,32.04,32.58,132.67,812.26,87.71,9.31,6,98.00,1.000,22,0.024,eleve
GN2025-00799,2025-05-18,2025,5,20,Kindia,Forécariah,côtier,9.43000,-13.09000,28.44,23.60,32.03,0.32,191.46,424.32,65.76,8.83,6,62.66,1.000,10,0.011,eleve
GN2025-00800,2025-07-28,2025,7,31,Kindia,Kindia,côtier,10.06000,-12.87000,25.84,21.95,30.21,28.83,264.50,932.35,68.79,7.16,7,93.13,1.000,13,0.014,eleve
GN2025-00801,2025-08-05,2025,8,32,Kindia,Télimélé,soudano-guinéen,10.91000,-13.04000,27.01,23.09,31.15,0.64,69.18,503.46,76.60,10.92,6,67.04,0.641,11,0.011,moyen
GN2025-00802,2025-06-19,2025,6,25,Labé,Koubia,montagneux,11.59000,-11.90000,24.90,20.18,28.48,2.67,25.18,228.72,71.20,6.96,6,51.08,0.520,8,0.007,faible
GN2025-00803,2025-10-23,2025,10,43,Labé,Labé,montagneux,11.32000,-12.29000,24.48,20.31,30.16,10.27,147.08,423.74,79.27,7.32,7,74.00,1.000,7,0.007,eleve
GN2025-00804,2025-09-27,2025,9,39,Labé,Lélouma,montagneux,11.18000,-12.48000,22.80,17.57,26.34,39.16,250.59,582.10,73.56,4.92,6,79.92,1.000,13,0.012,eleve
GN2025-00805,2025-05-22,2025,5,21,Labé,Mali,montagneux,12.08000,-12.30000,25.11,21.98,30.50,0.72,71.94,278.64,60.49,8.69,5,54.47,0.684,7,0.006,moyen
GN2025-00806,2025-06-03,2025,6,23,Labé,Tougué,montagneux,11.45000,-11.67000,25.44,21.21,30.54,0.28,86.19,239.27,73.47,6.97,4,49.13,0.728,6,0.005,moyen
GN2025-00807,2025-10-29,2025,10,44,Mamou,Dalaba,montagneux,10.69000,-12.25000,23.22,19.43,28.71,17.39,76.62,499.58,76.41,5.33,5,64.88,0.738,9,0.008,moyen
GN2025-00808,2025-03-25,2025,3,13,Mamou,Mamou,montagneux,10.38000,-12.09000,25.81,21.95,29.76,17.34,19.62,52.71,62.91,10.99,1,36.41,0.178,1,0.001,faible
GN2025-00809,2025-04-07,2025,4,15,Mamou,Pita,montagneux,11.06000,-12.40000,25.96,20.54,31.31,0.48,3.03,36.99,61.24,11.64,0,33.39,0.072,4,0.004,faible
GN2025-00810,2025-11-18,2025,11,47,Nzérékoré,Beyla,forestier,8.69000,-8.65000,27.04,22.18,31.07,11.86,101.59,829.64,76.87,8.31,5,94.83,0.749,18,0.018,eleve
GN2025-00811,2025-03-05,2025,3,10,Nzérékoré,Guéckédou,forestier,8.57000,-10.13000,27.37,22.04,32.39,0.59,3.29,101.64,57.64,9.41,0,44.43,0.161,6,0.007,faible
GN2025-00812,2025-04-28,2025,4,18,Nzérékoré,Lola,forestier,7.80000,-8.53000,25.93,21.14,29.79,32.93,129.65,313.07,65.55,6.81,2,52.57,0.745,5,0.005,moyen
GN2025-00813,2025-11-25,2025,11,48,Nzérékoré,Macenta,forestier,8.54000,-9.47000,24.50,20.84,29.28,42.44,293.64,1274.48,83.59,7.35,6,98.00,1.000,8,0.009,eleve
GN2025-00814,2025-03-16,2025,3,11,Nzérékoré,Nzérékoré,forestier,7.76000,-8.82000,26.59,21.82,30.92,0.22,2.17,9.52,58.00,15.40,0,43.08,0.076,4,0.004,faible
GN2025-00815,2025-04-24,2025,4,17,Nzérékoré,Yomou,forestier,7.56000,-9.31000,26.67,21.72,30.24,0.73,62.11,183.07,59.54,9.87,4,52.73,0.520,10,0.011,moyen
GN2025-00816,2025-09-16,2025,9,38,Conakry,Conakry,côtier,9.54000,-13.68000,26.47,21.31,31.19,70.28,180.11,1088.63,81.96,10.94,6,98.00,1.000,17,0.020,eleve
GN2025-00817,2025-12-13,2025,12,50,Boké,Boffa,côtier,10.18000,-14.04000,27.56,23.46,31.69,50.75,138.32,609.80,79.18,6.36,7,76.57,1.000,22,0.023,eleve
GN2025-00818,2025-08-25,2025,8,35,Boké,Boké,côtier,10.94000,-14.29000,28.87,23.61,34.05,1.54,148.56,415.99,78.37,4.56,6,67.18,1.000,10,0.010,eleve
GN2025-00819,2025-04-28,2025,4,18,Boké,Fria,côtier,10.37000,-13.58000,28.57,24.75,33.94,0.47,48.07,130.98,61.18,10.32,1,46.04,0.327,5,0.005,faible
GN2025-00820,2025-04-04,2025,4,14,Boké,Gaoual,soudano-guinéen,11.75000,-13.20000,30.08,25.77,34.52,0.60,13.75,77.68,58.61,11.27,2,37.58,0.273,3,0.003,faible
GN2025-00821,2025-05-22,2025,5,21,Boké,Koundara,soudano-guinéen,12.48000,-13.30000,29.12,24.33,32.41,7.45,33.06,137.33,65.13,9.61,4,49.17,0.442,3,0.003,faible
GN2025-00822,2025-01-22,2025,1,4,Faranah,Dabola,soudano-guinéen,10.75000,-11.11000,28.75,24.42,33.47,0.17,2.42,8.28,56.31,10.55,0,34.04,0.041,2,0.002,faible
GN2025-00823,2025-08-25,2025,8,35,Faranah,Dinguiraye,soudano-guinéen,11.30000,-10.72000,27.04,23.70,31.55,0.86,64.26,450.46,74.62,11.17,6,67.68,0.740,5,0.005,moyen
GN2025-00824,2025-06-25,2025,6,26,Faranah,Faranah,soudano-guinéen,10.04000,-10.74000,28.34,24.17,31.94,8.88,126.83,457.67,72.81,12.69,5,71.44,0.868,13,0.013,eleve
GN2025-00825,2025-08-02,2025,8,31,Faranah,Kissidougou,forestier,9.18000,-10.10000,26.55,22.43,30.57,12.06,240.02,960.01,80.98,7.14,6,98.00,1.000,20,0.021,eleve
GN2025-00826,2025-01-30,2025,1,5,Kankan,Kankan,soudano-guinéen,10.39000,-9.31000,30.87,26.37,34.37,0.36,35.66,44.71,54.40,12.92,1,36.46,0.198,5,0.005,faible
GN2025-00827,2025-02-24,2025,2,9,Kankan,Kérouané,forestier,9.27000,-9.01000,29.53,25.84,34.75,0.40,2.37,17.51,55.66,13.09,0,34.81,0.077,4,0.004,faible
GN2025-00828,2025-09-13,2025,9,37,Kankan,Kouroussa,soudano-guinéen,10.65000,-9.89000,29.66,24.18,33.14,14.71,85.49,251.17,73.79,5.79,5,67.25,0.712,4,0.004,moyen
GN2025-00829,2025-11-10,2025,11,46,Kankan,Mandiana,soudano-guinéen,10.63000,-8.68000,28.65,25.50,33.81,28.47,92.73,312.84,80.40,8.28,7,58.66,0.876,13,0.013,moyen
GN2025-00830,2025-09-05,2025,9,36,Kankan,Siguiri,soudano-guinéen,11.42000,-9.17000,30.97,25.90,35.37,1.81,82.20,210.78,76.36,5.52,5,55.78,0.698,14,0.013,moyen
GN2025-00831,2025-08-31,2025,8,35,Kindia,Coyah,côtier,9.71000,-13.38000,26.97,22.30,32.11,2.40,236.12,1077.05,79.46,16.45,7,98.00,1.000,9,0.010,eleve
GN2025-00832,2025-05-14,2025,5,20,Kindia,Dubréka,côtier,9.79000,-13.52000,28.46,23.90,33.47,21.54,30.69,483.90,68.19,11.79,5,69.40,0.412,5,0.006,moyen
GN2025-00833,2025-06-01,2025,6,22,Kindia,Forécariah,côtier,9.43000,-13.09000,28.11,22.72,31.85,21.07,124.18,526.41,69.99,9.45,7,77.35,0.916,15,0.016,eleve
GN2025-00834,2025-11-24,2025,11,48,Kindia,Kindia,côtier,10.06000,-12.87000,26.63,21.90,31.92,37.07,127.26,856.58,76.15,7.85,6,89.86,0.902,9,0.010,eleve
GN2025-00835,2025-06-13,2025,6,24,Kindia,Télimélé,soudano-guinéen,10.91000,-13.04000,27.10,23.33,32.39,4.43,80.35,281.99,67.30,8.68,6,62.58,0.710,6,0.006,moyen
GN2025-00836,2025-02-20,2025,2,8,Labé,Koubia,montagneux,11.59000,-11.90000,25.12,21.60,30.00,0.48,26.52,52.67,65.68,8.18,2,46.21,0.260,2,0.002,faible
GN2025-00837,2025-01-15,2025,1,3,Labé,Labé,montagneux,11.32000,-12.29000,26.15,21.09,31.37,0.40,2.17,9.90,57.75,13.58,0,37.96,0.089,0,0.000,faible
GN2025-00838,2025-11-23,2025,11,47,Labé,Lélouma,montagneux,11.18000,-12.48000,24.80,20.99,28.78,58.72,161.42,720.14,86.42,6.80,6,94.08,1.000,10,0.009,eleve
GN2025-00839,2025-07-16,2025,7,29,Labé,Mali,montagneux,12.08000,-12.30000,23.93,20.73,28.58,1.70,33.53,389.13,74.08,5.76,7,77.19,0.534,5,0.005,faible
GN2025-00840,2025-05-20,2025,5,21,Labé,Tougué,montagneux,11.45000,-11.67000,25.91,20.93,29.40,0.96,87.75,179.56,71.39,13.20,4,57.61,0.671,9,0.008,faible
GN2025-00841,2025-07-15,2025,7,29,Mamou,Dalaba,montagneux,10.69000,-12.25000,24.76,21.63,29.63,1.31,135.51,308.69,72.81,12.58,7,62.00,1.000,7,0.007,moyen
GN2025-00842,2025-05-14,2025,5,20,Mamou,Mamou,montagneux,10.38000,-12.09000,25.74,22.73,30.40,0.38,14.45,41.15,58.42,8.83,5,27.24,0.353,6,0.006,faible
GN2025-00843,2025-11-09,2025,11,45,Mamou,Pita,montagneux,11.06000,-12.40000,24.89,19.77,29.72,18.93,131.42,367.15,76.00,10.46,6,69.79,0.993,9,0.008,moyen
GN2025-00844,2025-04-09,2025,4,15,Nzérékoré,Beyla,forestier,8.69000,-8.65000,26.79,21.24,31.53,0.20,2.72,52.49,53.37,7.54,0,32.37,0.077,3,0.003,faible
GN2025-00845,2025-06-22,2025,6,25,Nzérékoré,Guéckédou,forestier,8.57000,-10.13000,26.73,21.61,31.39,2.39,201.30,824.31,79.32,9.78,7,92.40,1.000,10,0.011,eleve
GN2025-00846,2025-05-22,2025,5,21,Nzérékoré,Lola,forestier,7.80000,-8.53000,25.47,22.30,29.92,20.33,115.88,381.50,70.02,6.71,6,64.92,0.929,7,0.007,moyen
GN2025-00847,2025-09-24,2025,9,39,Nzérékoré,Macenta,forestier,8.54000,-9.47000,25.02,21.13,30.55,56.40,268.03,1168.13,78.83,11.74,7,98.00,1.000,9,0.010,eleve
GN2025-00848,2025-12-27,2025,12,52,Nzérékoré,Nzérékoré,forestier,7.76000,-8.82000,27.29,22.39,32.26,9.95,285.55,926.69,76.18,7.90,6,97.73,1.000,15,0.016,eleve
GN2025-00849,2025-08-25,2025,8,35,Nzérékoré,Yomou,forestier,7.56000,-9.31000,25.70,22.18,31.10,74.27,299.98,1028.07,86.96,10.96,6,98.00,1.000,17,0.018,eleve
GN2025-00850,2025-03-20,2025,3,12,Conakry,Conakry,côtier,9.54000,-13.68000,26.98,23.56,31.68,0.15,88.73,213.72,59.10,9.96,2,47.36,0.592,8,0.009,moyen
GN2025-00851,2025-12-10,2025,12,50,Boké,Boffa,côtier,10.18000,-14.04000,27.76,24.62,31.79,18.55,76.18,655.91,78.11,10.21,6,83.20,0.789,14,0.015,eleve
GN2025-00852,2025-12-14,2025,12,50,Boké,Boké,côtier,10.94000,-14.29000,28.54,23.02,34.04,0.63,30.83,445.63,75.91,10.17,5,63.62,0.441,3,0.003,moyen
GN2025-00853,2025-04-29,2025,4,18,Boké,Fria,côtier,10.37000,-13.58000,29.16,24.32,33.39,7.01,54.98,137.29,64.35,8.99,2,52.13,0.368,10,0.010,faible
GN2025-00854,2025-07-02,2025,7,27,Boké,Gaoual,soudano-guinéen,11.75000,-13.20000,29.59,25.52,34.19,1.74,48.23,288.73,72.72,5.70,7,59.34,0.636,5,0.005,moyen
GN2025-00855,2025-07-27,2025,7,30,Boké,Koundara,soudano-guinéen,12.48000,-13.30000,28.48,23.60,32.56,1.78,12.25,70.07,69.33,8.46,5,48.58,0.375,7,0.007,faible
GN2025-00856,2025-12-30,2025,12,1,Faranah,Dabola,soudano-guinéen,10.75000,-11.11000,27.46,24.20,31.55,24.34,88.41,207.32,75.79,9.10,6,55.32,0.760,7,0.007,moyen
GN2025-00857,2025-12-06,2025,12,49,Faranah,Dinguiraye,soudano-guinéen,11.30000,-10.72000,26.48,22.16,31.10,25.85,55.06,166.77,71.70,9.86,4,56.41,0.523,6,0.006,moyen
GN2025-00858,2025-06-02,2025,6,23,Faranah,Faranah,soudano-guinéen,10.04000,-10.74000,27.42,23.84,31.10,7.71,21.84,267.36,76.41,5.74,5,51.10,0.478,1,0.001,moyen
GN2025-00859,2025-04-19,2025,4,16,Faranah,Kissidougou,forestier,9.18000,-10.10000,27.70,23.78,32.78,0.14,18.29,153.79,61.17,8.73,1,45.08,0.176,4,0.004,faible
GN2025-00860,2025-02-26,2025,2,9,Kankan,Kankan,soudano-guinéen,10.39000,-9.31000,29.49,25.26,34.81,0.20,2.76,13.45,63.22,9.07,0,37.26,0.109,3,0.003,faible
GN2025-00861,2025-05-29,2025,5,22,Kankan,Kérouané,forestier,9.27000,-9.01000,29.29,24.35,32.94,0.47,77.66,292.54,75.91,7.74,5,71.59,0.640,10,0.010,moyen
GN2025-00862,2025-07-27,2025,7,30,Kankan,Kouroussa,soudano-guinéen,10.65000,-9.89000,28.81,24.89,32.86,2.89,17.87,345.06,78.17,10.74,6,67.93,0.465,8,0.008,moyen
GN2025-00863,2025-07-30,2025,7,31,Kankan,Mandiana,soudano-guinéen,10.63000,-8.68000,29.62,25.75,33.75,0.87,32.66,288.00,76.95,10.27,4,63.80,0.463,13,0.013,faible
GN2025-00864,2025-08-03,2025,8,31,Kankan,Siguiri,soudano-guinéen,11.42000,-9.17000,29.19,25.03,32.86,2.73,72.76,166.84,67.26,7.55,5,51.73,0.629,4,0.004,moyen
GN2025-00865,2025-01-23,2025,1,4,Kindia,Coyah,côtier,9.71000,-13.38000,30.23,25.83,33.63,0.10,30.62,38.55,55.52,8.45,1,36.89,0.334,4,0.004,faible
GN2025-00866,2025-02-22,2025,2,8,Kindia,Dubréka,côtier,9.79000,-13.52000,29.76,26.16,34.74,0.67,3.42,121.18,56.57,11.69,0,48.92,0.096,2,0.002,faible
GN2025-00867,2025-01-14,2025,1,3,Kindia,Forécariah,côtier,9.43000,-13.09000,28.22,25.06,33.03,0.14,9.03,12.89,54.48,11.99,1,36.23,0.198,6,0.006,faible
GN2025-00868,2025-05-07,2025,5,19,Kindia,Kindia,côtier,10.06000,-12.87000,26.49,22.85,31.44,1.43,98.49,239.53,61.93,8.85,5,50.22,0.739,6,0.006,moyen
GN2025-00869,2025-01-26,2025,1,4,Kindia,Télimélé,soudano-guinéen,10.91000,-13.04000,29.79,24.85,33.64,0.06,2.29,47.32,61.13,10.92,0,27.61,0.127,3,0.003,faible
GN2025-00870,2025-12-15,2025,12,51,Labé,Koubia,montagneux,11.59000,-11.90000,23.62,19.80,28.84,1.09,71.91,446.47,78.03,6.69,6,67.21,0.718,7,0.006,moyen
GN2025-00871,2025-05-21,2025,5,21,Labé,Labé,montagneux,11.32000,-12.29000,25.76,22.25,31.34,33.89,60.60,198.20,72.98,13.13,7,56.76,0.666,8,0.008,moyen
GN2025-00872,2025-05-29,2025,5,22,Labé,Lélouma,montagneux,11.18000,-12.48000,23.56,20.04,27.43,2.08,28.60,85.35,65.51,6.43,6,46.10,0.531,5,0.005,faible
GN2025-00873,2025-10-26,2025,10,43,Labé,Mali,montagneux,12.08000,-12.30000,23.29,18.77,28.75,1.05,99.04,304.02,66.87,3.63,7,60.74,0.852,14,0.013,moyen
GN2025-00874,2025-10-28,2025,10,44,Labé,Tougué,montagneux,11.45000,-11.67000,24.85,19.67,29.16,0.05,224.28,538.37,70.78,9.31,6,77.89,1.000,7,0.006,eleve
GN2025-00875,2025-07-12,2025,7,28,Mamou,Dalaba,montagneux,10.69000,-12.25000,23.75,18.24,29.46,2.36,82.98,241.79,75.61,5.26,6,55.25,0.733,10,0.009,moyen
GN2025-00876,2025-10-10,2025,10,41,Mamou,Mamou,montagneux,10.38000,-12.09000,25.63,21.88,29.80,1.54,119.32,537.10,76.55,8.78,7,77.59,0.969,6,0.006,eleve
GN2025-00877,2025-08-04,2025,8,32,Mamou,Pita,montagneux,11.06000,-12.40000,24.73,21.38,28.44,1.25,58.30,502.24,72.28,10.78,4,66.65,0.588,8,0.008,moyen
GN2025-00878,2025-05-10,2025,5,19,Nzérékoré,Beyla,forestier,8.69000,-8.65000,27.11,22.14,31.53,2.49,115.28,272.17,70.82,10.29,5,61.83,0.822,5,0.005,moyen
GN2025-00879,2025-02-09,2025,2,6,Nzérékoré,Guéckédou,forestier,8.57000,-10.13000,27.05,22.22,30.82,0.40,2.78,49.30,57.82,9.62,0,34.14,0.126,2,0.002,faible
GN2025-00880,2025-12-21,2025,12,51,Nzérékoré,Lola,forestier,7.80000,-8.53000,23.93,18.72,28.70,34.66,231.76,1046.18,80.20,6.00,7,98.00,1.000,16,0.017,eleve
GN2025-00881,2025-10-31,2025,10,44,Nzérékoré,Macenta,forestier,8.54000,-9.47000,24.97,21.62,27.99,32.34,247.96,1056.05,85.62,10.58,5,98.00,1.000,12,0.013,eleve
GN2025-00882,2025-04-21,2025,4,17,Nzérékoré,Nzérékoré,forestier,7.76000,-8.82000,26.21,22.32,31.03,8.92,82.33,208.54,64.29,8.72,2,51.85,0.565,4,0.004,moyen
GN2025-00883,2025-12-01,2025,12,49,Nzérékoré,Yomou,forestier,7.56000,-9.31000,24.51,20.53,29.26,53.52,238.76,998.22,84.24,7.96,6,98.00,1.000,10,0.011,eleve
GN2025-00884,2025-09-26,2025,9,39,Conakry,Conakry,côtier,9.54000,-13.68000,27.66,22.88,32.14,8.34,157.33,910.19,74.50,5.22,7,95.17,1.000,11,0.013,eleve
GN2025-00885,2025-03-11,2025,3,11,Boké,Boffa,côtier,10.18000,-14.04000,28.47,24.69,34.08,0.25,19.16,47.78,52.21,10.59,1,41.14,0.177,2,0.002,faible
GN2025-00886,2025-07-24,2025,7,30,Boké,Boké,côtier,10.94000,-14.29000,28.67,23.79,32.05,51.72,196.86,261.84,80.13,9.65,7,52.60,1.000,7,0.007,eleve
GN2025-00887,2025-08-23,2025,8,34,Boké,Fria,côtier,10.37000,-13.58000,27.32,23.48,32.61,50.88,129.37,745.20,74.83,5.02,6,82.86,1.000,11,0.011,eleve
GN2025-00888,2025-07-13,2025,7,28,Boké,Gaoual,soudano-guinéen,11.75000,-13.20000,29.40,24.62,33.58,2.70,19.57,244.36,70.86,3.05,7,58.60,0.466,5,0.005,faible
GN2025-00889,2025-07-25,2025,7,30,Boké,Koundara,soudano-guinéen,12.48000,-13.30000,27.99,23.95,33.41,2.53,9.62,80.11,73.23,11.59,4,40.07,0.252,5,0.005,faible
GN2025-00890,2025-11-05,2025,11,45,Faranah,Dabola,soudano-guinéen,10.75000,-11.11000,28.22,23.32,31.56,60.27,214.28,489.57,83.04,9.35,6,79.26,1.000,6,0.006,eleve
GN2025-00891,2025-10-15,2025,10,42,Faranah,Dinguiraye,soudano-guinéen,11.30000,-10.72000,26.15,22.07,30.47,2.98,106.39,234.06,74.86,10.31,6,64.42,0.834,10,0.009,moyen
GN2025-00892,2025-12-23,2025,12,52,Faranah,Faranah,soudano-guinéen,10.04000,-10.74000,27.29,22.77,30.73,13.35,111.95,394.88,76.52,7.06,5,70.53,0.898,11,0.011,eleve
GN2025-00893,2025-01-24,2025,1,4,Faranah,Kissidougou,forestier,9.18000,-10.10000,27.33,22.76,32.17,0.21,2.37,10.25,58.08,10.97,0,35.93,0.137,2,0.002,faible
GN2025-00894,2025-09-02,2025,9,36,Kankan,Kankan,soudano-guinéen,10.39000,-9.31000,28.97,23.76,33.40,25.99,59.35,214.99,81.16,6.55,6,56.28,0.745,11,0.011,moyen
GN2025-00895,2025-04-10,2025,4,15,Kankan,Kérouané,forestier,9.27000,-9.01000,28.14,24.74,31.31,0.02,25.68,49.62,60.44,7.06,2,41.56,0.324,4,0.004,faible
GN2025-00896,2025-01-29,2025,1,5,Kankan,Kouroussa,soudano-guinéen,10.65000,-9.89000,29.42,24.21,32.67,0.09,2.62,14.36,52.14,9.12,0,32.15,0.136,1,0.001,faible
GN2025-00897,2025-04-15,2025,4,16,Kankan,Mandiana,soudano-guinéen,10.63000,-8.68000,29.51,26.21,34.74,0.37,8.84,47.21,59.98,9.69,1,41.27,0.118,3,0.003,faible
GN2025-00898,2025-07-15,2025,7,29,Kankan,Siguiri,soudano-guinéen,11.42000,-9.17000,28.97,24.42,32.22,1.22,15.09,161.29,76.80,10.05,6,57.10,0.450,5,0.005,faible
GN2025-00899,2025-03-27,2025,3,13,Kindia,Coyah,côtier,9.71000,-13.38000,28.14,24.55,32.09,0.69,3.66,116.57,59.71,8.67,0,35.83,0.075,8,0.009,faible
GN2025-00900,2025-01-06,2025,1,2,Kindia,Dubréka,côtier,9.79000,-13.52000,29.93,25.33,33.01,0.28,2.40,2.40,60.35,9.65,0,39.52,0.105,4,0.004,faible
GN2025-00901,2025-01-14,2025,1,3,Kindia,Forécariah,côtier,9.43000,-13.09000,28.22,25.06,33.03,0.14,9.03,12.89,54.48,11.99,1,36.03,0.218,2,0.002,faible
GN2025-00902,2025-07-14,2025,7,29,Kindia,Kindia,côtier,10.06000,-12.87000,26.30,21.67,31.85,35.73,156.12,949.99,84.17,9.01,6,98.00,1.000,12,0.013,eleve
GN2025-00903,2025-09-26,2025,9,39,Kindia,Télimélé,soudano-guinéen,10.91000,-13.04000,27.46,23.21,30.68,12.75,73.94,642.68,76.86,9.64,6,79.74,0.694,7,0.007,moyen
GN2025-00904,2025-04-07,2025,4,15,Labé,Koubia,montagneux,11.59000,-11.90000,25.39,21.29,30.36,0.77,11.05,103.07,63.07,10.68,1,37.97,0.171,4,0.004,faible
GN2025-00905,2025-09-14,2025,9,37,Labé,Labé,montagneux,11.32000,-12.29000,24.27,19.29,29.68,21.85,126.46,600.03,78.16,4.99,7,78.19,0.989,17,0.016,eleve
GN2025-00906,2025-09-17,2025,9,38,Labé,Lélouma,montagneux,11.18000,-12.48000,23.00,18.05,27.68,1.19,55.57,332.12,80.72,6.36,5,69.10,0.638,5,0.005,faible
GN2025-00907,2025-12-03,2025,12,49,Labé,Mali,montagneux,12.08000,-12.30000,23.58,19.87,29.28,37.83,97.18,307.66,80.52,9.89,6,68.33,0.850,6,0.005,moyen
GN2025-00908,2025-10-08,2025,10,41,Labé,Tougué,montagneux,11.45000,-11.67000,23.91,20.84,26.98,1.69,97.16,333.34,79.13,8.48,6,66.04,0.795,8,0.007,moyen
GN2025-00909,2025-12-23,2025,12,52,Mamou,Dalaba,montagneux,10.69000,-12.25000,24.68,20.49,30.46,46.32,170.75,684.57,75.82,6.27,7,88.31,1.000,11,0.010,eleve
GN2025-00910,2025-06-21,2025,6,25,Mamou,Mamou,montagneux,10.38000,-12.09000,25.83,21.03,29.48,3.34,70.34,229.02,72.28,9.11,6,56.69,0.641,6,0.006,moyen
GN2025-00911,2025-07-01,2025,7,27,Mamou,Pita,montagneux,11.06000,-12.40000,25.25,19.73,30.08,0.54,168.29,517.75,79.42,11.38,6,69.46,1.000,10,0.009,eleve
GN2025-00912,2025-12-10,2025,12,50,Nzérékoré,Beyla,forestier,8.69000,-8.65000,26.17,21.21,30.19,86.99,140.64,546.87,81.87,9.98,7,74.51,1.000,7,0.007,eleve
GN2025-00913,2025-09-02,2025,9,36,Nzérékoré,Guéckédou,forestier,8.57000,-10.13000,24.68,20.73,30.36,30.12,173.00,812.60,75.33,9.01,6,80.44,1.000,9,0.010,eleve
GN2025-00914,2025-11-02,2025,11,44,Nzérékoré,Lola,forestier,7.80000,-8.53000,24.95,20.77,28.42,8.13,193.67,954.47,72.06,4.63,6,98.00,1.000,14,0.015,eleve
GN2025-00915,2025-02-02,2025,2,5,Nzérékoré,Macenta,forestier,8.54000,-9.47000,26.05,22.04,30.02,0.19,17.11,28.01,58.85,15.86,1,36.09,0.195,4,0.004,faible
GN2025-00916,2025-03-31,2025,3,14,Nzérékoré,Nzérékoré,forestier,7.76000,-8.82000,26.77,21.36,31.38,0.64,30.91,38.26,66.77,10.73,1,42.02,0.318,4,0.004,faible
GN2025-00917,2025-08-19,2025,8,34,Nzérékoré,Yomou,forestier,7.56000,-9.31000,25.53,21.62,29.54,10.65,153.20,990.59,76.08,6.48,7,98.00,1.000,8,0.009,eleve
GN2025-00918,2025-10-31,2025,10,44,Conakry,Conakry,côtier,9.54000,-13.68000,27.74,22.87,31.56,3.91,492.10,1084.47,74.66,7.40,7,98.00,1.000,14,0.016,eleve
GN2025-00919,2025-08-28,2025,8,35,Boké,Boffa,côtier,10.18000,-14.04000,28.15,23.78,33.90,133.47,187.82,678.10,89.91,6.94,4,83.47,1.000,16,0.017,eleve
GN2025-00920,2025-11-19,2025,11,47,Boké,Boké,côtier,10.94000,-14.29000,27.70,23.41,31.35,2.33,203.33,525.90,68.99,7.90,7,73.60,1.000,10,0.010,eleve
GN2025-00921,2025-04-19,2025,4,16,Boké,Fria,côtier,10.37000,-13.58000,29.67,25.93,33.24,0.03,36.05,93.32,63.30,10.91,1,39.20,0.256,5,0.005,faible
GN2025-00922,2025-11-18,2025,11,47,Boké,Gaoual,soudano-guinéen,11.75000,-13.20000,28.01,24.17,33.28,0.11,27.31,203.76,80.36,7.46,5,54.87,0.472,7,0.007,moyen
GN2025-00923,2025-09-28,2025,9,39,Boké,Koundara,soudano-guinéen,12.48000,-13.30000,29.60,24.66,34.02,2.24,12.53,125.46,77.66,10.82,6,52.69,0.476,7,0.007,faible
GN2025-00924,2025-10-06,2025,10,41,Faranah,Dabola,soudano-guinéen,10.75000,-11.11000,26.90,21.63,31.15,7.14,187.28,569.46,76.51,9.90,7,68.73,1.000,6,0.006,eleve
GN2025-00925,2025-03-11,2025,3,11,Faranah,Dinguiraye,soudano-guinéen,11.30000,-10.72000,28.21,25.01,32.90,0.64,3.61,47.05,55.45,14.56,0,33.29,0.120,3,0.003,faible
GN2025-00926,2025-10-13,2025,10,42,Faranah,Faranah,soudano-guinéen,10.04000,-10.74000,28.22,23.04,33.26,0.16,68.05,493.37,72.92,7.42,5,81.21,0.632,12,0.012,moyen
GN2025-00927,2025-11-26,2025,11,48,Faranah,Kissidougou,forestier,9.18000,-10.10000,25.58,21.87,31.38,41.11,64.80,849.06,82.02,8.70,5,86.60,0.627,10,0.011,eleve
GN2025-00928,2025-09-30,2025,9,40,Kankan,Kankan,soudano-guinéen,10.39000,-9.31000,27.75,22.58,31.20,2.27,84.30,352.71,75.17,10.38,6,68.15,0.756,10,0.010,moyen
GN2025-00929,2025-01-17,2025,1,3,Kankan,Kérouané,forestier,9.27000,-9.01000,27.92,22.57,31.17,0.51,2.55,8.92,66.34,12.24,0,35.14,0.130,4,0.004,faible
GN2025-00930,2025-10-06,2025,10,41,Kankan,Kouroussa,soudano-guinéen,10.65000,-9.89000,28.32,24.33,33.35,0.15,75.59,324.23,74.67,8.18,5,62.99,0.691,12,0.012,moyen
GN2025-00931,2025-11-27,2025,11,48,Kankan,Mandiana,soudano-guinéen,10.63000,-8.68000,29.03,24.09,33.47,0.80,140.95,305.44,65.10,10.42,5,51.04,0.951,7,0.007,moyen
GN2025-00932,2025-09-14,2025,9,37,Kankan,Siguiri,soudano-guinéen,11.42000,-9.17000,29.60,25.21,35.17,4.81,30.53,200.39,81.05,3.07,5,55.25,0.559,3,0.003,moyen
GN2025-00933,2025-02-16,2025,2,7,Kindia,Coyah,côtier,9.71000,-13.38000,28.92,25.03,34.21,0.43,33.77,71.60,54.12,9.73,1,36.89,0.220,5,0.006,faible
GN2025-00934,2025-01-06,2025,1,2,Kindia,Dubréka,côtier,9.79000,-13.52000,29.93,25.33,33.01,0.28,2.40,2.40,60.35,9.65,0,23.08,0.052,3,0.003,faible
GN2025-00935,2025-02-23,2025,2,8,Kindia,Forécariah,côtier,9.43000,-13.09000,30.03,25.01,33.23,0.53,59.17,82.85,55.08,12.74,2,50.95,0.433,5,0.005,faible
GN2025-00936,2025-09-06,2025,9,36,Kindia,Kindia,côtier,10.06000,-12.87000,27.38,22.74,30.42,4.33,408.12,895.61,73.91,4.25,5,96.11,1.000,7,0.007,eleve
GN2025-00937,2025-10-12,2025,10,41,Kindia,Télimélé,soudano-guinéen,10.91000,-13.04000,27.15,23.69,32.46,91.84,178.07,698.74,86.99,7.41,6,88.19,1.000,18,0.018,eleve
GN2025-00938,2025-04-24,2025,4,17,Labé,Koubia,montagneux,11.59000,-11.90000,24.83,21.01,28.73,0.41,22.47,85.19,63.57,11.40,3,50.64,0.283,2,0.002,faible
GN2025-00939,2025-07-25,2025,7,30,Labé,Labé,montagneux,11.32000,-12.29000,24.53,20.10,29.19,31.98,52.36,421.60,71.96,7.16,5,67.09,0.575,3,0.003,moyen
GN2025-00940,2025-11-01,2025,11,44,Labé,Lélouma,montagneux,11.18000,-12.48000,23.30,18.11,28.00,0.78,191.62,477.86,77.51,5.08,6,78.99,1.000,8,0.007,moyen
GN2025-00941,2025-10-29,2025,10,44,Labé,Mali,montagneux,12.08000,-12.30000,23.80,20.04,28.67,1.19,27.56,303.83,74.03,9.00,7,61.52,0.517,9,0.008,moyen
GN2025-00942,2025-08-14,2025,8,33,Labé,Tougué,montagneux,11.45000,-11.67000,24.05,19.07,27.66,19.47,104.87,288.23,78.10,14.14,7,62.63,0.884,6,0.005,moyen
GN2025-00943,2025-07-09,2025,7,28,Mamou,Dalaba,montagneux,10.69000,-12.25000,23.16,20.12,26.80,2.99,83.15,255.02,72.54,7.77,6,60.71,0.687,7,0.007,faible
GN2025-00944,2025-09-15,2025,9,38,Mamou,Mamou,montagneux,10.38000,-12.09000,24.45,19.69,28.70,0.76,91.01,376.42,80.72,10.44,5,65.41,0.783,9,0.009,moyen
GN2025-00945,2025-09-25,2025,9,39,Mamou,Pita,montagneux,11.06000,-12.40000,24.24,19.24,29.53,27.59,93.33,453.28,78.08,11.12,6,76.07,0.800,6,0.006,moyen
GN2025-00946,2025-05-09,2025,5,19,Nzérékoré,Beyla,forestier,8.69000,-8.65000,26.78,22.72,30.56,71.26,112.85,269.85,73.14,12.67,4,55.45,0.775,9,0.009,moyen
GN2025-00947,2025-05-20,2025,5,21,Nzérékoré,Guéckédou,forestier,8.57000,-10.13000,26.24,23.09,29.75,26.28,152.89,488.27,66.94,10.39,7,58.63,1.000,7,0.008,eleve
GN2025-00948,2025-12-15,2025,12,51,Nzérékoré,Lola,forestier,7.80000,-8.53000,25.40,22.14,29.60,103.56,347.27,1259.98,95.25,9.28,7,98.00,1.000,12,0.013,eleve
GN2025-00949,2025-09-01,2025,9,36,Nzérékoré,Macenta,forestier,8.54000,-9.47000,25.94,22.75,29.25,6.96,251.96,1492.66,75.16,10.15,7,98.00,1.000,13,0.014,eleve
GN2025-00950,2025-05-03,2025,5,18,Nzérékoré,Nzérékoré,forestier,7.76000,-8.82000,27.36,22.81,32.54,0.36,52.42,229.96,61.96,11.79,2,53.39,0.365,9,0.010,moyen
GN2025-00951,2025-05-25,2025,5,21,Nzérékoré,Yomou,forestier,7.56000,-9.31000,24.96,19.77,29.93,2.86,140.30,353.45,69.67,8.19,6,66.52,0.990,11,0.012,eleve
GN2025-00952,2025-06-27,2025,6,26,Conakry,Conakry,côtier,9.54000,-13.68000,28.40,22.88,31.88,80.42,273.32,936.62,76.20,10.07,7,97.11,1.000,17,0.020,eleve
GN2025-00953,2025-12-31,2025,12,1,Boké,Boffa,côtier,10.18000,-14.04000,27.90,23.07,32.24,31.04,297.06,608.28,81.89,7.00,7,81.72,1.000,18,0.019,eleve
GN2025-00954,2025-04-06,2025,4,14,Boké,Boké,côtier,10.94000,-14.29000,29.40,24.80,34.24,0.32,2.77,23.78,60.28,11.19,0,40.01,0.090,3,0.003,faible
GN2025-00955,2025-10-10,2025,10,41,Boké,Fria,côtier,10.37000,-13.58000,28.38,23.99,32.07,1.69,28.98,289.10,74.04,10.66,6,62.22,0.474,11,0.011,moyen
GN2025-00956,2025-09-12,2025,9,37,Boké,Gaoual,soudano-guinéen,11.75000,-13.20000,28.25,24.69,32.98,22.23,87.42,339.95,81.21,10.48,6,62.94,0.792,12,0.012,moyen
GN2025-00957,2025-09-28,2025,9,39,Boké,Koundara,soudano-guinéen,12.48000,-13.30000,29.60,24.66,34.02,2.24,12.53,125.46,77.66,10.82,6,51.23,0.458,11,0.010,faible
GN2025-00958,2025-08-05,2025,8,32,Faranah,Dabola,soudano-guinéen,10.75000,-11.11000,28.40,23.15,32.29,1.09,56.51,219.18,70.27,6.21,4,61.71,0.551,6,0.006,faible
GN2025-00959,2025-11-17,2025,11,47,Faranah,Dinguiraye,soudano-guinéen,11.30000,-10.72000,27.83,22.67,31.71,0.11,10.50,289.06,78.31,12.02,5,59.82,0.355,4,0.004,moyen
GN2025-00960,2025-01-04,2025,1,1,Faranah,Faranah,soudano-guinéen,10.04000,-10.74000,30.60,26.93,35.68,0.39,6.20,6.20,56.01,9.60,1,33.56,0.172,4,0.004,faible
GN2025-00961,2025-10-22,2025,10,43,Faranah,Kissidougou,forestier,9.18000,-10.10000,26.61,22.81,30.22,15.52,266.22,814.99,79.60,10.83,7,89.84,1.000,8,0.008,eleve
GN2025-00962,2025-01-07,2025,1,2,Kankan,Kankan,soudano-guinéen,10.39000,-9.31000,29.94,25.48,34.50,0.37,1.97,1.97,58.42,10.94,0,41.52,0.081,0,0.000,faible
GN2025-00963,2025-09-16,2025,9,38,Kankan,Kérouané,forestier,9.27000,-9.01000,27.38,23.10,32.50,0.06,106.32,727.52,77.64,6.49,6,89.48,0.803,23,0.024,eleve
GN2025-00964,2025-09-29,2025,9,40,Kankan,Kouroussa,soudano-guinéen,10.65000,-9.89000,27.94,23.40,33.42,0.43,57.94,299.84,74.58,8.87,5,51.88,0.573,5,0.005,moyen
GN2025-00965,2025-04-11,2025,4,15,Kankan,Mandiana,soudano-guinéen,10.63000,-8.68000,29.99,24.91,35.21,0.03,17.82,45.65,56.53,11.86,2,37.51,0.228,1,0.001,faible
GN2025-00966,2025-09-23,2025,9,39,Kankan,Siguiri,soudano-guinéen,11.42000,-9.17000,28.92,25.05,34.19,0.15,36.30,240.13,69.72,5.41,2,56.27,0.368,6,0.006,faible
GN2025-00967,2025-10-17,2025,10,42,Kindia,Coyah,côtier,9.71000,-13.38000,27.97,24.85,31.63,19.81,111.34,1386.55,76.52,11.46,7,98.00,0.939,9,0.010,eleve
GN2025-00968,2025-09-24,2025,9,39,Kindia,Dubréka,côtier,9.79000,-13.52000,26.11,21.45,29.33,5.20,243.67,752.64,77.80,10.41,7,83.24,1.000,12,0.013,eleve
GN2025-00969,2025-06-14,2025,6,24,Kindia,Forécariah,côtier,9.43000,-13.09000,27.52,22.73,32.18,24.46,131.20,615.93,79.33,9.34,6,81.74,1.000,11,0.012,eleve
GN2025-00970,2025-07-26,2025,7,30,Kindia,Kindia,côtier,10.06000,-12.87000,27.09,23.29,32.14,74.62,171.07,838.57,87.97,7.12,7,93.32,1.000,14,0.015,eleve
GN2025-00971,2025-04-24,2025,4,17,Kindia,Télimélé,soudano-guinéen,10.91000,-13.04000,29.03,25.28,32.50,0.21,52.02,107.09,59.05,8.01,1,52.66,0.342,4,0.004,faible
GN2025-00972,2025-10-28,2025,10,44,Labé,Koubia,montagneux,11.59000,-11.90000,23.22,20.06,27.86,0.62,79.16,513.59,72.85,8.14,5,68.08,0.682,9,0.008,moyen
GN2025-00973,2025-02-01,2025,2,5,Labé,Labé,montagneux,11.32000,-12.29000,24.84,20.88,30.03,0.13,2.25,57.96,54.32,10.01,0,42.10,0.166,2,0.002,faible
GN2025-00974,2025-08-17,2025,8,33,Labé,Lélouma,montagneux,11.18000,-12.48000,24.09,20.86,28.65,2.14,49.36,458.36,77.46,9.43,6,77.88,0.563,3,0.003,moyen
GN2025-00975,2025-09-26,2025,9,39,Labé,Mali,montagneux,12.08000,-12.30000,23.33,20.19,27.41,0.75,79.92,394.69,73.17,8.83,5,72.05,0.643,7,0.006,moyen
GN2025-00976,2025-04-08,2025,4,15,Labé,Tougué,montagneux,11.45000,-11.67000,27.04,23.97,30.88,0.68,4.10,38.22,62.35,10.58,0,48.20,0.124,5,0.005,faible
GN2025-00977,2025-07-13,2025,7,28,Mamou,Dalaba,montagneux,10.69000,-12.25000,24.22,19.20,29.87,12.76,92.85,254.17,73.70,10.32,6,54.55,0.799,5,0.005,moyen
GN2025-00978,2025-05-24,2025,5,21,Mamou,Mamou,montagneux,10.38000,-12.09000,24.85,20.04,27.98,0.51,51.94,92.01,68.35,5.39,5,53.66,0.550,5,0.005,faible
GN2025-00979,2025-01-03,2025,1,1,Mamou,Pita,montagneux,11.06000,-12.40000,26.39,21.93,31.40,0.19,0.70,0.70,51.62,12.05,0,30.62,0.011,1,0.001,faible
GN2025-00980,2025-03-09,2025,3,10,Nzérékoré,Beyla,forestier,8.69000,-8.65000,28.63,25.38,34.32,0.13,2.35,84.49,62.08,10.95,0,45.02,0.110,5,0.005,faible
GN2025-00981,2025-05-24,2025,5,21,Nzérékoré,Guéckédou,forestier,8.57000,-10.13000,26.42,21.04,31.54,1.06,172.06,627.82,69.73,12.22,7,77.78,1.000,14,0.015,eleve
GN2025-00982,2025-04-11,2025,4,15,Nzérékoré,Lola,forestier,7.80000,-8.53000,28.11,24.33,32.18,0.22,41.79,165.45,62.72,10.41,2,46.74,0.361,6,0.006,faible
GN2025-00983,2025-11-23,2025,11,47,Nzérékoré,Macenta,forestier,8.54000,-9.47000,25.42,20.82,30.16,84.92,405.16,1315.02,83.65,7.77,6,98.00,1.000,24,0.026,eleve
GN2025-00984,2025-01-05,2025,1,1,Nzérékoré,Nzérékoré,forestier,7.76000,-8.82000,26.84,21.54,32.26,0.14,2.25,2.25,65.76,12.38,0,45.91,0.107,5,0.005,faible
GN2025-00985,2025-08-11,2025,8,33,Nzérékoré,Yomou,forestier,7.56000,-9.31000,25.76,21.83,30.59,22.70,288.49,1042.20,75.31,7.09,7,98.00,1.000,14,0.015,eleve
GN2025-00986,2025-04-19,2025,4,16,Conakry,Conakry,côtier,9.54000,-13.68000,27.52,22.97,32.00,34.32,46.88,93.17,68.77,7.95,2,40.98,0.399,4,0.005,faible
GN2025-00987,2025-06-12,2025,6,24,Boké,Boffa,côtier,10.18000,-14.04000,26.77,22.66,30.42,8.08,16.56,223.02,75.38,10.79,5,55.26,0.398,6,0.006,moyen
GN2025-00988,2025-02-05,2025,2,6,Boké,Boké,côtier,10.94000,-14.29000,29.28,26.26,33.86,0.30,36.39,59.53,55.35,9.25,3,36.65,0.424,5,0.005,faible
GN2025-00989,2025-10-15,2025,10,42,Boké,Fria,côtier,10.37000,-13.58000,28.00,23.24,33.30,12.97,44.66,230.66,78.63,11.95,5,62.96,0.565,8,0.008,moyen
GN2025-00990,2025-08-22,2025,8,34,Boké,Gaoual,soudano-guinéen,11.75000,-13.20000,28.10,23.30,32.51,2.01,118.45,401.15,77.81,8.17,6,63.35,0.996,15,0.014,moyen
GN2025-00991,2025-09-05,2025,9,36,Boké,Koundara,soudano-guinéen,12.48000,-13.30000,28.91,24.23,34.13,2.05,45.86,243.65,73.55,6.95,6,55.01,0.525,7,0.007,faible
GN2025-00992,2025-06-16,2025,6,25,Faranah,Dabola,soudano-guinéen,10.75000,-11.11000,28.70,24.61,33.83,2.31,16.55,200.32,68.86,5.92,7,55.53,0.485,9,0.009,faible
GN2025-00993,2025-06-25,2025,6,26,Faranah,Dinguiraye,soudano-guinéen,11.30000,-10.72000,28.17,23.97,33.05,0.72,108.32,475.49,67.95,6.37,6,63.55,0.882,18,0.017,moyen
GN2025-00994,2025-06-14,2025,6,24,Faranah,Faranah,soudano-guinéen,10.04000,-10.74000,28.31,24.58,32.46,58.42,209.08,375.40,80.26,6.56,6,63.58,1.000,9,0.009,eleve
GN2025-00995,2025-03-17,2025,3,12,Faranah,Kissidougou,forestier,9.18000,-10.10000,27.79,23.39,32.81,34.43,36.61,114.16,58.98,15.64,1,42.60,0.354,3,0.003,faible
GN2025-00996,2025-09-26,2025,9,39,Kankan,Kankan,soudano-guinéen,10.39000,-9.31000,27.40,24.02,31.27,51.36,151.58,337.07,82.36,10.12,7,72.76,1.000,11,0.011,eleve
GN2025-00997,2025-01-28,2025,1,5,Kankan,Kérouané,forestier,9.27000,-9.01000,29.92,25.14,35.19,0.45,7.65,17.78,53.87,6.00,1,36.52,0.164,2,0.002,faible
GN2025-00998,2025-04-07,2025,4,15,Kankan,Kouroussa,soudano-guinéen,10.65000,-9.89000,29.33,24.89,33.21,0.02,2.73,38.89,62.89,5.44,0,42.65,0.159,5,0.005,faible
GN2025-00999,2025-07-12,2025,7,28,Kankan,Mandiana,soudano-guinéen,10.63000,-8.68000,28.82,25.66,34.38,24.46,90.07,250.39,78.94,8.27,7,60.78,0.855,9,0.009,moyen
GN2025-01000,2025-01-08,2025,1,2,Kankan,Siguiri,soudano-guinéen,11.42000,-9.17000,31.20,25.66,34.57,0.40,3.23,4.03,60.71,8.43,0,32.27,0.080,3,0.003,faible
GN2025-01001,2025-01-16,2025,1,3,Kindia,Coyah,côtier,9.71000,-13.38000,29.28,24.69,33.90,0.71,2.91,7.93,57.73,12.00,0,31.29,0.122,2,0.002,faible
GN2025-01002,2025-05-22,2025,5,21,Kindia,Dubréka,côtier,9.79000,-13.52000,26.85,22.48,30.02,2.31,52.69,341.41,64.63,9.96,5,62.73,0.492,8,0.009,moyen
GN2025-01003,2025-03-21,2025,3,12,Kindia,Forécariah,côtier,9.43000,-13.09000,28.25,24.84,31.93,0.57,19.88,98.29,65.64,9.02,1,40.77,0.182,5,0.005,faible
GN2025-01004,2025-12-23,2025,12,52,Kindia,Kindia,côtier,10.06000,-12.87000,25.53,21.93,30.28,54.76,114.41,879.00,80.90,5.86,7,98.00,0.969,16,0.017,eleve
GN2025-01005,2025-09-14,2025,9,37,Kindia,Télimélé,soudano-guinéen,10.91000,-13.04000,28.07,23.45,32.72,14.24,258.54,560.91,77.04,9.34,6,71.57,1.000,11,0.011,eleve
GN2025-01006,2025-12-28,2025,12,52,Labé,Koubia,montagneux,11.59000,-11.90000,23.44,18.06,28.96,2.95,75.52,383.54,72.56,7.50,5,60.85,0.596,5,0.005,moyen
GN2025-01007,2025-06-28,2025,6,26,Labé,Labé,montagneux,11.32000,-12.29000,24.12,19.12,29.91,1.64,84.79,419.06,65.12,3.74,4,68.11,0.627,9,0.008,moyen
GN2025-01008,2025-08-07,2025,8,32,Labé,Lélouma,montagneux,11.18000,-12.48000,22.65,17.68,27.58,0.15,16.95,380.47,65.81,10.50,4,58.31,0.337,7,0.006,faible
GN2025-01009,2025-06-02,2025,6,23,Labé,Mali,montagneux,12.08000,-12.30000,24.45,19.89,27.91,1.92,41.55,207.52,74.63,6.69,7,53.92,0.602,6,0.005,faible
GN2025-01010,2025-08-10,2025,8,32,Labé,Tougué,montagneux,11.45000,-11.67000,25.01,19.96,28.12,17.33,87.99,301.97,75.75,8.97,5,64.77,0.653,7,0.006,moyen
GN2025-01011,2025-11-21,2025,11,47,Mamou,Dalaba,montagneux,10.69000,-12.25000,24.86,21.11,28.31,39.51,205.69,533.89,79.11,11.96,6,77.54,1.000,9,0.008,eleve
GN2025-01012,2025-11-15,2025,11,46,Mamou,Mamou,montagneux,10.38000,-12.09000,26.74,23.42,32.43,46.94,73.36,426.89,82.10,6.55,7,71.78,0.806,12,0.011,moyen
GN2025-01013,2025-05-19,2025,5,21,Mamou,Pita,montagneux,11.06000,-12.40000,25.44,21.70,29.75,2.03,14.89,226.78,71.42,6.70,5,56.14,0.365,7,0.007,faible
GN2025-01014,2025-02-05,2025,2,6,Nzérékoré,Beyla,forestier,8.69000,-8.65000,26.53,23.08,30.15,0.76,12.11,53.85,53.94,10.60,1,34.72,0.189,5,0.005,faible
GN2025-01015,2025-04-18,2025,4,16,Nzérékoré,Guéckédou,forestier,8.57000,-10.13000,26.32,23.24,29.56,0.06,34.74,83.37,64.29,11.12,1,48.42,0.306,8,0.009,faible
GN2025-01016,2025-07-13,2025,7,28,Nzérékoré,Lola,forestier,7.80000,-8.53000,24.57,20.93,30.02,13.20,181.94,752.67,72.16,10.53,7,87.89,1.000,14,0.015,eleve
GN2025-01017,2025-12-01,2025,12,49,Nzérékoré,Macenta,forestier,8.54000,-9.47000,24.78,20.33,27.91,33.11,323.18,1430.83,67.51,7.35,7,98.00,1.000,13,0.014,eleve
GN2025-01018,2025-08-12,2025,8,33,Nzérékoré,Nzérékoré,forestier,7.76000,-8.82000,25.24,21.58,28.34,3.97,275.95,963.10,67.36,5.18,7,96.22,1.000,11,0.012,eleve
GN2025-01019,2025-03-17,2025,3,12,Nzérékoré,Yomou,forestier,7.56000,-9.31000,26.87,22.66,32.03,0.49,3.01,81.46,55.39,10.05,0,45.02,0.111,2,0.002,faible
GN2025-01020,2025-04-13,2025,4,15,Conakry,Conakry,côtier,9.54000,-13.68000,27.39,22.13,32.61,0.36,3.20,75.72,57.55,9.01,0,42.75,0.117,2,0.002,faible
GN2025-01021,2025-01-21,2025,1,4,Boké,Boffa,côtier,10.18000,-14.04000,29.28,24.50,33.95,0.24,3.06,11.02,56.34,9.36,0,28.51,0.107,2,0.002,faible
GN2025-01022,2025-08-13,2025,8,33,Boké,Boké,côtier,10.94000,-14.29000,28.14,24.42,33.82,13.73,41.02,402.70,81.22,10.69,5,66.44,0.502,11,0.011,moyen
GN2025-01023,2025-12-07,2025,12,49,Boké,Fria,côtier,10.37000,-13.58000,28.48,24.76,34.21,14.25,89.94,400.79,78.20,6.87,7,68.67,0.814,10,0.010,moyen
GN2025-01024,2025-09-20,2025,9,38,Boké,Gaoual,soudano-guinéen,11.75000,-13.20000,28.04,24.35,31.63,35.64,97.22,324.79,78.21,8.33,5,59.21,0.735,12,0.012,moyen
GN2025-01025,2025-11-21,2025,11,47,Boké,Koundara,soudano-guinéen,12.48000,-13.30000,29.11,25.93,34.76,0.17,12.50,166.70,76.34,7.34,4,57.57,0.303,8,0.007,faible
GN2025-01026,2025-05-06,2025,5,19,Faranah,Dabola,soudano-guinéen,10.75000,-11.11000,29.08,25.81,33.78,2.63,115.45,248.54,68.68,13.23,4,57.03,0.859,4,0.004,moyen
GN2025-01027,2025-02-11,2025,2,7,Faranah,Dinguiraye,soudano-guinéen,11.30000,-10.72000,29.60,24.57,35.05,0.34,2.42,30.00,55.24,14.69,0,39.56,0.142,3,0.003,faible
GN2025-01028,2025-02-04,2025,2,6,Faranah,Faranah,soudano-guinéen,10.04000,-10.74000,27.82,22.73,31.68,0.72,2.53,45.11,61.31,14.65,0,42.22,0.111,3,0.003,faible
GN2025-01029,2025-05-04,2025,5,18,Faranah,Kissidougou,forestier,9.18000,-10.10000,26.40,21.56,31.83,0.04,42.15,124.79,63.82,7.77,2,55.41,0.379,5,0.005,faible
GN2025-01030,2025-12-22,2025,12,52,Kankan,Kankan,soudano-guinéen,10.39000,-9.31000,29.12,24.41,32.90,7.15,32.40,375.17,78.19,7.16,5,67.81,0.486,8,0.008,moyen
GN2025-01031,2025-04-13,2025,4,15,Kankan,Kérouané,forestier,9.27000,-9.01000,28.69,24.06,33.63,8.68,40.25,82.64,61.55,14.11,3,44.07,0.453,7,0.007,faible
GN2025-01032,2025-11-23,2025,11,47,Kankan,Kouroussa,soudano-guinéen,10.65000,-9.89000,29.81,26.61,34.05,131.41,203.87,388.08,87.18,10.57,6,64.72,1.000,3,0.003,eleve
GN2025-01033,2025-06-21,2025,6,25,Kankan,Mandiana,soudano-guinéen,10.63000,-8.68000,29.82,25.00,33.80,0.17,78.00,301.25,71.81,8.32,6,54.78,0.693,5,0.005,moyen
GN2025-01034,2025-12-08,2025,12,50,Kankan,Siguiri,soudano-guinéen,11.42000,-9.17000,29.02,25.71,32.82,4.25,20.02,133.17,69.70,6.96,4,50.97,0.299,5,0.005,faible
GN2025-01035,2025-11-02,2025,11,44,Kindia,Coyah,côtier,9.71000,-13.38000,27.35,21.84,30.64,2.23,257.60,848.02,69.14,7.32,7,96.93,1.000,11,0.012,eleve
GN2025-01036,2025-03-10,2025,3,11,Kindia,Dubréka,côtier,9.79000,-13.52000,27.86,23.46,32.76,0.64,2.82,12.87,52.52,12.30,0,27.63,0.063,6,0.007,faible
GN2025-01037,2025-10-28,2025,10,44,Kindia,Forécariah,côtier,9.43000,-13.09000,25.43,22.14,31.22,0.02,243.38,1136.54,79.45,9.91,5,98.00,1.000,14,0.015,eleve
GN2025-01038,2025-02-23,2025,2,8,Kindia,Kindia,côtier,10.06000,-12.87000,27.71,23.60,33.43,0.58,14.47,30.12,51.07,7.30,1,31.54,0.189,2,0.002,faible
GN2025-01039,2025-09-02,2025,9,36,Kindia,Télimélé,soudano-guinéen,10.91000,-13.04000,27.67,22.64,33.09,2.52,79.03,452.76,74.66,8.61,7,77.94,0.761,9,0.009,moyen
GN2025-01040,2025-05-01,2025,5,18,Labé,Koubia,montagneux,11.59000,-11.90000,25.51,21.64,29.29,3.46,25.23,61.97,61.33,12.24,2,41.19,0.296,2,0.002,faible
GN2025-01041,2025-07-07,2025,7,28,Labé,Labé,montagneux,11.32000,-12.29000,24.39,20.31,28.03,6.25,77.88,359.33,72.02,7.02,5,68.83,0.697,7,0.007,moyen
GN2025-01042,2025-09-21,2025,9,38,Labé,Lélouma,montagneux,11.18000,-12.48000,23.21,19.11,28.05,2.50,107.24,386.70,71.31,8.78,7,67.90,0.921,9,0.008,moyen
GN2025-01043,2025-02-21,2025,2,8,Labé,Mali,montagneux,12.08000,-12.30000,25.55,20.48,30.22,0.38,13.55,44.23,59.83,12.12,1,52.86,0.155,5,0.005,faible
GN2025-01044,2025-05-10,2025,5,19,Labé,Tougué,montagneux,11.45000,-11.67000,25.81,22.24,28.88,1.56,28.02,83.78,56.95,10.59,6,43.33,0.444,3,0.003,faible
GN2025-01045,2025-02-08,2025,2,6,Mamou,Dalaba,montagneux,10.69000,-12.25000,27.28,23.72,31.17,0.10,10.19,63.42,52.27,9.61,1,41.76,0.178,3,0.003,faible
GN2025-01046,2025-10-11,2025,10,41,Mamou,Mamou,montagneux,10.38000,-12.09000,25.16,20.58,30.46,1.18,98.16,536.33,70.34,8.93,7,77.46,0.835,10,0.009,moyen
GN2025-01047,2025-03-21,2025,3,12,Mamou,Pita,montagneux,11.06000,-12.40000,26.97,21.47,31.81,0.01,1.77,76.49,57.37,6.83,0,42.50,0.052,3,0.003,faible
GN2025-01048,2025-10-26,2025,10,43,Nzérékoré,Beyla,forestier,8.69000,-8.65000,26.91,21.69,32.52,30.60,225.97,961.76,73.38,9.72,6,95.55,1.000,12,0.012,eleve
GN2025-01049,2025-12-15,2025,12,51,Nzérékoré,Guéckédou,forestier,8.57000,-10.13000,24.81,20.58,29.42,14.81,310.04,1226.12,81.03,7.44,7,98.00,1.000,17,0.019,eleve
GN2025-01050,2025-06-28,2025,6,26,Nzérékoré,Lola,forestier,7.80000,-8.53000,24.32,20.25,28.84,222.87,388.03,975.47,92.60,10.25,7,98.00,1.000,10,0.011,eleve
GN2025-01051,2025-11-04,2025,11,45,Nzérékoré,Macenta,forestier,8.54000,-9.47000,24.72,21.32,29.73,14.82,238.26,1092.67,81.03,8.98,6,98.00,1.000,14,0.015,eleve
GN2025-01052,2025-05-12,2025,5,20,Nzérékoré,Nzérékoré,forestier,7.76000,-8.82000,27.04,22.52,32.02,81.97,133.32,273.25,72.98,8.38,5,64.55,0.903,6,0.007,eleve
GN2025-01053,2025-04-21,2025,4,17,Nzérékoré,Yomou,forestier,7.56000,-9.31000,27.06,23.41,30.91,23.07,87.44,164.34,65.35,9.38,4,43.33,0.625,8,0.009,moyen
GN2025-01054,2025-08-25,2025,8,35,Conakry,Conakry,côtier,9.54000,-13.68000,27.01,21.94,31.28,111.51,294.02,1144.43,88.83,6.77,4,98.00,1.000,16,0.019,eleve
GN2025-01055,2025-09-22,2025,9,39,Boké,Boffa,côtier,10.18000,-14.04000,26.20,22.42,30.24,0.91,166.94,906.74,77.83,4.83,3,98.00,1.000,10,0.010,eleve
GN2025-01056,2025-03-27,2025,3,13,Boké,Boké,côtier,10.94000,-14.29000,29.49,24.93,32.65,0.53,3.80,34.98,62.39,10.73,0,47.18,0.055,4,0.004,faible
GN2025-01057,2025-04-26,2025,4,17,Boké,Fria,côtier,10.37000,-13.58000,28.70,23.72,33.00,0.74,84.48,155.20,65.08,8.32,2,45.36,0.500,5,0.005,faible
GN2025-01058,2025-08-25,2025,8,35,Boké,Gaoual,soudano-guinéen,11.75000,-13.20000,28.98,25.85,32.70,6.46,117.24,388.56,74.38,10.34,7,60.36,0.942,8,0.008,eleve
GN2025-01059,2025-06-28,2025,6,26,Boké,Koundara,soudano-guinéen,12.48000,-13.30000,29.62,26.41,34.26,2.90,45.16,148.50,66.02,8.27,6,42.97,0.586,5,0.005,faible
GN2025-01060,2025-07-06,2025,7,27,Faranah,Dabola,soudano-guinéen,10.75000,-11.11000,27.71,22.89,31.84,9.04,111.29,244.60,73.54,8.98,7,62.59,0.868,6,0.006,moyen
GN2025-01061,2025-10-24,2025,10,43,Faranah,Dinguiraye,soudano-guinéen,11.30000,-10.72000,27.40,24.17,30.63,92.84,98.34,273.58,92.11,6.27,4,64.21,0.802,11,0.010,moyen
GN2025-01062,2025-04-25,2025,4,17,Faranah,Faranah,soudano-guinéen,10.04000,-10.74000,28.59,24.27,33.56,0.03,1.75,28.43,60.07,11.58,0,34.82,0.079,3,0.003,faible
GN2025-01063,2025-03-05,2025,3,10,Faranah,Kissidougou,forestier,9.18000,-10.10000,26.95,21.90,31.40,0.57,32.65,79.85,55.12,11.69,1,44.47,0.301,2,0.002,faible
GN2025-01064,2025-12-20,2025,12,51,Kankan,Kankan,soudano-guinéen,10.39000,-9.31000,27.65,23.05,31.73,0.06,44.48,368.08,78.46,9.89,5,63.40,0.599,13,0.013,moyen
GN2025-01065,2025-04-19,2025,4,16,Kankan,Kérouané,forestier,9.27000,-9.01000,28.38,22.91,33.70,0.48,11.42,83.66,66.36,10.64,1,38.96,0.207,10,0.010,faible
GN2025-01066,2025-03-15,2025,3,11,Kankan,Kouroussa,soudano-guinéen,10.65000,-9.89000,29.83,26.11,33.63,0.62,3.93,25.53,64.08,10.72,0,42.60,0.059,2,0.002,faible
GN2025-01067,2025-08-16,2025,8,33,Kankan,Mandiana,soudano-guinéen,10.63000,-8.68000,29.90,26.31,33.71,9.75,18.84,180.12,82.62,10.12,6,52.97,0.475,6,0.006,faible
GN2025-01068,2025-01-25,2025,1,4,Kankan,Siguiri,soudano-guinéen,11.42000,-9.17000,31.15,27.83,34.55,0.33,2.56,19.26,58.24,12.86,0,35.63,0.167,4,0.004,faible
GN2025-01069,2025-08-18,2025,8,34,Kindia,Coyah,côtier,9.71000,-13.38000,28.59,23.67,33.73,37.17,116.61,1249.46,71.80,9.70,5,98.00,0.843,10,0.011,eleve
GN2025-01070,2025-07-18,2025,7,29,Kindia,Dubréka,côtier,9.79000,-13.52000,28.01,24.65,32.18,87.50,285.77,725.00,84.36,9.82,6,91.52,1.000,12,0.013,eleve
GN2025-01071,2025-04-29,2025,4,18,Kindia,Forécariah,côtier,9.43000,-13.09000,27.57,22.60,30.57,0.24,13.87,341.63,62.54,6.40,1,62.62,0.216,4,0.004,faible
GN2025-01072,2025-05-08,2025,5,19,Kindia,Kindia,côtier,10.06000,-12.87000,27.47,24.18,31.00,1.00,99.22,240.10,64.29,9.08,5,54.13,0.745,11,0.012,moyen
GN2025-01073,2025-08-19,2025,8,34,Kindia,Télimélé,soudano-guinéen,10.91000,-13.04000,26.50,21.65,30.11,35.85,104.56,446.63,77.56,8.20,5,64.23,0.817,10,0.010,eleve
GN2025-01074,2025-04-22,2025,4,17,Labé,Koubia,montagneux,11.59000,-11.90000,24.33,20.74,27.89,5.65,21.92,85.14,65.76,9.08,3,39.52,0.332,4,0.004,faible
GN2025-01075,2025-01-28,2025,1,5,Labé,Labé,montagneux,11.32000,-12.29000,25.34,20.69,30.96,0.50,2.61,57.73,57.93,16.11,0,44.94,0.097,3,0.003,faible
GN2025-01076,2025-07-20,2025,7,29,Labé,Lélouma,montagneux,11.18000,-12.48000,23.84,20.74,28.31,17.63,132.75,520.22,76.41,7.55,5,79.55,0.944,6,0.006,moyen
GN2025-01077,2025-03-09,2025,3,10,Labé,Mali,montagneux,12.08000,-12.30000,25.79,22.78,30.15,0.56,3.10,25.18,58.01,11.12,0,40.38,0.093,4,0.004,faible
GN2025-01078,2025-02-09,2025,2,6,Labé,Tougué,montagneux,11.45000,-11.67000,26.21,22.22,30.46,6.65,8.28,72.12,57.97,9.75,1,43.09,0.192,1,0.001,faible
GN2025-01079,2025-08-30,2025,8,35,Mamou,Dalaba,montagneux,10.69000,-12.25000,23.65,18.64,27.20,28.15,118.03,602.39,80.82,7.75,6,77.02,0.921,9,0.008,moyen
GN2025-01080,2025-11-09,2025,11,45,Mamou,Mamou,montagneux,10.38000,-12.09000,24.32,18.81,27.51,2.10,103.80,458.98,72.04,9.31,7,67.55,0.851,10,0.009,moyen
GN2025-01081,2025-01-15,2025,1,3,Mamou,Pita,montagneux,11.06000,-12.40000,25.76,22.37,31.04,0.08,2.60,22.71,55.92,9.56,0,36.14,0.168,5,0.005,faible
GN2025-01082,2025-10-31,2025,10,44,Nzérékoré,Beyla,forestier,8.69000,-8.65000,26.98,21.50,32.20,58.48,217.02,1075.99,77.74,10.50,7,98.00,1.000,12,0.012,eleve
GN2025-01083,2025-02-21,2025,2,8,Nzérékoré,Guéckédou,forestier,8.57000,-10.13000,27.19,21.67,32.52,6.58,49.47,92.16,62.62,11.39,3,51.12,0.411,6,0.007,faible
GN2025-01084,2025-10-24,2025,10,43,Nzérékoré,Lola,forestier,7.80000,-8.53000,25.74,22.68,28.83,3.46,297.89,1103.92,77.07,6.59,7,98.00,1.000,15,0.016,eleve
GN2025-01085,2025-12-20,2025,12,51,Nzérékoré,Macenta,forestier,8.54000,-9.47000,25.15,19.73,30.41,75.97,210.38,1178.57,83.78,4.50,6,98.00,1.000,18,0.019,eleve
GN2025-01086,2025-12-01,2025,12,49,Nzérékoré,Nzérékoré,forestier,7.76000,-8.82000,25.54,20.88,30.01,2.78,241.18,610.51,73.71,4.51,7,78.87,1.000,14,0.015,eleve
GN2025-01087,2025-02-04,2025,2,6,Nzérékoré,Yomou,forestier,7.56000,-9.31000,26.51,21.17,29.94,0.55,16.70,25.92,53.66,13.10,1,40.97,0.168,6,0.006,faible
GN2025-01088,2025-01-03,2025,1,1,Conakry,Conakry,côtier,9.54000,-13.68000,28.91,23.68,32.68,0.14,0.51,0.51,55.71,8.04,0,28.40,0.063,2,0.002,faible
GN2025-01089,2025-07-16,2025,7,29,Boké,Boffa,côtier,10.18000,-14.04000,27.40,22.20,31.17,2.67,187.53,711.30,74.35,14.57,6,91.26,1.000,10,0.010,eleve
GN2025-01090,2025-04-25,2025,4,17,Boké,Boké,côtier,10.94000,-14.29000,28.73,23.75,34.25,23.67,25.74,48.23,68.64,13.20,1,42.19,0.210,3,0.003,faible
GN2025-01091,2025-11-02,2025,11,44,Boké,Fria,côtier,10.37000,-13.58000,27.79,23.75,31.86,9.70,88.79,237.99,82.30,4.49,7,53.34,0.914,10,0.010,eleve
GN2025-01092,2025-07-14,2025,7,29,Boké,Gaoual,soudano-guinéen,11.75000,-13.20000,27.94,23.05,31.19,19.42,35.40,262.91,83.05,9.74,7,63.89,0.583,9,0.009,moyen
GN2025-01093,2025-10-26,2025,10,43,Boké,Koundara,soudano-guinéen,12.48000,-13.30000,29.59,25.10,32.89,29.30,70.49,179.74,77.85,9.10,6,41.75,0.683,15,0.014,moyen
GN2025-01094,2025-11-17,2025,11,47,Faranah,Dabola,soudano-guinéen,10.75000,-11.11000,27.76,23.82,33.39,4.30,47.65,550.37,75.40,10.17,7,77.33,0.595,5,0.005,moyen
GN2025-01095,2025-05-05,2025,5,19,Faranah,Dinguiraye,soudano-guinéen,11.30000,-10.72000,28.41,24.24,31.63,0.95,3.72,25.84,67.22,14.55,0,45.75,0.135,5,0.005,faible
GN2025-01096,2025-06-16,2025,6,25,Faranah,Faranah,soudano-guinéen,10.04000,-10.74000,28.45,23.80,32.09,0.01,207.46,360.25,72.00,8.36,5,63.64,1.000,14,0.014,eleve
GN2025-01097,2025-07-24,2025,7,30,Faranah,Kissidougou,forestier,9.18000,-10.10000,25.43,22.31,29.40,32.57,318.39,976.10,77.55,11.41,6,98.00,1.000,13,0.014,eleve
GN2025-01098,2025-07-04,2025,7,27,Kankan,Kankan,soudano-guinéen,10.39000,-9.31000,28.06,23.24,33.68,1.02,18.69,198.01,78.41,8.64,6,53.44,0.489,4,0.004,faible
GN2025-01099,2025-05-28,2025,5,22,Kankan,Kérouané,forestier,9.27000,-9.01000,28.73,24.22,32.14,2.46,78.06,292.28,76.00,8.25,5,63.87,0.713,7,0.007,moyen
GN2025-01100,2025-11-06,2025,11,45,Kankan,Kouroussa,soudano-guinéen,10.65000,-9.89000,28.90,24.09,33.82,2.35,82.48,261.43,76.20,9.03,5,58.19,0.738,8,0.008,moyen
GN2025-01101,2025-11-27,2025,11,48,Kankan,Mandiana,soudano-guinéen,10.63000,-8.68000,29.03,24.09,33.47,0.80,140.95,305.44,65.10,10.42,5,59.03,0.961,15,0.015,moyen
GN2025-01102,2025-09-21,2025,9,38,Kankan,Siguiri,soudano-guinéen,11.42000,-9.17000,30.81,26.28,36.50,32.38,82.84,262.13,83.57,6.74,4,70.80,0.692,6,0.006,moyen
GN2025-01103,2025-08-18,2025,8,34,Kindia,Coyah,côtier,9.71000,-13.38000,28.59,23.67,33.73,37.17,116.61,1249.46,71.80,9.70,5,98.00,0.766,11,0.012,eleve
GN2025-01104,2025-11-04,2025,11,45,Kindia,Dubréka,côtier,9.79000,-13.52000,28.04,23.50,33.57,0.33,158.02,865.88,70.21,5.52,6,90.90,1.000,15,0.017,eleve
GN2025-01105,2025-04-02,2025,4,14,Kindia,Forécariah,côtier,9.43000,-13.09000,29.00,25.41,33.59,0.41,11.42,53.57,54.92,9.85,1,34.62,0.236,1,0.001,faible
GN2025-01106,2025-05-10,2025,5,19,Kindia,Kindia,côtier,10.06000,-12.87000,26.67,23.60,30.47,33.72,137.97,289.92,70.89,10.90,5,64.01,0.899,9,0.010,eleve
GN2025-01107,2025-06-09,2025,6,24,Kindia,Télimélé,soudano-guinéen,10.91000,-13.04000,27.49,22.07,30.60,8.25,121.81,293.12,75.39,12.32,6,58.19,0.966,10,0.010,moyen
GN2025-01108,2025-08-09,2025,8,32,Labé,Koubia,montagneux,11.59000,-11.90000,24.10,20.25,28.12,37.46,144.50,409.20,65.47,11.17,6,61.70,1.000,9,0.008,moyen
GN2025-01109,2025-12-07,2025,12,49,Labé,Labé,montagneux,11.32000,-12.29000,22.58,18.69,26.97,27.99,74.98,522.06,74.91,3.18,5,73.35,0.646,10,0.009,moyen
GN2025-01110,2025-03-06,2025,3,10,Labé,Lélouma,montagneux,11.18000,-12.48000,24.00,20.83,29.13,0.42,4.70,24.55,65.87,6.19,1,43.15,0.185,8,0.007,faible
GN2025-01111,2025-11-20,2025,11,47,Labé,Mali,montagneux,12.08000,-12.30000,23.62,18.97,29.18,2.83,54.17,286.23,77.55,9.30,5,60.05,0.662,4,0.004,moyen
GN2025-01112,2025-04-09,2025,4,15,Labé,Tougué,montagneux,11.45000,-11.67000,25.01,21.23,28.33,0.22,4.10,38.18,57.80,10.74,0,36.01,0.118,5,0.005,faible
GN2025-01113,2025-12-30,2025,12,1,Mamou,Dalaba,montagneux,10.69000,-12.25000,23.83,18.34,27.91,12.78,159.79,666.34,74.28,9.43,7,80.79,1.000,10,0.009,eleve
GN2025-01114,2025-08-02,2025,8,31,Mamou,Mamou,montagneux,10.38000,-12.09000,26.36,21.95,31.77,0.16,138.47,455.83,72.66,8.14,4,63.75,0.870,5,0.005,eleve
GN2025-01115,2025-08-12,2025,8,33,Mamou,Pita,montagneux,11.06000,-12.40000,23.84,18.91,28.31,21.36,77.52,463.63,75.44,10.55,6,69.15,0.746,10,0.009,moyen
GN2025-01116,2025-12-09,2025,12,50,Nzérékoré,Beyla,forestier,8.69000,-8.65000,26.53,22.97,31.75,1.57,56.36,478.79,79.25,6.60,7,76.51,0.668,11,0.011,moyen
GN2025-01117,2025-04-01,2025,4,14,Nzérékoré,Guéckédou,forestier,8.57000,-10.13000,26.72,21.40,31.59,0.26,2.61,26.68,52.61,9.16,0,35.25,0.078,5,0.006,faible
GN2025-01118,2025-06-07,2025,6,23,Nzérékoré,Lola,forestier,7.80000,-8.53000,26.28,22.62,31.11,9.97,291.20,620.46,74.23,7.86,7,73.40,1.000,15,0.016,eleve
GN2025-01119,2025-02-05,2025,2,6,Nzérékoré,Macenta,forestier,8.54000,-9.47000,26.67,22.47,32.20,0.32,17.71,27.26,57.47,7.75,1,44.97,0.257,5,0.005,faible
GN2025-01120,2025-06-16,2025,6,25,Nzérékoré,Nzérékoré,forestier,7.76000,-8.82000,25.89,20.72,29.94,20.18,69.52,317.45,78.25,7.85,5,55.02,0.613,13,0.014,eleve
GN2025-01121,2025-04-22,2025,4,17,Nzérékoré,Yomou,forestier,7.56000,-9.31000,26.10,20.89,31.75,19.01,106.03,183.13,63.39,8.45,5,47.22,0.812,10,0.011,moyen
GN2025-01122,2025-10-11,2025,10,41,Conakry,Conakry,côtier,9.54000,-13.68000,26.04,21.99,29.67,15.21,237.36,771.69,75.38,9.02,6,84.77,1.000,19,0.022,eleve
GN2025-01123,2025-08-02,2025,8,31,Boké,Boffa,côtier,10.18000,-14.04000,27.34,22.61,32.72,1.22,28.63,712.32,76.35,12.34,4,85.17,0.376,13,0.014,moyen
GN2025-01124,2025-05-03,2025,5,18,Boké,Boké,côtier,10.94000,-14.29000,29.68,25.66,34.84,0.48,34.29,86.73,67.85,11.68,2,42.86,0.334,6,0.006,faible
GN2025-01125,2025-05-13,2025,5,20,Boké,Fria,côtier,10.37000,-13.58000,29.11,25.94,34.31,57.61,179.37,288.91,77.78,8.13,7,62.47,1.000,10,0.010,eleve
GN2025-01126,2025-05-01,2025,5,18,Boké,Gaoual,soudano-guinéen,11.75000,-13.20000,30.42,26.39,35.84,0.79,13.30,103.46,61.55,13.18,1,47.49,0.208,3,0.003,faible
GN2025-01127,2025-12-30,2025,12,1,Boké,Koundara,soudano-guinéen,12.48000,-13.30000,29.07,25.74,34.49,1.37,45.13,343.15,77.16,6.57,6,54.82,0.602,7,0.007,moyen
GN2025-01128,2025-10-02,2025,10,40,Faranah,Dabola,soudano-guinéen,10.75000,-11.11000,28.69,24.62,34.36,22.11,115.84,544.20,75.44,7.05,5,73.22,0.902,12,0.012,eleve
GN2025-01129,2025-11-15,2025,11,46,Faranah,Dinguiraye,soudano-guinéen,11.30000,-10.72000,27.03,22.80,31.41,1.33,26.01,289.45,74.59,8.64,6,56.30,0.534,6,0.006,moyen
GN2025-01130,2025-08-23,2025,8,34,Faranah,Faranah,soudano-guinéen,10.04000,-10.74000,27.37,22.77,32.49,1.84,109.10,477.42,77.47,7.66,6,77.68,0.782,9,0.009,moyen
GN2025-01131,2025-05-22,2025,5,21,Faranah,Kissidougou,forestier,9.18000,-10.10000,27.59,23.90,32.07,1.74,66.80,211.70,58.58,8.60,5,50.45,0.582,8,0.008,moyen
GN2025-01132,2025-10-01,2025,10,40,Kankan,Kankan,soudano-guinéen,10.39000,-9.31000,26.89,23.08,31.74,1.12,82.71,342.53,78.56,7.69,6,61.66,0.802,14,0.014,moyen
GN2025-01133,2025-12-06,2025,12,49,Kankan,Kérouané,forestier,9.27000,-9.01000,26.80,23.14,30.38,0.06,87.29,720.34,70.96,14.13,5,84.08,0.767,9,0.009,eleve
GN2025-01134,2025-04-06,2025,4,14,Kankan,Kouroussa,soudano-guinéen,10.65000,-9.89000,29.64,24.11,32.82,0.73,2.97,39.22,56.56,9.15,0,41.24,0.109,5,0.005,faible
GN2025-01135,2025-05-09,2025,5,19,Kankan,Mandiana,soudano-guinéen,10.63000,-8.68000,29.46,24.77,35.17,1.11,30.34,59.45,63.83,12.69,6,42.52,0.547,4,0.004,faible
GN2025-01136,2025-04-03,2025,4,14,Kankan,Siguiri,soudano-guinéen,11.42000,-9.17000,30.98,25.50,36.40,0.46,8.79,26.55,52.62,9.16,1,31.41,0.151,1,0.001,faible
GN2025-01137,2025-09-07,2025,9,36,Kindia,Coyah,côtier,9.71000,-13.38000,27.59,23.04,33.09,21.11,328.91,990.58,85.38,5.41,7,98.00,1.000,9,0.010,eleve
GN2025-01138,2025-02-04,2025,2,6,Kindia,Dubréka,côtier,9.79000,-13.52000,29.25,25.57,34.99,0.18,54.85,92.51,55.87,10.55,1,33.24,0.380,8,0.009,faible
GN2025-01139,2025-11-01,2025,11,44,Kindia,Forécariah,côtier,9.43000,-13.09000,27.90,24.06,31.25,127.88,315.96,1202.06,91.57,8.39,6,98.00,1.000,21,0.023,eleve
GN2025-01140,2025-04-23,2025,4,17,Kindia,Kindia,côtier,10.06000,-12.87000,27.78,23.66,32.75,17.56,51.81,133.61,59.62,5.78,3,45.74,0.413,7,0.007,moyen
GN2025-01141,2025-10-13,2025,10,42,Kindia,Télimélé,soudano-guinéen,10.91000,-13.04000,27.86,24.57,31.14,14.53,191.07,604.64,79.43,7.04,6,70.05,1.000,11,0.011,eleve
GN2025-01142,2025-12-18,2025,12,51,Labé,Koubia,montagneux,11.59000,-11.90000,24.21,20.13,28.46,0.77,40.74,381.59,74.46,6.18,5,58.78,0.551,4,0.004,faible
GN2025-01143,2025-11-18,2025,11,47,Labé,Labé,montagneux,11.32000,-12.29000,24.63,21.24,29.66,27.72,92.20,410.75,79.07,8.76,7,63.08,0.911,5,0.005,moyen
GN2025-01144,2025-11-26,2025,11,48,Labé,Lélouma,montagneux,11.18000,-12.48000,23.01,17.87,28.59,5.21,151.02,693.49,78.62,6.14,6,90.98,1.000,11,0.010,moyen
GN2025-01145,2025-09-01,2025,9,36,Labé,Mali,montagneux,12.08000,-12.30000,23.98,20.10,27.62,26.62,34.71,455.61,73.25,11.70,4,65.30,0.402,6,0.005,faible
GN2025-01146,2025-02-07,2025,2,6,Labé,Tougué,montagneux,11.45000,-11.67000,26.82,21.86,31.97,0.44,13.02,93.05,52.77,10.87,1,39.94,0.142,4,0.004,faible
GN2025-01147,2025-01-21,2025,1,4,Mamou,Dalaba,montagneux,10.69000,-12.25000,24.02,20.73,28.38,0.63,43.27,52.62,57.92,9.46,3,36.21,0.362,2,0.002,faible
GN2025-01148,2025-05-27,2025,5,22,Mamou,Mamou,montagneux,10.38000,-12.09000,25.22,20.73,28.62,29.35,87.20,129.18,66.59,8.96,5,40.07,0.708,4,0.004,faible
GN2025-01149,2025-09-17,2025,9,38,Mamou,Pita,montagneux,11.06000,-12.40000,22.82,19.57,28.06,6.47,93.66,559.48,76.86,7.67,7,74.61,0.807,12,0.011,moyen
GN2025-01150,2025-01-26,2025,1,4,Nzérékoré,Beyla,forestier,8.69000,-8.65000,27.74,22.27,33.12,0.10,23.74,55.77,56.88,10.65,1,34.24,0.223,5,0.005,faible
GN2025-01151,2025-04-26,2025,4,17,Nzérékoré,Guéckédou,forestier,8.57000,-10.13000,25.96,21.04,29.96,0.32,2.77,67.33,70.41,8.03,0,44.86,0.068,2,0.002,faible
GN2025-01152,2025-11-03,2025,11,45,Nzérékoré,Lola,forestier,7.80000,-8.53000,25.02,20.74,28.05,52.16,203.49,952.86,84.33,10.13,6,94.40,1.000,17,0.018,eleve
GN2025-01153,2025-12-01,2025,12,49,Nzérékoré,Macenta,forestier,8.54000,-9.47000,24.78,20.33,27.91,33.11,323.18,1430.83,67.51,7.35,7,98.00,1.000,18,0.019,eleve
GN2025-01154,2025-06-20,2025,6,25,Nzérékoré,Nzérékoré,forestier,7.76000,-8.82000,25.50,21.42,30.09,76.17,226.51,462.02,78.72,5.93,7,63.67,1.000,16,0.017,eleve
GN2025-01155,2025-09-14,2025,9,37,Nzérékoré,Yomou,forestier,7.56000,-9.31000,25.07,20.70,30.63,81.64,351.47,1476.78,84.56,11.27,7,98.00,1.000,11,0.012,eleve
GN2025-01156,2025-09-15,2025,9,38,Conakry,Conakry,côtier,9.54000,-13.68000,27.06,23.50,31.06,16.78,111.02,1024.56,82.71,13.81,6,98.00,0.933,11,0.013,eleve
GN2025-01157,2025-03-04,2025,3,10,Boké,Boffa,côtier,10.18000,-14.04000,28.23,23.36,31.61,0.32,2.97,31.80,63.82,12.57,0,47.07,0.148,2,0.002,faible
GN2025-01158,2025-11-02,2025,11,44,Boké,Boké,côtier,10.94000,-14.29000,27.21,23.68,32.56,19.33,66.99,382.19,79.70,11.02,6,65.15,0.757,7,0.007,eleve
GN2025-01159,2025-10-10,2025,10,41,Boké,Fria,côtier,10.37000,-13.58000,28.38,23.99,32.07,1.69,28.98,289.10,74.04,10.66,6,60.12,0.507,11,0.011,moyen
GN2025-01160,2025-04-17,2025,4,16,Boké,Gaoual,soudano-guinéen,11.75000,-13.20000,28.81,24.62,33.30,10.69,30.77,68.82,58.70,11.22,2,33.80,0.260,8,0.008,faible
GN2025-01161,2025-07-22,2025,7,30,Boké,Koundara,soudano-guinéen,12.48000,-13.30000,30.10,26.61,34.04,0.45,17.93,101.54,75.19,5.46,5,49.73,0.342,2,0.002,faible
GN2025-01162,2025-08-05,2025,8,32,Faranah,Dabola,soudano-guinéen,10.75000,-11.11000,28.40,23.15,32.29,1.09,56.51,219.18,70.27,6.21,4,52.70,0.427,11,0.011,faible
GN2025-01163,2025-07-12,2025,7,28,Faranah,Dinguiraye,soudano-guinéen,11.30000,-10.72000,27.81,24.68,33.23,0.42,39.73,251.94,76.58,8.62,5,63.84,0.459,6,0.006,moyen
GN2025-01164,2025-07-23,2025,7,30,Faranah,Faranah,soudano-guinéen,10.04000,-10.74000,28.34,24.16,32.22,1.23,54.50,287.77,75.54,7.07,6,64.35,0.589,7,0.007,moyen
GN2025-01165,2025-07-19,2025,7,29,Faranah,Kissidougou,forestier,9.18000,-10.10000,25.27,21.07,28.32,0.06,181.89,861.16,70.74,7.21,6,86.46,1.000,11,0.012,eleve
GN2025-01166,2025-05-23,2025,5,21,Kankan,Kankan,soudano-guinéen,10.39000,-9.31000,30.20,26.52,35.20,14.26,28.15,126.06,71.28,6.72,6,56.40,0.442,10,0.010,faible
GN2025-01167,2025-09-06,2025,9,36,Kankan,Kérouané,forestier,9.27000,-9.01000,27.48,23.24,31.98,1.50,329.91,781.47,75.80,6.90,7,89.57,1.000,8,0.008,eleve
GN2025-01168,2025-04-06,2025,4,14,Kankan,Kouroussa,soudano-guinéen,10.65000,-9.89000,29.64,24.11,32.82,0.73,2.97,39.22,56.56,9.15,0,42.13,0.029,3,0.003,faible
GN2025-01169,2025-05-05,2025,5,19,Kankan,Mandiana,soudano-guinéen,10.63000,-8.68000,31.01,26.66,34.50,1.48,17.76,62.68,71.80,9.69,2,43.01,0.232,2,0.002,faible
GN2025-01170,2025-06-25,2025,6,26,Kankan,Siguiri,soudano-guinéen,11.42000,-9.17000,29.51,26.46,33.99,2.95,43.75,172.79,70.99,4.95,5,49.32,0.607,4,0.004,faible
GN2025-01171,2025-12-28,2025,12,52,Kindia,Coyah,côtier,9.71000,-13.38000,27.81,23.98,30.81,57.61,191.68,1054.76,83.42,10.21,7,97.61,1.000,18,0.020,eleve
GN2025-01172,2025-04-11,2025,4,15,Kindia,Dubréka,côtier,9.79000,-13.52000,28.06,24.02,31.99,0.77,6.15,19.77,60.48,10.21,1,45.97,0.131,6,0.007,faible
GN2025-01173,2025-06-11,2025,6,24,Kindia,Forécariah,côtier,9.43000,-13.09000,27.19,24.05,30.89,0.46,136.67,609.57,59.97,10.43,5,68.56,0.872,11,0.012,eleve
GN2025-01174,2025-07-22,2025,7,30,Kindia,Kindia,côtier,10.06000,-12.87000,27.98,23.41,32.77,21.04,258.14,842.02,76.45,6.66,7,83.54,1.000,11,0.012,eleve
GN2025-01175,2025-03-21,2025,3,12,Kindia,Télimélé,soudano-guinéen,10.91000,-13.04000,28.90,25.47,34.56,0.32,32.66,64.37,55.18,10.61,2,45.73,0.375,4,0.004,faible
GN2025-01176,2025-06-14,2025,6,24,Labé,Koubia,montagneux,11.59000,-11.90000,25.19,19.91,29.36,2.11,59.27,217.37,68.60,8.98,5,49.39,0.615,8,0.007,moyen
GN2025-01177,2025-10-24,2025,10,43,Labé,Labé,montagneux,11.32000,-12.29000,24.58,21.24,30.15,16.02,161.78,430.30,75.15,5.61,7,69.59,1.000,13,0.012,eleve
GN2025-01178,2025-06-08,2025,6,23,Labé,Lélouma,montagneux,11.18000,-12.48000,23.50,18.61,29.26,7.76,57.78,132.73,68.30,6.66,6,56.92,0.607,8,0.007,moyen
GN2025-01179,2025-11-07,2025,11,45,Labé,Mali,montagneux,12.08000,-12.30000,24.02,19.37,29.75,47.48,113.45,299.77,83.69,9.22,5,62.19,0.959,8,0.007,moyen
GN2025-01180,2025-03-23,2025,3,12,Labé,Tougué,montagneux,11.45000,-11.67000,25.60,22.44,30.29,0.05,5.79,33.70,58.73,5.47,1,44.55,0.207,2,0.002,faible
GN2025-01181,2025-08-14,2025,8,33,Mamou,Dalaba,montagneux,10.69000,-12.25000,24.47,18.94,29.85,33.56,112.62,430.25,81.48,7.95,7,68.14,0.964,10,0.009,moyen
GN2025-01182,2025-04-07,2025,4,15,Mamou,Mamou,montagneux,10.38000,-12.09000,25.07,21.70,30.03,0.37,17.25,59.36,63.32,9.59,1,39.52,0.262,4,0.004,faible
GN2025-01183,2025-04-13,2025,4,15,Mamou,Pita,montagneux,11.06000,-12.40000,26.06,20.70,29.31,0.65,3.54,11.91,60.96,13.47,0,37.48,0.118,4,0.004,faible
GN2025-01184,2025-08-10,2025,8,32,Nzérékoré,Beyla,forestier,8.69000,-8.65000,27.70,22.99,30.81,5.20,121.50,854.54,73.60,10.11,6,93.62,0.896,12,0.012,eleve
GN2025-01185,2025-08-29,2025,8,35,Nzérékoré,Guéckédou,forestier,8.57000,-10.13000,25.75,20.48,28.95,100.77,197.59,1005.15,92.59,5.80,6,98.00,1.000,13,0.014,eleve
GN2025-01186,2025-07-23,2025,7,30,Nzérékoré,Lola,forestier,7.80000,-8.53000,24.46,20.28,28.17,27.81,200.92,809.82,80.14,6.64,6,92.08,1.000,16,0.017,eleve
GN2025-01187,2025-03-25,2025,3,13,Nzérékoré,Macenta,forestier,8.54000,-9.47000,26.26,21.83,31.37,0.57,15.43,80.76,58.05,7.25,1,43.79,0.272,7,0.008,faible
GN2025-01188,2025-02-08,2025,2,6,Nzérékoré,Nzérékoré,forestier,7.76000,-8.82000,26.26,23.09,30.96,21.85,24.82,59.00,54.33,12.51,1,38.06,0.266,1,0.001,faible
GN2025-01189,2025-04-26,2025,4,17,Nzérékoré,Yomou,forestier,7.56000,-9.31000,25.81,20.59,30.33,0.35,45.20,154.81,61.63,8.80,3,46.72,0.428,7,0.007,faible
GN2025-01190,2025-08-10,2025,8,32,Conakry,Conakry,côtier,9.54000,-13.68000,26.13,20.70,30.27,7.26,139.64,1081.55,76.91,5.72,6,98.00,1.000,10,0.012,eleve
GN2025-01191,2025-10-19,2025,10,42,Boké,Boffa,côtier,10.18000,-14.04000,27.18,23.32,31.40,13.35,173.07,686.90,80.20,6.35,7,85.39,1.000,14,0.015,eleve
GN2025-01192,2025-05-26,2025,5,22,Boké,Boké,côtier,10.94000,-14.29000,29.57,25.38,32.78,1.63,16.81,205.60,63.90,7.30,6,43.47,0.475,4,0.004,faible
GN2025-01193,2025-11-30,2025,11,48,Boké,Fria,côtier,10.37000,-13.58000,27.69,23.14,31.42,1.00,66.41,577.26,82.41,6.49,6,78.80,0.737,12,0.012,eleve
GN2025-01194,2025-03-01,2025,3,9,Boké,Gaoual,soudano-guinéen,11.75000,-13.20000,30.02,26.47,35.24,0.47,6.42,13.85,65.07,11.44,1,34.85,0.158,4,0.004,faible
GN2025-01195,2025-05-04,2025,5,18,Boké,Koundara,soudano-guinéen,12.48000,-13.30000,29.14,25.35,32.64,0.01,20.13,60.85,59.51,9.33,2,31.41,0.208,2,0.002,faible
GN2025-01196,2025-12-27,2025,12,52,Faranah,Dabola,soudano-guinéen,10.75000,-11.11000,28.59,25.28,32.11,26.41,45.16,201.31,83.18,12.57,5,47.91,0.558,8,0.008,moyen
GN2025-01197,2025-03-28,2025,3,13,Faranah,Dinguiraye,soudano-guinéen,11.30000,-10.72000,29.22,26.01,33.90,0.01,3.53,45.05,60.61,7.48,0,43.20,0.163,4,0.004,faible
GN2025-01198,2025-06-21,2025,6,25,Faranah,Faranah,soudano-guinéen,10.04000,-10.74000,28.17,23.60,33.44,0.92,106.26,419.21,67.33,9.05,4,56.87,0.696,11,0.011,moyen
GN2025-01199,2025-10-05,2025,10,40,Faranah,Kissidougou,forestier,9.18000,-10.10000,26.85,21.34,31.11,2.55,74.88,618.81,77.29,8.80,6,77.10,0.754,10,0.011,eleve
GN2025-01200,2025-05-17,2025,5,20,Kankan,Kankan,soudano-guinéen,10.39000,-9.31000,29.70,24.15,32.96,4.41,41.60,121.82,70.20,9.03,5,53.68,0.460,9,0.009,faible
GN2025-01201,2025-08-21,2025,8,34,Kankan,Kérouané,forestier,9.27000,-9.01000,26.77,22.86,30.02,12.83,115.53,547.98,78.38,7.30,7,79.98,0.912,12,0.012,eleve
GN2025-01202,2025-01-27,2025,1,5,Kankan,Kouroussa,soudano-guinéen,10.65000,-9.89000,29.81,25.74,34.67,0.40,2.62,13.96,54.15,8.78,0,34.59,0.102,3,0.003,faible
GN2025-01203,2025-04-28,2025,4,18,Kankan,Mandiana,soudano-guinéen,10.63000,-8.68000,30.47,27.32,33.74,0.49,23.12,47.94,57.60,13.12,2,40.73,0.273,3,0.003,faible
GN2025-01204,2025-02-19,2025,2,8,Kankan,Siguiri,soudano-guinéen,11.42000,-9.17000,31.80,26.32,35.40,0.13,17.70,42.29,60.37,10.07,1,46.06,0.214,2,0.002,faible
GN2025-01205,2025-07-18,2025,7,29,Kindia,Coyah,côtier,9.71000,-13.38000,27.51,24.15,32.69,0.88,260.17,720.84,74.77,8.99,6,76.49,1.000,11,0.012,eleve
GN2025-01206,2025-05-15,2025,5,20,Kindia,Dubréka,côtier,9.79000,-13.52000,27.53,22.41,30.71,1.98,32.57,485.13,60.51,7.84,6,66.36,0.509,5,0.006,moyen
GN2025-01207,2025-12-23,2025,12,52,Kindia,Forécariah,côtier,9.43000,-13.09000,28.09,23.57,31.16,2.29,57.18,874.18,82.20,6.12,7,97.52,0.741,13,0.014,eleve
GN2025-01208,2025-03-25,2025,3,13,Kindia,Kindia,côtier,10.06000,-12.87000,28.41,23.52,32.11,0.73,2.76,46.04,59.14,5.86,0,42.61,0.044,6,0.006,faible
GN2025-01209,2025-01-27,2025,1,5,Kindia,Télimélé,soudano-guinéen,10.91000,-13.04000,26.43,22.77,30.10,0.60,2.55,47.92,59.85,11.18,0,36.40,0.152,2,0.002,faible
GN2025-01210,2025-02-18,2025,2,8,Labé,Koubia,montagneux,11.59000,-11.90000,25.92,20.68,29.23,0.16,25.15,51.31,57.90,6.99,1,40.83,0.281,1,0.001,faible
GN2025-01211,2025-02-19,2025,2,8,Labé,Labé,montagneux,11.32000,-12.29000,25.09,20.80,28.76,0.27,3.00,23.92,60.59,11.88,0,32.62,0.201,2,0.002,faible
GN2025-01212,2025-04-09,2025,4,15,Labé,Lélouma,montagneux,11.18000,-12.48000,24.79,19.22,29.45,0.14,19.08,93.55,59.54,11.75,1,44.90,0.189,4,0.004,faible
GN2025-01213,2025-07-22,2025,7,30,Labé,Mali,montagneux,12.08000,-12.30000,23.25,17.78,28.02,0.51,122.47,397.46,79.47,7.01,5,77.53,0.962,9,0.008,moyen
GN2025-01214,2025-05-20,2025,5,21,Labé,Tougué,montagneux,11.45000,-11.67000,25.91,20.93,29.40,0.96,87.75,179.56,71.39,13.20,4,56.77,0.677,6,0.005,moyen
GN2025-01215,2025-07-09,2025,7,28,Mamou,Dalaba,montagneux,10.69000,-12.25000,23.16,20.12,26.80,2.99,83.15,255.02,72.54,7.77,6,61.47,0.731,6,0.006,faible
GN2025-01216,2025-10-11,2025,10,41,Mamou,Mamou,montagneux,10.38000,-12.09000,25.16,20.58,30.46,1.18,98.16,536.33,70.34,8.93,7,68.27,0.858,5,0.005,moyen
GN2025-01217,2025-10-27,2025,10,44,Mamou,Pita,montagneux,11.06000,-12.40000,24.28,19.06,28.27,0.30,83.00,434.56,73.93,7.21,6,71.48,0.775,9,0.008,moyen
GN2025-01218,2025-07-26,2025,7,30,Nzérékoré,Beyla,forestier,8.69000,-8.65000,27.18,21.59,31.39,15.85,165.85,544.65,75.29,7.73,6,77.23,1.000,10,0.010,eleve
GN2025-01219,2025-05-05,2025,5,19,Nzérékoré,Guéckédou,forestier,8.57000,-10.13000,27.43,24.12,32.82,29.79,140.86,231.72,72.06,8.52,6,43.27,0.979,9,0.010,eleve
GN2025-01220,2025-08-13,2025,8,33,Nzérékoré,Lola,forestier,7.80000,-8.53000,25.35,21.89,29.31,9.77,162.08,795.69,71.68,9.59,6,84.66,1.000,13,0.014,eleve
GN2025-01221,2025-02-13,2025,2,7,Nzérékoré,Macenta,forestier,8.54000,-9.47000,27.83,24.51,32.63,0.73,3.08,26.78,54.31,14.04,0,38.91,0.090,5,0.005,faible
GN2025-01222,2025-10-15,2025,10,42,Nzérékoré,Nzérékoré,forestier,7.76000,-8.82000,25.60,20.03,29.45,21.59,238.51,929.98,79.03,8.92,7,95.10,1.000,13,0.014,eleve
GN2025-01223,2025-08-30,2025,8,35,Nzérékoré,Yomou,forestier,7.56000,-9.31000,26.74,21.83,31.63,48.96,465.63,1263.32,75.75,8.00,6,98.00,1.000,9,0.010,eleve
GN2025-01224,2025-07-02,2025,7,27,Conakry,Conakry,côtier,9.54000,-13.68000,28.21,22.66,31.67,0.77,152.33,934.42,72.45,11.66,5,94.93,0.994,13,0.015,eleve
GN2025-01225,2025-10-10,2025,10,41,Boké,Boffa,côtier,10.18000,-14.04000,27.40,24.22,30.88,1.08,82.70,662.95,77.46,9.12,5,91.22,0.711,11,0.011,eleve
GN2025-01226,2025-09-16,2025,9,38,Boké,Boké,côtier,10.94000,-14.29000,27.59,22.84,31.24,1.71,42.48,380.62,68.36,9.66,6,62.54,0.490,15,0.015,moyen
GN2025-01227,2025-04-28,2025,4,18,Boké,Fria,côtier,10.37000,-13.58000,28.57,24.75,33.94,0.47,48.07,130.98,61.18,10.32,1,48.22,0.357,3,0.003,faible
GN2025-01228,2025-09-17,2025,9,38,Boké,Gaoual,soudano-guinéen,11.75000,-13.20000,30.00,24.88,33.29,0.20,66.64,350.88,70.15,8.71,5,62.85,0.652,8,0.008,moyen
GN2025-01229,2025-01-23,2025,1,4,Boké,Koundara,soudano-guinéen,12.48000,-13.30000,30.22,26.33,36.01,0.04,2.07,20.68,65.05,9.74,0,46.24,0.098,0,0.000,faible
GN2025-01230,2025-09-07,2025,9,36,Faranah,Dabola,soudano-guinéen,10.75000,-11.11000,26.74,21.75,31.47,25.69,89.73,294.98,78.73,6.53,6,53.56,0.796,8,0.008,moyen
GN2025-01231,2025-04-21,2025,4,17,Faranah,Dinguiraye,soudano-guinéen,11.30000,-10.72000,29.21,25.08,32.57,0.23,12.98,60.51,57.60,7.51,2,35.38,0.243,0,0.000,faible
GN2025-01232,2025-11-11,2025,11,46,Faranah,Faranah,soudano-guinéen,10.04000,-10.74000,28.78,25.47,33.48,67.62,136.51,496.26,88.57,4.76,6,71.64,1.000,17,0.017,eleve
GN2025-01233,2025-06-08,2025,6,23,Faranah,Kissidougou,forestier,9.18000,-10.10000,26.60,21.79,30.90,41.20,140.64,398.50,73.50,8.59,7,64.19,1.000,12,0.013,eleve
GN2025-01234,2025-12-06,2025,12,49,Kankan,Kankan,soudano-guinéen,10.39000,-9.31000,28.35,24.05,33.16,22.99,136.68,308.51,77.29,8.85,7,64.96,1.000,11,0.011,eleve
GN2025-01235,2025-01-07,2025,1,2,Kankan,Kérouané,forestier,9.27000,-9.01000,29.34,25.49,34.91,3.01,5.60,5.60,57.68,9.06,1,32.72,0.138,1,0.001,faible
GN2025-01236,2025-05-10,2025,5,19,Kankan,Kouroussa,soudano-guinéen,10.65000,-9.89000,28.87,24.48,33.62,14.84,33.56,122.62,68.41,9.74,4,54.03,0.424,9,0.009,faible
GN2025-01237,2025-08-18,2025,8,34,Kankan,Mandiana,soudano-guinéen,10.63000,-8.68000,28.82,23.65,33.85,5.46,60.73,221.67,71.26,4.32,6,62.12,0.657,7,0.007,faible
GN2025-01238,2025-06-13,2025,6,24,Kankan,Siguiri,soudano-guinéen,11.42000,-9.17000,29.60,25.95,33.31,0.73,37.44,124.08,70.07,7.49,5,57.09,0.499,9,0.008,faible
GN2025-01239,2025-03-23,2025,3,12,Kindia,Coyah,côtier,9.71000,-13.38000,28.78,23.25,32.43,0.58,76.69,116.19,56.52,11.65,2,40.75,0.580,6,0.007,faible
GN2025-01240,2025-03-16,2025,3,11,Kindia,Dubréka,côtier,9.79000,-13.52000,28.58,24.91,33.15,0.74,2.61,11.39,57.85,13.71,0,37.22,0.126,7,0.008,faible
GN2025-01241,2025-08-08,2025,8,32,Kindia,Forécariah,côtier,9.43000,-13.09000,27.29,24.17,30.56,14.97,226.89,1210.08,71.48,8.81,6,98.00,1.000,11,0.012,eleve
GN2025-01242,2025-08-13,2025,8,33,Kindia,Kindia,côtier,10.06000,-12.87000,26.48,21.20,29.79,2.97,75.78,957.69,76.24,13.05,6,91.28,0.763,11,0.012,eleve
GN2025-01243,2025-05-29,2025,5,22,Kindia,Télimélé,soudano-guinéen,10.91000,-13.04000,27.51,24.17,32.29,1.59,53.02,177.46,60.50,4.34,7,47.55,0.651,7,0.007,faible
GN2025-01244,2025-08-26,2025,8,35,Labé,Koubia,montagneux,11.59000,-11.90000,25.22,19.76,28.35,17.45,318.02,619.86,76.25,7.94,6,86.17,1.000,13,0.012,eleve
GN2025-01245,2025-03-27,2025,3,13,Labé,Labé,montagneux,11.32000,-12.29000,24.99,21.09,30.60,0.73,27.03,78.00,54.30,13.11,1,45.75,0.274,3,0.003,faible
GN2025-01246,2025-02-17,2025,2,8,Labé,Lélouma,montagneux,11.18000,-12.48000,25.45,21.49,30.14,0.67,2.80,67.10,62.86,12.74,0,45.89,0.066,4,0.004,faible
GN2025-01247,2025-11-15,2025,11,46,Labé,Mali,montagneux,12.08000,-12.30000,24.30,19.37,28.40,0.41,67.08,358.92,75.03,7.96,6,55.55,0.740,7,0.006,moyen
GN2025-01248,2025-07-18,2025,7,29,Labé,Tougué,montagneux,11.45000,-11.67000,24.87,19.93,29.16,71.39,147.72,367.29,87.59,11.45,6,67.25,1.000,7,0.006,eleve
GN2025-01249,2025-03-14,2025,3,11,Mamou,Dalaba,montagneux,10.69000,-12.25000,25.22,20.26,28.95,0.76,2.73,47.53,60.07,13.10,0,44.72,0.000,0,0.000,faible
GN2025-01250,2025-10-30,2025,10,44,Mamou,Mamou,montagneux,10.38000,-12.09000,24.91,20.78,28.83,1.39,115.37,494.73,80.36,9.67,7,80.18,0.997,5,0.005,moyen
GN2025-01251,2025-09-04,2025,9,36,Mamou,Pita,montagneux,11.06000,-12.40000,25.21,22.16,28.63,1.67,57.49,491.48,70.56,11.75,5,74.78,0.611,4,0.004,moyen
GN2025-01252,2025-11-20,2025,11,47,Nzérékoré,Beyla,forestier,8.69000,-8.65000,27.84,22.52,33.23,6.75,107.39,786.81,73.26,13.65,6,79.80,0.919,12,0.012,eleve
GN2025-01253,2025-08-26,2025,8,35,Nzérékoré,Guéckédou,forestier,8.57000,-10.13000,26.09,21.79,30.34,8.93,184.20,941.14,74.36,8.31,7,97.72,1.000,19,0.021,eleve
GN2025-01254,2025-12-20,2025,12,51,Nzérékoré,Lola,forestier,7.80000,-8.53000,25.61,20.12,28.71,24.09,198.19,1159.09,72.77,7.98,7,98.00,1.000,12,0.013,eleve
GN2025-01255,2025-12-09,2025,12,50,Nzérékoré,Macenta,forestier,8.54000,-9.47000,23.58,20.49,28.51,1.63,239.58,1381.96,77.41,11.72,7,98.00,1.000,17,0.018,eleve
GN2025-01256,2025-01-27,2025,1,5,Nzérékoré,Nzérékoré,forestier,7.76000,-8.82000,27.57,23.78,31.32,0.55,28.01,51.35,58.32,7.63,1,32.75,0.247,2,0.002,faible
GN2025-01257,2025-05-13,2025,5,20,Nzérékoré,Yomou,forestier,7.56000,-9.31000,26.53,23.42,29.93,2.57,37.08,235.52,66.94,10.77,6,64.70,0.557,14,0.015,moyen
GN2025-01258,2025-01-01,2025,1,1,Conakry,Conakry,côtier,9.54000,-13.68000,28.93,24.21,33.95,0.06,0.06,0.06,60.41,7.59,0,33.28,0.081,2,0.002,faible
GN2025-01259,2025-05-01,2025,5,18,Boké,Boffa,côtier,10.18000,-14.04000,27.58,23.96,32.37,0.50,20.64,130.52,71.81,7.48,2,47.34,0.189,9,0.009,faible
GN2025-01260,2025-02-02,2025,2,5,Boké,Boké,côtier,10.94000,-14.29000,29.25,24.51,33.29,0.17,28.99,51.57,55.59,8.52,2,41.75,0.319,6,0.006,faible
GN2025-01261,2025-10-22,2025,10,43,Boké,Fria,côtier,10.37000,-13.58000,28.89,25.86,33.99,13.37,66.15,227.64,77.03,8.59,6,49.35,0.649,12,0.012,moyen
GN2025-01262,2025-02-04,2025,2,6,Boké,Gaoual,soudano-guinéen,11.75000,-13.20000,30.06,26.81,33.59,0.40,1.67,92.77,67.29,12.64,0,47.46,0.162,2,0.002,faible
GN2025-01263,2025-08-03,2025,8,31,Boké,Koundara,soudano-guinéen,12.48000,-13.30000,28.12,23.60,31.61,3.24,57.35,104.00,69.61,7.98,7,44.17,0.636,7,0.007,moyen
GN2025-01264,2025-07-09,2025,7,28,Faranah,Dabola,soudano-guinéen,10.75000,-11.11000,27.89,24.45,32.26,2.09,48.44,230.58,70.82,10.87,7,56.14,0.624,15,0.014,moyen
GN2025-01265,2025-08-12,2025,8,33,Faranah,Dinguiraye,soudano-guinéen,11.30000,-10.72000,27.99,23.34,33.37,10.86,190.52,490.64,76.72,8.33,7,78.91,1.000,10,0.009,eleve
GN2025-01266,2025-01-07,2025,1,2,Faranah,Faranah,soudano-guinéen,10.04000,-10.74000,29.63,25.74,35.26,0.32,7.04,7.04,57.39,12.05,1,38.08,0.157,0,0.000,faible
GN2025-01267,2025-02-09,2025,2,6,Faranah,Kissidougou,forestier,9.18000,-10.10000,27.03,22.89,32.40,0.08,1.92,11.22,66.91,12.22,0,38.38,0.107,5,0.005,faible
GN2025-01268,2025-11-24,2025,11,48,Kankan,Kankan,soudano-guinéen,10.39000,-9.31000,28.56,23.20,32.46,2.67,60.65,189.20,78.95,3.92,6,60.05,0.684,8,0.008,moyen
GN2025-01269,2025-04-10,2025,4,15,Kankan,Kérouané,forestier,9.27000,-9.01000,28.14,24.74,31.31,0.02,25.68,49.62,60.44,7.06,2,35.77,0.290,6,0.006,faible
GN2025-01270,2025-03-05,2025,3,10,Kankan,Kouroussa,soudano-guinéen,10.65000,-9.89000,29.50,24.84,32.89,0.08,2.87,33.50,56.82,12.17,0,51.09,0.110,3,0.003,faible
GN2025-01271,2025-06-16,2025,6,25,Kankan,Mandiana,soudano-guinéen,10.63000,-8.68000,29.13,24.69,34.69,2.75,62.98,296.56,74.22,7.27,5,57.86,0.638,7,0.007,moyen
GN2025-01272,2025-01-26,2025,1,4,Kankan,Siguiri,soudano-guinéen,11.42000,-9.17000,31.83,27.66,35.74,5.63,7.81,24.89,55.52,7.34,1,42.46,0.193,0,0.000,faible
GN2025-01273,2025-05-17,2025,5,20,Kindia,Coyah,côtier,9.71000,-13.38000,28.20,23.32,32.18,0.32,23.42,192.83,69.03,10.50,5,62.10,0.401,2,0.002,faible
GN2025-01274,2025-10-13,2025,10,42,Kindia,Dubréka,côtier,9.79000,-13.52000,28.45,24.94,32.29,4.07,162.46,858.31,78.20,5.21,5,98.00,1.000,10,0.011,eleve
GN2025-01275,2025-04-30,2025,4,18,Kindia,Forécariah,côtier,9.43000,-13.09000,28.44,23.75,33.14,0.52,13.92,341.77,65.66,8.24,1,58.28,0.184,6,0.006,moyen
GN2025-01276,2025-03-27,2025,3,13,Kindia,Kindia,côtier,10.06000,-12.87000,27.82,23.87,32.76,0.42,2.97,45.40,56.57,5.15,0,44.60,0.113,8,0.008,faible
GN2025-01277,2025-10-29,2025,10,44,Kindia,Télimélé,soudano-guinéen,10.91000,-13.04000,28.02,22.54,32.25,2.67,97.31,557.04,83.50,6.94,6,77.50,0.810,12,0.012,eleve
GN2025-01278,2025-04-28,2025,4,18,Labé,Koubia,montagneux,11.59000,-11.90000,26.66,23.48,30.59,0.02,26.93,62.79,61.67,9.47,2,40.52,0.342,5,0.005,faible
GN2025-01279,2025-08-22,2025,8,34,Labé,Labé,montagneux,11.32000,-12.29000,24.58,19.96,30.02,18.50,77.71,569.63,77.02,6.96,6,75.35,0.739,12,0.011,moyen
GN2025-01280,2025-05-13,2025,5,20,Labé,Lélouma,montagneux,11.18000,-12.48000,24.12,18.92,28.64,1.67,11.06,63.08,69.27,8.42,5,46.59,0.364,6,0.006,faible
GN2025-01281,2025-12-13,2025,12,50,Labé,Mali,montagneux,12.08000,-12.30000,24.85,20.20,29.03,25.55,83.12,263.77,73.49,6.92,5,52.50,0.672,4,0.004,moyen
GN2025-01282,2025-04-09,2025,4,15,Labé,Tougué,montagneux,11.45000,-11.67000,25.01,21.23,28.33,0.22,4.10,38.18,57.80,10.74,0,42.37,0.109,3,0.003,faible
GN2025-01283,2025-10-26,2025,10,43,Mamou,Dalaba,montagneux,10.69000,-12.25000,24.16,19.29,29.10,18.66,79.82,506.91,75.20,7.02,6,73.52,0.787,4,0.004,moyen
GN2025-01284,2025-10-11,2025,10,41,Mamou,Mamou,montagneux,10.38000,-12.09000,25.16,20.58,30.46,1.18,98.16,536.33,70.34,8.93,7,69.93,0.865,7,0.007,moyen
GN2025-01285,2025-01-22,2025,1,4,Mamou,Pita,montagneux,11.06000,-12.40000,27.27,23.53,31.22,0.59,3.59,26.30,61.36,13.53,0,43.43,0.090,6,0.006,faible
GN2025-01286,2025-09-22,2025,9,39,Nzérékoré,Beyla,forestier,8.69000,-8.65000,26.77,23.24,29.92,3.91,85.38,680.25,77.45,7.29,6,87.67,0.789,17,0.017,eleve
GN2025-01287,2025-10-21,2025,10,43,Nzérékoré,Guéckédou,forestier,8.57000,-10.13000,26.29,20.88,31.14,38.87,153.87,906.57,79.00,7.18,7,94.73,1.000,14,0.015,eleve
GN2025-01288,2025-07-29,2025,7,31,Nzérékoré,Lola,forestier,7.80000,-8.53000,25.44,22.26,29.20,26.28,230.34,689.48,77.06,8.49,6,74.21,1.000,9,0.010,eleve
GN2025-01289,2025-10-10,2025,10,41,Nzérékoré,Macenta,forestier,8.54000,-9.47000,25.56,19.98,30.56,106.24,359.61,1274.97,89.77,8.47,7,98.00,1.000,9,0.010,eleve
GN2025-01290,2025-11-05,2025,11,45,Nzérékoré,Nzérékoré,forestier,7.76000,-8.82000,25.14,19.62,30.48,12.59,61.19,750.11,71.80,6.80,5,82.70,0.634,10,0.011,eleve
GN2025-01291,2025-07-06,2025,7,27,Nzérékoré,Yomou,forestier,7.56000,-9.31000,25.47,22.06,28.88,0.24,90.34,806.72,68.78,7.47,6,89.11,0.733,12,0.013,eleve
GN2025-01292,2025-12-26,2025,12,52,Conakry,Conakry,côtier,9.54000,-13.68000,27.70,24.59,30.82,11.21,189.62,869.71,76.31,7.61,6,83.34,1.000,19,0.022,eleve
GN2025-01293,2025-03-23,2025,3,12,Boké,Boffa,côtier,10.18000,-14.04000,29.48,24.52,33.69,0.63,24.86,59.66,59.13,10.27,2,50.24,0.316,4,0.004,faible
GN2025-01294,2025-06-27,2025,6,26,Boké,Boké,côtier,10.94000,-14.29000,28.25,22.84,32.24,2.07,45.21,383.03,67.10,6.10,7,59.40,0.665,9,0.009,moyen
GN2025-01295,2025-12-03,2025,12,49,Boké,Fria,côtier,10.37000,-13.58000,27.75,24.51,31.48,15.20,90.17,498.70,77.40,9.60,7,75.31,0.835,12,0.012,eleve
GN2025-01296,2025-08-22,2025,8,34,Boké,Gaoual,soudano-guinéen,11.75000,-13.20000,28.10,23.30,32.51,2.01,118.45,401.15,77.81,8.17,6,69.30,0.917,7,0.007,eleve
GN2025-01297,2025-02-24,2025,2,9,Boké,Koundara,soudano-guinéen,12.48000,-13.30000,30.27,25.91,34.31,0.02,13.35,35.93,56.83,10.96,2,41.38,0.216,4,0.004,faible
GN2025-01298,2025-12-30,2025,12,1,Faranah,Dabola,soudano-guinéen,10.75000,-11.11000,27.46,24.20,31.55,24.34,88.41,207.32,75.79,9.10,6,64.38,0.750,12,0.012,moyen
GN2025-01299,2025-08-02,2025,8,31,Faranah,Dinguiraye,soudano-guinéen,11.30000,-10.72000,27.55,23.46,31.55,56.89,138.54,331.69,74.68,9.39,4,63.59,0.930,14,0.013,eleve
GN2025-01300,2025-02-03,2025,2,6,Faranah,Faranah,soudano-guinéen,10.04000,-10.74000,28.75,23.81,34.39,0.34,2.49,44.84,61.47,11.45,0,37.03,0.095,4,0.004,faible
GN2025-01301,2025-01-12,2025,1,2,Faranah,Kissidougou,forestier,9.18000,-10.10000,28.09,24.30,32.10,0.72,3.85,5.50,51.29,12.07,0,35.60,0.017,1,0.001,faible
GN2025-01302,2025-05-30,2025,5,22,Kankan,Kankan,soudano-guinéen,10.39000,-9.31000,30.31,25.79,35.57,16.84,35.73,160.25,73.27,11.57,7,51.69,0.591,9,0.009,moyen
GN2025-01303,2025-09-15,2025,9,38,Kankan,Kérouané,forestier,9.27000,-9.01000,26.43,21.33,30.23,34.70,107.48,793.44,70.26,3.69,7,89.48,0.949,13,0.013,eleve
GN2025-01304,2025-01-10,2025,1,2,Kankan,Kouroussa,soudano-guinéen,10.65000,-9.89000,30.72,27.50,36.07,2.83,5.21,6.61,54.60,7.66,1,34.90,0.164,0,0.000,faible
GN2025-01305,2025-07-29,2025,7,31,Kankan,Mandiana,soudano-guinéen,10.63000,-8.68000,28.90,24.21,33.53,2.39,38.30,288.11,72.45,3.06,5,57.82,0.540,7,0.007,moyen
GN2025-01306,2025-01-05,2025,1,1,Kankan,Siguiri,soudano-guinéen,11.42000,-9.17000,30.64,26.23,35.11,0.10,2.53,2.53,54.37,11.89,0,46.25,0.075,1,0.001,faible
GN2025-01307,2025-06-06,2025,6,23,Kindia,Coyah,côtier,9.71000,-13.38000,27.88,24.28,33.19,0.62,75.26,214.12,72.04,10.14,6,51.84,0.681,11,0.012,eleve
GN2025-01308,2025-03-25,2025,3,13,Kindia,Dubréka,côtier,9.79000,-13.52000,29.00,23.42,34.66,0.05,2.63,10.61,56.68,10.23,0,32.80,0.044,7,0.008,faible
GN2025-01309,2025-03-19,2025,3,12,Kindia,Forécariah,côtier,9.43000,-13.09000,28.45,22.94,32.44,0.22,20.12,112.70,56.10,7.46,1,42.81,0.237,1,0.001,faible
GN2025-01310,2025-02-17,2025,2,8,Kindia,Kindia,côtier,10.06000,-12.87000,28.16,23.08,33.05,11.68,13.41,29.48,59.42,17.45,1,41.72,0.098,2,0.002,faible
GN2025-01311,2025-04-27,2025,4,17,Kindia,Télimélé,soudano-guinéen,10.91000,-13.04000,27.42,21.94,32.91,0.77,2.20,107.69,62.25,7.60,0,44.74,0.103,5,0.005,faible
GN2025-01312,2025-08-07,2025,8,32,Labé,Koubia,montagneux,11.59000,-11.90000,25.49,20.11,28.73,10.42,138.16,401.29,80.66,8.98,7,63.59,1.000,12,0.011,moyen
GN2025-01313,2025-03-11,2025,3,11,Labé,Labé,montagneux,11.32000,-12.29000,25.75,22.15,30.00,0.71,21.24,54.82,55.21,13.94,2,46.60,0.318,4,0.004,faible
GN2025-01314,2025-06-25,2025,6,26,Labé,Lélouma,montagneux,11.18000,-12.48000,23.50,19.88,28.45,35.75,81.50,336.06,76.50,10.03,5,58.40,0.700,10,0.009,moyen
GN2025-01315,2025-11-12,2025,11,46,Labé,Mali,montagneux,12.08000,-12.30000,24.08,20.57,27.87,23.66,102.96,342.05,82.09,9.59,7,73.11,1.000,8,0.007,moyen
GN2025-01316,2025-03-09,2025,3,10,Labé,Tougué,montagneux,11.45000,-11.67000,24.97,20.08,28.39,0.02,2.31,48.65,60.51,12.70,0,47.72,0.137,4,0.004,faible
GN2025-01317,2025-01-11,2025,1,2,Mamou,Dalaba,montagneux,10.69000,-12.25000,24.87,19.67,29.19,0.42,1.80,3.22,55.29,11.37,0,44.67,0.097,1,0.001,faible
GN2025-01318,2025-09-30,2025,9,40,Mamou,Mamou,montagneux,10.38000,-12.09000,24.94,21.78,30.34,11.71,186.18,480.97,73.49,11.41,5,75.35,1.000,15,0.014,eleve
GN2025-01319,2025-05-23,2025,5,21,Mamou,Pita,montagneux,11.06000,-12.40000,24.88,21.58,30.21,0.11,20.72,197.39,58.58,11.38,5,48.48,0.365,9,0.008,faible
GN2025-01320,2025-05-13,2025,5,20,Nzérékoré,Beyla,forestier,8.69000,-8.65000,26.62,23.23,30.65,1.82,97.51,275.02,75.89,7.68,5,60.34,0.754,8,0.008,moyen
GN2025-01321,2025-10-22,2025,10,43,Nzérékoré,Guéckédou,forestier,8.57000,-10.13000,25.19,19.73,28.94,53.67,198.92,912.24,78.19,8.31,7,98.00,1.000,18,0.020,eleve
GN2025-01322,2025-07-14,2025,7,29,Nzérékoré,Lola,forestier,7.80000,-8.53000,26.88,21.30,31.28,0.89,169.93,735.66,65.37,8.41,6,81.85,1.000,8,0.008,eleve
GN2025-01323,2025-05-06,2025,5,19,Nzérékoré,Macenta,forestier,8.54000,-9.47000,25.64,22.22,31.11,2.66,124.17,226.37,71.45,7.35,5,56.08,0.930,11,0.012,moyen
GN2025-01324,2025-04-29,2025,4,18,Nzérékoré,Nzérékoré,forestier,7.76000,-8.82000,26.25,21.84,30.94,0.07,35.26,212.79,57.10,7.67,1,41.19,0.288,1,0.001,faible
GN2025-01325,2025-11-27,2025,11,48,Nzérékoré,Yomou,forestier,7.56000,-9.31000,25.85,21.54,31.10,15.87,208.30,1005.72,76.95,8.25,5,94.33,1.000,8,0.009,eleve
GN2025-01326,2025-01-27,2025,1,5,Conakry,Conakry,côtier,9.54000,-13.68000,29.34,25.42,34.23,0.28,4.66,63.54,56.03,13.22,1,44.30,0.181,3,0.003,faible
GN2025-01327,2025-11-17,2025,11,47,Boké,Boffa,côtier,10.18000,-14.04000,26.91,21.58,32.32,46.48,294.42,641.75,78.88,9.51,7,76.98,1.000,12,0.012,eleve
GN2025-01328,2025-07-29,2025,7,31,Boké,Boké,côtier,10.94000,-14.29000,27.97,22.80,33.72,23.83,151.30,348.23,78.50,10.25,7,79.82,1.000,5,0.005,eleve
GN2025-01329,2025-03-08,2025,3,10,Boké,Fria,côtier,10.37000,-13.58000,29.73,24.88,33.00,0.06,55.83,66.09,57.47,11.88,2,48.69,0.457,5,0.005,faible
GN2025-01330,2025-04-12,2025,4,15,Boké,Gaoual,soudano-guinéen,11.75000,-13.20000,29.56,25.25,32.67,0.28,5.87,40.13,62.72,5.71,1,44.36,0.162,2,0.002,faible
GN2025-01331,2025-04-10,2025,4,15,Boké,Koundara,soudano-guinéen,12.48000,-13.30000,30.48,25.59,36.23,0.31,13.12,21.21,61.87,9.84,1,42.54,0.152,3,0.003,faible
GN2025-01332,2025-11-02,2025,11,44,Faranah,Dabola,soudano-guinéen,10.75000,-11.11000,28.31,25.23,32.52,2.39,113.24,352.90,75.61,6.05,6,62.05,0.900,9,0.009,moyen
GN2025-01333,2025-09-10,2025,9,37,Faranah,Dinguiraye,soudano-guinéen,11.30000,-10.72000,27.09,22.23,30.21,22.10,147.32,388.22,71.46,8.36,7,57.89,1.000,8,0.008,eleve
GN2025-01334,2025-10-24,2025,10,43,Faranah,Faranah,soudano-guinéen,10.04000,-10.74000,27.40,23.95,32.79,4.21,126.11,418.89,75.46,4.64,7,68.13,0.978,23,0.023,eleve
GN2025-01335,2025-06-04,2025,6,23,Faranah,Kissidougou,forestier,9.18000,-10.10000,27.19,23.84,30.86,9.60,100.32,350.38,69.38,8.63,6,61.77,0.822,11,0.012,moyen
GN2025-01336,2025-06-21,2025,6,25,Kankan,Kankan,soudano-guinéen,10.39000,-9.31000,29.41,24.79,34.42,1.15,66.70,282.90,69.75,11.29,7,58.38,0.724,6,0.006,moyen
GN2025-01337,2025-08-22,2025,8,34,Kankan,Kérouané,forestier,9.27000,-9.01000,27.79,24.01,33.29,5.52,98.71,550.97,78.73,10.47,7,82.11,0.954,10,0.010,eleve
GN2025-01338,2025-02-16,2025,2,7,Kankan,Kouroussa,soudano-guinéen,10.65000,-9.89000,30.47,25.67,35.02,12.07,15.38,33.12,59.83,9.62,1,41.91,0.195,2,0.002,faible
GN2025-01339,2025-10-05,2025,10,40,Kankan,Mandiana,soudano-guinéen,10.63000,-8.68000,28.13,23.24,31.69,10.31,90.88,428.49,75.60,7.85,7,65.26,0.861,5,0.005,moyen
GN2025-01340,2025-12-23,2025,12,52,Kankan,Siguiri,soudano-guinéen,11.42000,-9.17000,29.37,24.44,32.45,12.56,23.29,72.43,75.37,8.83,5,49.89,0.375,7,0.007,faible
GN2025-01341,2025-08-08,2025,8,32,Kindia,Coyah,côtier,9.71000,-13.38000,27.37,22.19,31.56,33.50,415.37,1359.39,80.55,6.66,6,98.00,1.000,21,0.024,eleve
GN2025-01342,2025-10-02,2025,10,40,Kindia,Dubréka,côtier,9.79000,-13.52000,27.93,22.61,31.82,11.91,176.87,850.17,77.37,7.26,6,95.58,1.000,13,0.014,eleve
GN2025-01343,2025-05-24,2025,5,21,Kindia,Forécariah,côtier,9.43000,-13.09000,28.26,23.51,32.32,0.79,126.77,414.82,60.71,9.95,5,64.65,0.861,7,0.008,moyen
GN2025-01344,2025-08-17,2025,8,33,Kindia,Kindia,côtier,10.06000,-12.87000,25.99,21.19,30.11,2.84,132.87,968.29,68.95,6.53,6,94.64,0.939,13,0.014,eleve
GN2025-01345,2025-12-20,2025,12,51,Kindia,Télimélé,soudano-guinéen,10.91000,-13.04000,25.55,20.17,30.14,74.96,222.32,626.62,88.35,15.18,6,80.77,1.000,12,0.012,eleve
GN2025-01346,2025-12-04,2025,12,49,Labé,Koubia,montagneux,11.59000,-11.90000,24.91,21.20,29.30,35.62,134.22,516.01,85.62,7.49,6,82.55,0.986,12,0.011,eleve
GN2025-01347,2025-06-05,2025,6,23,Labé,Labé,montagneux,11.32000,-12.29000,23.80,19.39,28.23,87.39,138.57,396.31,75.81,8.85,6,63.32,0.990,13,0.012,eleve
GN2025-01348,2025-06-28,2025,6,26,Labé,Lélouma,montagneux,11.18000,-12.48000,25.33,19.96,29.83,1.96,96.10,347.07,67.41,9.35,6,64.62,0.781,6,0.006,moyen
GN2025-01349,2025-09-11,2025,9,37,Labé,Mali,montagneux,12.08000,-12.30000,25.08,21.78,28.80,1.45,49.17,406.66,77.47,6.35,4,66.92,0.473,8,0.007,moyen
GN2025-01350,2025-03-19,2025,3,12,Labé,Tougué,montagneux,11.45000,-11.67000,26.74,23.59,29.93,0.30,3.03,50.84,63.52,9.08,0,36.92,0.044,3,0.003,faible
GN2025-01351,2025-04-07,2025,4,15,Mamou,Dalaba,montagneux,10.69000,-12.25000,25.22,20.65,30.35,0.55,11.99,47.20,64.63,6.42,1,47.83,0.189,1,0.001,faible
GN2025-01352,2025-01-03,2025,1,1,Mamou,Mamou,montagneux,10.38000,-12.09000,26.16,21.36,29.42,0.64,1.70,1.70,47.21,12.37,0,23.58,0.118,5,0.005,faible
GN2025-01353,2025-10-14,2025,10,42,Mamou,Pita,montagneux,11.06000,-12.40000,24.45,20.48,29.93,37.67,64.66,542.86,82.67,9.43,6,70.38,0.711,14,0.013,moyen
GN2025-01354,2025-03-01,2025,3,9,Nzérékoré,Beyla,forestier,8.69000,-8.65000,28.12,24.16,32.62,16.17,36.74,94.85,60.63,9.63,2,44.11,0.299,3,0.003,faible
GN2025-01355,2025-10-07,2025,10,41,Nzérékoré,Guéckédou,forestier,8.57000,-10.13000,24.12,19.81,28.20,34.50,370.37,986.27,78.93,6.12,7,98.00,1.000,11,0.012,eleve
GN2025-01356,2025-06-14,2025,6,24,Nzérékoré,Lola,forestier,7.80000,-8.53000,25.41,20.35,28.95,17.89,150.60,731.20,71.81,7.50,7,77.44,0.993,22,0.023,eleve
GN2025-01357,2025-05-23,2025,5,21,Nzérékoré,Macenta,forestier,8.54000,-9.47000,24.67,20.53,27.71,1.43,52.00,365.66,60.50,6.52,6,55.66,0.616,7,0.008,moyen
GN2025-01358,2025-10-16,2025,10,42,Nzérékoré,Nzérékoré,forestier,7.76000,-8.82000,25.21,20.81,30.17,22.62,242.57,944.52,80.15,7.44,7,98.00,1.000,18,0.020,eleve
GN2025-01359,2025-06-24,2025,6,26,Nzérékoré,Yomou,forestier,7.56000,-9.31000,25.28,21.02,28.80,61.75,339.80,734.83,77.01,10.42,7,90.82,1.000,9,0.010,eleve
GN2025-01360,2025-05-24,2025,5,21,Conakry,Conakry,côtier,9.54000,-13.68000,28.57,23.31,32.23,2.36,110.38,236.45,67.37,7.15,7,56.09,0.890,6,0.007,moyen
GN2025-01361,2025-02-20,2025,2,8,Boké,Boffa,côtier,10.18000,-14.04000,28.72,25.46,33.82,0.38,2.01,26.59,55.97,11.94,0,37.69,0.095,0,0.000,faible
GN2025-01362,2025-05-31,2025,5,22,Boké,Boké,côtier,10.94000,-14.29000,27.41,21.87,31.42,53.73,61.98,232.05,71.63,7.51,5,50.53,0.645,9,0.009,moyen
GN2025-01363,2025-02-19,2025,2,8,Boké,Fria,côtier,10.37000,-13.58000,29.05,24.84,33.62,0.36,2.84,90.10,54.05,15.01,0,41.96,0.080,1,0.001,faible
GN2025-01364,2025-11-03,2025,11,45,Boké,Gaoual,soudano-guinéen,11.75000,-13.20000,28.46,24.92,31.83,1.86,97.86,301.04,69.21,7.40,6,63.26,0.799,6,0.006,moyen
GN2025-01365,2025-02-10,2025,2,7,Boké,Koundara,soudano-guinéen,12.48000,-13.30000,30.68,25.89,34.88,0.55,3.72,11.75,57.92,9.10,0,36.60,0.061,0,0.000,faible
GN2025-01366,2025-03-16,2025,3,11,Faranah,Dabola,soudano-guinéen,10.75000,-11.11000,29.43,24.33,34.41,0.46,2.83,13.01,63.48,12.42,0,40.23,0.103,2,0.002,faible
GN2025-01367,2025-12-20,2025,12,51,Faranah,Dinguiraye,soudano-guinéen,11.30000,-10.72000,28.22,23.00,33.59,39.34,62.40,234.01,84.51,13.08,6,61.89,0.784,9,0.008,moyen
GN2025-01368,2025-02-22,2025,2,8,Faranah,Faranah,soudano-guinéen,10.04000,-10.74000,29.34,23.75,33.99,8.11,11.92,34.68,53.59,12.20,2,44.78,0.190,1,0.001,faible
GN2025-01369,2025-02-13,2025,2,7,Faranah,Kissidougou,forestier,9.18000,-10.10000,28.95,24.08,33.79,0.53,2.24,11.46,53.01,13.09,0,30.48,0.089,3,0.003,faible
GN2025-01370,2025-01-17,2025,1,3,Kankan,Kankan,soudano-guinéen,10.39000,-9.31000,29.07,24.04,34.76,0.30,2.70,6.19,57.02,8.36,0,43.09,0.066,3,0.003,faible
GN2025-01371,2025-04-04,2025,4,14,Kankan,Kérouané,forestier,9.27000,-9.01000,29.65,25.56,33.29,0.35,1.81,27.04,58.11,11.66,0,28.73,0.066,4,0.004,faible
GN2025-01372,2025-05-06,2025,5,19,Kankan,Kouroussa,soudano-guinéen,10.65000,-9.89000,30.01,25.94,35.02,0.35,16.55,104.00,58.34,6.72,1,41.58,0.208,4,0.004,faible
GN2025-01373,2025-02-12,2025,2,7,Kankan,Mandiana,soudano-guinéen,10.63000,-8.68000,29.68,24.86,34.65,0.43,3.39,19.85,51.61,8.45,0,37.82,0.136,3,0.003,faible
GN2025-01374,2025-10-28,2025,10,44,Kankan,Siguiri,soudano-guinéen,11.42000,-9.17000,29.50,26.40,33.10,11.13,70.87,204.78,72.78,6.53,7,54.36,0.690,9,0.008,moyen
GN2025-01375,2025-09-23,2025,9,39,Kindia,Coyah,côtier,9.71000,-13.38000,25.97,20.64,29.31,0.96,273.76,1007.43,78.43,11.49,6,98.00,1.000,15,0.017,eleve
GN2025-01376,2025-07-02,2025,7,27,Kindia,Dubréka,côtier,9.79000,-13.52000,27.70,24.36,31.40,9.86,70.43,612.84,67.78,7.65,7,85.96,0.765,5,0.006,moyen
GN2025-01377,2025-01-11,2025,1,2,Kindia,Forécariah,côtier,9.43000,-13.09000,27.99,23.43,33.62,0.58,9.49,11.73,57.51,10.25,1,31.15,0.153,3,0.003,faible
GN2025-01378,2025-01-17,2025,1,3,Kindia,Kindia,côtier,10.06000,-12.87000,27.58,23.02,32.49,0.25,2.58,6.04,63.35,8.33,0,32.78,0.062,8,0.008,faible
GN2025-01379,2025-01-09,2025,1,2,Kindia,Télimélé,soudano-guinéen,10.91000,-13.04000,28.92,24.50,32.33,20.04,23.14,23.64,54.65,9.15,1,34.22,0.232,3,0.003,faible
GN2025-01380,2025-03-22,2025,3,12,Labé,Koubia,montagneux,11.59000,-11.90000,26.15,22.66,29.34,0.13,39.96,68.77,59.86,7.85,3,43.56,0.439,6,0.005,faible
GN2025-01381,2025-12-03,2025,12,49,Labé,Labé,montagneux,11.32000,-12.29000,23.37,19.35,28.20,1.73,162.27,468.95,76.82,11.80,6,72.69,1.000,13,0.012,eleve
GN2025-01382,2025-05-13,2025,5,20,Labé,Lélouma,montagneux,11.18000,-12.48000,24.12,18.92,28.64,1.67,11.06,63.08,69.27,8.42,5,41.45,0.367,5,0.005,faible
GN2025-01383,2025-07-13,2025,7,28,Labé,Mali,montagneux,12.08000,-12.30000,24.96,21.00,29.47,2.21,48.91,380.86,73.63,5.79,7,68.34,0.578,5,0.005,faible
GN2025-01384,2025-07-16,2025,7,29,Labé,Tougué,montagneux,11.45000,-11.67000,24.07,19.38,27.47,10.79,102.58,273.22,78.06,9.24,6,58.11,0.784,13,0.012,moyen
GN2025-01385,2025-09-27,2025,9,39,Mamou,Dalaba,montagneux,10.69000,-12.25000,23.65,20.11,27.38,25.26,123.90,648.10,71.37,7.70,5,84.42,0.916,11,0.010,moyen
GN2025-01386,2025-02-04,2025,2,6,Mamou,Mamou,montagneux,10.38000,-12.09000,26.45,21.24,29.92,0.49,7.24,48.84,49.51,10.95,2,34.63,0.238,3,0.003,faible
GN2025-01387,2025-01-04,2025,1,1,Mamou,Pita,montagneux,11.06000,-12.40000,26.43,22.68,29.50,18.60,19.30,19.30,67.59,13.27,1,42.68,0.196,1,0.001,faible
GN2025-01388,2025-01-27,2025,1,5,Nzérékoré,Beyla,forestier,8.69000,-8.65000,28.84,24.73,31.97,0.02,23.64,55.79,57.44,11.44,1,34.68,0.255,4,0.004,faible
GN2025-01389,2025-09-10,2025,9,37,Nzérékoré,Guéckédou,forestier,8.57000,-10.13000,24.83,21.17,28.45,14.47,121.59,591.73,78.57,9.27,6,79.99,0.936,10,0.011,eleve
GN2025-01390,2025-12-10,2025,12,50,Nzérékoré,Lola,forestier,7.80000,-8.53000,26.27,21.58,29.79,99.82,270.85,1281.92,90.54,7.89,7,98.00,1.000,10,0.011,eleve
GN2025-01391,2025-12-05,2025,12,49,Nzérékoré,Macenta,forestier,8.54000,-9.47000,24.20,18.92,27.33,16.07,217.20,1361.15,72.11,4.91,7,98.00,1.000,14,0.015,eleve
GN2025-01392,2025-06-25,2025,6,26,Nzérékoré,Nzérékoré,forestier,7.76000,-8.82000,26.84,21.25,31.36,2.43,369.86,594.56,73.94,13.75,7,78.47,1.000,14,0.015,eleve
GN2025-01393,2025-02-13,2025,2,7,Nzérékoré,Yomou,forestier,7.56000,-9.31000,27.62,24.53,31.70,0.04,2.10,30.27,60.49,10.70,0,55.05,0.044,3,0.003,faible
GN2025-01394,2025-03-19,2025,3,12,Conakry,Conakry,côtier,9.54000,-13.68000,26.88,22.81,32.29,0.41,88.62,214.26,64.19,8.75,2,56.48,0.498,5,0.006,moyen
GN2025-01395,2025-01-30,2025,1,5,Boké,Boffa,côtier,10.18000,-14.04000,29.87,26.78,35.26,0.79,2.96,15.24,55.54,12.46,0,39.74,0.137,1,0.001,faible
GN2025-01396,2025-02-03,2025,2,6,Boké,Boké,côtier,10.94000,-14.29000,29.80,25.44,33.46,0.54,29.02,51.95,58.93,12.81,2,47.39,0.282,3,0.003,faible
GN2025-01397,2025-12-24,2025,12,52,Boké,Fria,côtier,10.37000,-13.58000,27.78,23.03,32.46,0.52,11.85,312.30,67.46,7.86,4,71.05,0.330,7,0.007,moyen
GN2025-01398,2025-09-30,2025,9,40,Boké,Gaoual,soudano-guinéen,11.75000,-13.20000,29.07,23.71,32.32,4.92,88.92,354.62,72.95,8.73,6,58.96,0.782,10,0.010,moyen
GN2025-01399,2025-03-03,2025,3,10,Boké,Koundara,soudano-guinéen,12.48000,-13.30000,30.33,25.41,34.44,0.36,3.41,36.57,57.09,12.15,0,28.05,0.083,0,0.000,faible
GN2025-01400,2025-06-02,2025,6,23,Faranah,Dabola,soudano-guinéen,10.75000,-11.11000,28.18,24.60,32.97,2.60,70.55,164.33,65.64,9.89,5,54.19,0.634,10,0.010,faible
GN2025-01401,2025-10-18,2025,10,42,Faranah,Dinguiraye,soudano-guinéen,11.30000,-10.72000,26.98,23.16,32.27,1.41,17.13,218.29,75.40,7.40,6,66.38,0.497,6,0.006,moyen
GN2025-01402,2025-11-23,2025,11,47,Faranah,Faranah,soudano-guinéen,10.04000,-10.74000,27.04,21.67,30.67,19.82,115.82,500.49,72.98,5.40,6,75.25,0.922,5,0.005,eleve
GN2025-01403,2025-07-05,2025,7,27,Faranah,Kissidougou,forestier,9.18000,-10.10000,26.93,23.10,31.11,0.20,98.39,633.55,76.67,9.61,5,84.01,0.694,11,0.012,eleve
GN2025-01404,2025-06-28,2025,6,26,Kankan,Kankan,soudano-guinéen,10.39000,-9.31000,29.10,24.07,32.36,1.66,42.39,292.13,73.39,7.96,5,66.03,0.560,5,0.005,moyen
GN2025-01405,2025-05-14,2025,5,20,Kankan,Kérouané,forestier,9.27000,-9.01000,28.52,23.33,32.13,1.65,78.23,132.27,61.77,11.30,7,44.35,0.735,5,0.005,moyen
GN2025-01406,2025-03-18,2025,3,12,Kankan,Kouroussa,soudano-guinéen,10.65000,-9.89000,29.87,24.34,33.16,0.54,3.36,13.11,59.06,13.30,0,33.79,0.062,1,0.001,faible
GN2025-01407,2025-02-01,2025,2,5,Kankan,Mandiana,soudano-guinéen,10.63000,-8.68000,30.49,24.95,34.87,0.02,2.56,58.79,59.45,3.57,0,37.38,0.097,6,0.006,faible
GN2025-01408,2025-11-24,2025,11,48,Kankan,Siguiri,soudano-guinéen,11.42000,-9.17000,28.58,25.37,31.69,0.48,21.39,183.62,73.20,13.66,5,59.47,0.361,8,0.007,faible
GN2025-01409,2025-01-13,2025,1,3,Kindia,Coyah,côtier,9.71000,-13.38000,29.74,26.22,34.24,0.69,3.50,6.86,50.78,9.44,0,36.77,0.113,3,0.003,faible
GN2025-01410,2025-10-09,2025,10,41,Kindia,Dubréka,côtier,9.79000,-13.52000,27.36,21.88,30.45,32.26,206.30,831.68,76.77,6.98,7,80.31,1.000,14,0.015,eleve
GN2025-01411,2025-04-03,2025,4,14,Kindia,Forécariah,côtier,9.43000,-13.09000,28.10,24.20,31.29,0.21,11.38,53.70,54.67,8.01,1,42.45,0.117,2,0.002,faible
GN2025-01412,2025-08-25,2025,8,35,Kindia,Kindia,côtier,10.06000,-12.87000,26.04,21.80,30.60,41.15,233.44,877.33,83.91,8.95,7,97.66,1.000,15,0.016,eleve
GN2025-01413,2025-07-29,2025,7,31,Kindia,Télimélé,soudano-guinéen,10.91000,-13.04000,28.57,25.34,33.83,12.85,51.24,491.79,72.36,13.23,5,74.82,0.529,9,0.009,moyen
GN2025-01414,2025-03-11,2025,3,11,Labé,Koubia,montagneux,11.59000,-11.90000,26.75,21.94,31.19,0.34,2.26,55.10,62.40,8.92,0,42.75,0.101,8,0.007,faible
GN2025-01415,2025-09-07,2025,9,36,Labé,Labé,montagneux,11.32000,-12.29000,24.16,19.86,29.11,1.39,92.35,677.99,69.11,6.91,7,72.86,0.807,6,0.006,moyen
GN2025-01416,2025-05-16,2025,5,20,Labé,Lélouma,montagneux,11.18000,-12.48000,23.95,19.94,27.28,0.18,10.40,58.29,68.65,10.37,5,42.27,0.373,7,0.006,faible
GN2025-01417,2025-02-02,2025,2,5,Labé,Mali,montagneux,12.08000,-12.30000,25.70,22.53,30.89,21.25,23.48,41.77,67.34,9.61,1,41.87,0.258,3,0.003,faible
GN2025-01418,2025-11-09,2025,11,45,Labé,Tougué,montagneux,11.45000,-11.67000,24.64,20.05,29.02,3.00,109.24,492.59,75.77,6.56,6,65.76,0.860,10,0.009,moyen
GN2025-01419,2025-10-13,2025,10,42,Mamou,Dalaba,montagneux,10.69000,-12.25000,24.23,19.62,28.45,1.02,223.21,549.68,79.67,14.29,4,74.91,1.000,8,0.007,eleve
GN2025-01420,2025-02-12,2025,2,7,Mamou,Mamou,montagneux,10.38000,-12.09000,26.45,22.56,31.46,0.41,2.18,44.25,59.94,10.02,0,32.11,0.109,2,0.002,faible
GN2025-01421,2025-06-03,2025,6,23,Mamou,Pita,montagneux,11.06000,-12.40000,23.83,20.48,29.52,22.14,45.82,200.57,74.18,10.28,5,45.76,0.591,5,0.005,faible
GN2025-01422,2025-10-18,2025,10,42,Nzérékoré,Beyla,forestier,8.69000,-8.65000,26.87,23.33,30.51,1.80,308.69,878.04,75.01,13.96,7,88.52,1.000,12,0.012,eleve
GN2025-01423,2025-07-30,2025,7,31,Nzérékoré,Guéckédou,forestier,8.57000,-10.13000,25.25,20.58,29.44,35.49,306.01,1348.35,77.28,9.02,6,98.00,1.000,19,0.021,eleve
GN2025-01424,2025-11-15,2025,11,46,Nzérékoré,Lola,forestier,7.80000,-8.53000,26.31,21.73,31.89,43.96,269.77,922.07,79.09,7.68,7,98.00,1.000,12,0.013,eleve
GN2025-01425,2025-12-06,2025,12,49,Nzérékoré,Macenta,forestier,8.54000,-9.47000,25.79,22.24,30.55,62.54,199.74,1310.27,79.78,4.01,7,98.00,1.000,13,0.014,eleve
GN2025-01426,2025-11-24,2025,11,48,Nzérékoré,Nzérékoré,forestier,7.76000,-8.82000,25.11,20.27,28.70,23.69,141.54,490.49,73.56,5.19,7,63.06,1.000,7,0.008,eleve
GN2025-01427,2025-07-19,2025,7,29,Nzérékoré,Yomou,forestier,7.56000,-9.31000,25.83,22.16,31.23,99.42,247.97,970.14,77.90,9.77,7,98.00,1.000,17,0.018,eleve
GN2025-01428,2025-01-27,2025,1,5,Conakry,Conakry,côtier,9.54000,-13.68000,29.34,25.42,34.23,0.28,4.66,63.54,56.03,13.22,1,39.28,0.161,2,0.002,faible
GN2025-01429,2025-07-04,2025,7,27,Boké,Boffa,côtier,10.18000,-14.04000,27.80,23.34,31.44,2.19,139.59,381.72,80.17,8.86,6,68.98,1.000,11,0.011,eleve
GN2025-01430,2025-11-24,2025,11,48,Boké,Boké,côtier,10.94000,-14.29000,27.45,22.04,31.85,61.16,233.47,584.62,88.69,7.84,7,84.29,1.000,18,0.018,eleve
GN2025-01431,2025-06-09,2025,6,24,Boké,Fria,côtier,10.37000,-13.58000,26.84,23.70,32.11,2.59,117.67,387.87,69.48,9.28,6,62.32,0.833,17,0.017,moyen
GN2025-01432,2025-08-14,2025,8,33,Boké,Gaoual,soudano-guinéen,11.75000,-13.20000,28.95,25.70,33.92,0.09,124.74,348.54,73.25,8.24,4,55.40,0.846,4,0.004,moyen
GN2025-01433,2025-09-25,2025,9,39,Boké,Koundara,soudano-guinéen,12.48000,-13.30000,27.92,22.94,32.21,0.05,23.49,154.53,74.30,6.19,5,58.53,0.430,4,0.004,faible
GN2025-01434,2025-08-18,2025,8,34,Faranah,Dabola,soudano-guinéen,10.75000,-11.11000,28.51,25.12,31.94,0.08,61.37,293.03,82.60,9.50,4,61.01,0.568,7,0.007,moyen
GN2025-01435,2025-02-21,2025,2,8,Faranah,Dinguiraye,soudano-guinéen,11.30000,-10.72000,28.11,23.30,31.38,0.59,27.45,38.30,46.77,10.78,2,31.82,0.272,3,0.003,faible
GN2025-01436,2025-02-14,2025,2,7,Faranah,Faranah,soudano-guinéen,10.04000,-10.74000,29.61,25.97,34.82,0.76,17.90,59.56,53.63,13.46,1,35.71,0.230,1,0.001,faible
GN2025-01437,2025-05-12,2025,5,20,Faranah,Kissidougou,forestier,9.18000,-10.10000,28.74,24.15,32.28,1.01,81.71,168.50,64.99,14.13,7,48.48,0.784,6,0.006,moyen
GN2025-01438,2025-10-16,2025,10,42,Kankan,Kankan,soudano-guinéen,10.39000,-9.31000,29.25,24.36,32.87,9.15,99.28,347.01,79.61,4.68,6,61.77,0.801,9,0.009,moyen
GN2025-01439,2025-10-15,2025,10,42,Kankan,Kérouané,forestier,9.27000,-9.01000,27.15,21.62,30.40,19.82,229.84,660.81,76.74,8.56,6,74.96,1.000,11,0.011,eleve
GN2025-01440,2025-08-15,2025,8,33,Kankan,Kouroussa,soudano-guinéen,10.65000,-9.89000,29.11,25.43,34.73,2.26,13.69,211.38,76.09,10.44,3,58.70,0.303,7,0.007,faible
GN2025-01441,2025-05-28,2025,5,22,Kankan,Mandiana,soudano-guinéen,10.63000,-8.68000,28.20,22.74,32.77,1.50,26.54,105.38,68.52,5.98,4,44.17,0.326,5,0.005,faible
GN2025-01442,2025-10-14,2025,10,42,Kankan,Siguiri,soudano-guinéen,11.42000,-9.17000,30.01,25.68,34.19,2.85,66.82,241.14,77.06,6.52,6,61.06,0.711,9,0.008,faible
GN2025-01443,2025-07-10,2025,7,28,Kindia,Coyah,côtier,9.71000,-13.38000,26.11,22.82,31.26,0.93,112.71,583.69,74.37,7.88,6,76.40,0.870,12,0.013,eleve
GN2025-01444,2025-09-23,2025,9,39,Kindia,Dubréka,côtier,9.79000,-13.52000,26.89,23.54,31.42,1.57,243.19,747.45,75.15,5.59,7,87.65,1.000,10,0.011,eleve
GN2025-01445,2025-10-03,2025,10,40,Kindia,Forécariah,côtier,9.43000,-13.09000,27.05,22.47,32.74,27.41,274.41,1206.16,76.33,4.61,7,98.00,1.000,19,0.021,eleve
GN2025-01446,2025-01-14,2025,1,3,Kindia,Kindia,côtier,10.06000,-12.87000,28.79,24.22,33.21,0.61,2.97,5.65,57.24,5.81,0,34.01,0.141,0,0.000,faible
GN2025-01447,2025-06-11,2025,6,24,Kindia,Télimélé,soudano-guinéen,10.91000,-13.04000,28.85,23.70,33.40,0.92,122.11,277.91,67.57,7.00,6,60.64,0.827,7,0.007,moyen
GN2025-01448,2025-08-20,2025,8,34,Labé,Koubia,montagneux,11.59000,-11.90000,25.93,22.56,29.13,52.01,98.86,411.17,77.48,11.49,5,77.14,0.813,11,0.010,moyen
GN2025-01449,2025-02-21,2025,2,8,Labé,Labé,montagneux,11.32000,-12.29000,25.63,22.58,28.63,0.20,2.83,23.61,53.12,6.79,0,36.52,0.040,2,0.002,faible
GN2025-01450,2025-10-30,2025,10,44,Labé,Lélouma,montagneux,11.18000,-12.48000,22.73,18.98,28.02,30.47,171.09,451.29,75.80,5.68,7,74.93,1.000,7,0.006,moyen
GN2025-01451,2025-01-26,2025,1,4,Labé,Mali,montagneux,12.08000,-12.30000,26.04,21.67,29.53,0.42,2.73,34.46,58.36,6.42,0,39.58,0.041,2,0.002,faible
GN2025-01452,2025-06-17,2025,6,25,Labé,Tougué,montagneux,11.45000,-11.67000,24.92,19.76,30.64,1.32,75.02,246.74,77.33,12.08,6,66.06,0.647,2,0.002,moyen
GN2025-01453,2025-08-19,2025,8,34,Mamou,Dalaba,montagneux,10.69000,-12.25000,22.90,18.44,27.97,0.29,119.34,446.38,67.45,8.49,5,70.37,0.867,8,0.007,moyen
GN2025-01454,2025-01-30,2025,1,5,Mamou,Mamou,montagneux,10.38000,-12.09000,25.59,20.03,30.81,0.63,21.15,61.04,57.20,9.87,2,39.74,0.265,7,0.007,faible
GN2025-01455,2025-04-06,2025,4,14,Mamou,Pita,montagneux,11.06000,-12.40000,25.95,22.85,30.60,0.71,3.04,36.86,54.62,9.67,0,42.95,0.085,5,0.005,faible
GN2025-01456,2025-09-26,2025,9,39,Nzérékoré,Beyla,forestier,8.69000,-8.65000,26.69,21.83,32.00,58.07,176.26,752.39,80.11,6.67,6,88.87,1.000,8,0.008,eleve
GN2025-01457,2025-04-01,2025,4,14,Nzérékoré,Guéckédou,forestier,8.57000,-10.13000,26.72,21.40,31.59,0.26,2.61,26.68,52.61,9.16,0,43.73,0.123,6,0.007,faible
GN2025-01458,2025-08-18,2025,8,34,Nzérékoré,Lola,forestier,7.80000,-8.53000,26.25,21.38,29.94,10.38,199.97,887.37,78.56,10.91,6,90.40,1.000,11,0.012,eleve
GN2025-01459,2025-03-16,2025,3,11,Nzérékoré,Macenta,forestier,8.54000,-9.47000,26.15,22.90,29.83,47.93,51.36,186.80,60.39,11.40,1,40.38,0.389,7,0.008,faible
GN2025-01460,2025-06-18,2025,6,25,Nzérékoré,Nzérékoré,forestier,7.76000,-8.82000,25.06,20.37,28.27,1.44,87.37,308.08,69.79,8.18,7,57.10,0.818,10,0.011,moyen
GN2025-01461,2025-10-05,2025,10,40,Nzérékoré,Yomou,forestier,7.56000,-9.31000,26.54,23.49,31.52,109.43,265.95,1206.12,84.54,6.08,7,98.00,1.000,13,0.014,eleve
GN2025-01462,2025-09-28,2025,9,39,Conakry,Conakry,côtier,9.54000,-13.68000,27.53,23.30,32.87,14.77,105.29,873.90,74.23,5.84,7,92.80,0.892,14,0.016,eleve
GN2025-01463,2025-08-10,2025,8,32,Boké,Boffa,côtier,10.18000,-14.04000,27.88,24.53,32.76,18.40,112.09,587.04,82.71,5.53,7,86.73,0.965,18,0.019,eleve
GN2025-01464,2025-02-01,2025,2,5,Boké,Boké,côtier,10.94000,-14.29000,30.04,26.82,33.11,0.74,29.52,51.86,54.97,11.50,2,33.50,0.264,5,0.005,faible
GN2025-01465,2025-01-31,2025,1,5,Boké,Fria,côtier,10.37000,-13.58000,27.78,23.13,33.37,0.64,17.38,59.86,67.18,7.64,2,40.35,0.236,2,0.002,faible
GN2025-01466,2025-11-29,2025,11,48,Boké,Gaoual,soudano-guinéen,11.75000,-13.20000,28.67,25.25,33.49,2.64,53.87,351.59,66.30,8.69,7,57.93,0.681,8,0.008,moyen
GN2025-01467,2025-03-29,2025,3,13,Boké,Koundara,soudano-guinéen,12.48000,-13.30000,29.82,24.70,33.47,0.12,1.67,11.18,62.55,7.49,0,38.89,0.087,4,0.004,faible
GN2025-01468,2025-12-07,2025,12,49,Faranah,Dabola,soudano-guinéen,10.75000,-11.11000,29.19,23.84,33.14,1.87,54.36,324.51,75.38,5.85,6,61.41,0.589,11,0.011,moyen
GN2025-01469,2025-06-05,2025,6,23,Faranah,Dinguiraye,soudano-guinéen,11.30000,-10.72000,27.44,21.92,31.36,0.27,161.82,408.63,69.15,9.74,6,64.36,1.000,8,0.008,eleve
GN2025-01470,2025-11-06,2025,11,45,Faranah,Faranah,soudano-guinéen,10.04000,-10.74000,28.18,24.04,31.53,18.93,153.87,430.62,82.48,11.84,7,65.17,1.000,17,0.017,eleve
GN2025-01471,2025-07-29,2025,7,31,Faranah,Kissidougou,forestier,9.18000,-10.10000,26.35,21.86,29.99,26.56,155.69,911.49,76.15,8.76,7,96.04,1.000,14,0.015,eleve
GN2025-01472,2025-08-14,2025,8,33,Kankan,Kankan,soudano-guinéen,10.39000,-9.31000,28.32,23.35,31.90,2.07,18.53,137.66,78.50,4.86,6,54.46,0.452,8,0.008,faible
GN2025-01473,2025-08-05,2025,8,32,Kankan,Kérouané,forestier,9.27000,-9.01000,27.93,24.59,33.07,1.16,144.89,551.32,73.80,6.40,7,83.60,1.000,9,0.009,eleve
GN2025-01474,2025-03-25,2025,3,13,Kankan,Kouroussa,soudano-guinéen,10.65000,-9.89000,29.96,25.72,35.14,0.45,18.03,28.69,59.58,9.16,1,40.26,0.148,4,0.004,faible
GN2025-01475,2025-09-30,2025,9,40,Kankan,Mandiana,soudano-guinéen,10.63000,-8.68000,27.44,21.84,30.47,30.89,112.85,418.79,80.55,8.66,6,78.72,0.912,10,0.010,eleve
GN2025-01476,2025-12-19,2025,12,51,Kankan,Siguiri,soudano-guinéen,11.42000,-9.17000,29.48,24.59,33.96,0.07,9.91,72.87,68.12,13.37,5,50.44,0.346,6,0.006,faible
GN2025-01477,2025-12-18,2025,12,51,Kindia,Coyah,côtier,9.71000,-13.38000,26.38,21.41,30.94,117.44,409.05,870.96,85.69,9.37,7,92.96,1.000,16,0.018,eleve
GN2025-01478,2025-10-14,2025,10,42,Kindia,Dubréka,côtier,9.79000,-13.52000,28.08,24.29,32.14,33.59,142.67,838.03,79.15,8.27,5,93.57,1.000,17,0.019,eleve
GN2025-01479,2025-05-04,2025,5,18,Kindia,Forécariah,côtier,9.43000,-13.09000,28.01,23.15,32.23,5.72,7.96,347.20,63.13,4.37,1,56.74,0.122,8,0.009,faible
GN2025-01480,2025-02-11,2025,2,7,Kindia,Kindia,côtier,10.06000,-12.87000,27.41,24.30,31.99,0.19,8.69,18.62,61.94,16.98,2,38.30,0.189,3,0.003,faible
GN2025-01481,2025-02-23,2025,2,8,Kindia,Télimélé,soudano-guinéen,10.91000,-13.04000,28.96,24.63,32.89,0.16,6.45,70.96,53.79,9.77,1,30.00,0.186,3,0.003,faible
GN2025-01482,2025-05-14,2025,5,20,Labé,Koubia,montagneux,11.59000,-11.90000,25.70,20.68,30.22,0.32,5.98,119.54,60.37,11.05,3,40.99,0.282,6,0.005,faible
GN2025-01483,2025-06-01,2025,6,22,Labé,Labé,montagneux,11.32000,-12.29000,25.32,19.99,29.77,1.40,116.57,309.30,67.99,10.18,6,53.41,0.823,8,0.008,moyen
GN2025-01484,2025-11-22,2025,11,47,Labé,Lélouma,montagneux,11.18000,-12.48000,23.71,19.75,28.56,0.87,137.23,689.33,80.40,5.24,6,81.02,1.000,12,0.011,moyen
GN2025-01485,2025-01-24,2025,1,4,Labé,Mali,montagneux,12.08000,-12.30000,25.63,21.40,29.15,0.57,3.10,33.86,55.17,11.13,0,45.01,0.106,3,0.003,faible
GN2025-01486,2025-12-14,2025,12,50,Labé,Tougué,montagneux,11.45000,-11.67000,23.53,18.98,27.14,1.86,120.42,438.07,71.66,7.02,6,70.97,0.812,11,0.010,moyen
GN2025-01487,2025-10-08,2025,10,41,Mamou,Dalaba,montagneux,10.69000,-12.25000,24.81,19.45,28.73,14.71,48.75,498.22,79.20,8.75,6,72.80,0.650,8,0.007,moyen
GN2025-01488,2025-10-21,2025,10,43,Mamou,Mamou,montagneux,10.38000,-12.09000,24.86,21.82,28.93,2.07,124.96,565.96,69.70,9.80,6,77.27,0.910,10,0.009,moyen
GN2025-01489,2025-02-16,2025,2,7,Mamou,Pita,montagneux,11.06000,-12.40000,25.93,21.73,29.16,2.55,21.31,66.86,55.52,10.97,2,49.16,0.226,4,0.004,faible
GN2025-01490,2025-09-05,2025,9,36,Nzérékoré,Beyla,forestier,8.69000,-8.65000,26.39,22.35,31.25,2.80,83.92,586.04,75.51,8.77,6,77.56,0.828,11,0.011,eleve
GN2025-01491,2025-03-18,2025,3,12,Nzérékoré,Guéckédou,forestier,8.57000,-10.13000,27.17,22.81,31.64,0.66,1.76,52.87,61.63,12.80,0,38.13,0.098,6,0.007,faible
GN2025-01492,2025-09-08,2025,9,37,Nzérékoré,Lola,forestier,7.80000,-8.53000,24.65,19.49,29.11,8.30,282.93,921.74,76.92,6.27,7,88.59,1.000,16,0.017,eleve
GN2025-01493,2025-10-09,2025,10,41,Nzérékoré,Macenta,forestier,8.54000,-9.47000,25.03,20.63,29.10,78.22,267.03,1191.56,83.94,10.08,7,98.00,1.000,15,0.016,eleve
GN2025-01494,2025-09-29,2025,9,40,Nzérékoré,Nzérékoré,forestier,7.76000,-8.82000,25.71,21.02,29.69,3.28,267.88,875.26,71.30,8.42,6,89.05,1.000,12,0.013,eleve
GN2025-01495,2025-02-01,2025,2,5,Nzérékoré,Yomou,forestier,7.56000,-9.31000,27.68,22.34,33.25,0.64,16.39,26.98,55.53,12.30,1,40.16,0.228,6,0.006,faible
GN2025-01496,2025-02-17,2025,2,8,Conakry,Conakry,côtier,9.54000,-13.68000,28.05,24.66,32.59,0.73,4.19,32.09,57.35,11.29,0,34.21,0.110,3,0.003,faible
GN2025-01497,2025-03-14,2025,3,11,Boké,Boffa,côtier,10.18000,-14.04000,29.75,26.38,33.08,8.77,27.89,56.01,53.84,9.50,2,42.70,0.308,3,0.003,faible
GN2025-01498,2025-01-12,2025,1,2,Boké,Boké,côtier,10.94000,-14.29000,30.41,26.44,34.47,0.05,2.55,4.48,49.34,13.37,0,33.93,0.072,3,0.003,faible
GN2025-01499,2025-11-18,2025,11,47,Boké,Fria,côtier,10.37000,-13.58000,27.53,22.62,31.04,4.65,129.97,563.19,81.39,9.19,6,78.58,1.000,17,0.017,eleve
GN2025-01500,2025-09-13,2025,9,37,Boké,Gaoual,soudano-guinéen,11.75000,-13.20000,28.14,22.55,32.36,6.09,91.54,345.95,68.52,6.43,6,61.04,0.745,7,0.007,moyen
GN2025-01501,2025-04-04,2025,4,14,Boké,Koundara,soudano-guinéen,12.48000,-13.30000,30.26,26.23,34.56,0.05,2.23,11.38,61.03,9.48,0,42.50,0.084,2,0.002,faible
GN2025-01502,2025-07-04,2025,7,27,Faranah,Dabola,soudano-guinéen,10.75000,-11.11000,27.84,24.75,33.50,3.34,161.01,235.51,71.34,11.85,7,51.99,1.000,10,0.010,eleve
GN2025-01503,2025-04-16,2025,4,16,Faranah,Dinguiraye,soudano-guinéen,11.30000,-10.72000,28.30,23.98,31.52,5.56,7.14,78.75,59.89,10.19,1,29.38,0.152,4,0.004,faible
GN2025-01504,2025-11-04,2025,11,45,Faranah,Faranah,soudano-guinéen,10.04000,-10.74000,28.35,23.02,32.15,29.99,136.82,428.37,79.85,11.73,7,68.40,1.000,14,0.014,eleve
GN2025-01505,2025-01-05,2025,1,1,Faranah,Kissidougou,forestier,9.18000,-10.10000,28.38,24.53,32.21,0.17,1.65,1.65,54.69,10.78,0,41.42,0.065,0,0.000,faible
GN2025-01506,2025-07-21,2025,7,30,Kankan,Kankan,soudano-guinéen,10.39000,-9.31000,28.87,23.81,33.60,0.48,35.75,238.97,72.04,3.15,5,45.09,0.456,3,0.003,moyen
GN2025-01507,2025-08-05,2025,8,32,Kankan,Kérouané,forestier,9.27000,-9.01000,27.93,24.59,33.07,1.16,144.89,551.32,73.80,6.40,7,79.21,1.000,12,0.012,eleve
GN2025-01508,2025-10-15,2025,10,42,Kankan,Kouroussa,soudano-guinéen,10.65000,-9.89000,27.86,22.45,33.58,2.76,14.24,216.50,74.93,7.86,4,67.41,0.335,3,0.003,faible
GN2025-01509,2025-05-21,2025,5,21,Kankan,Mandiana,soudano-guinéen,10.63000,-8.68000,29.27,23.80,34.95,2.33,33.31,101.97,71.31,9.89,5,40.95,0.453,7,0.007,faible
GN2025-01510,2025-09-19,2025,9,38,Kankan,Siguiri,soudano-guinéen,11.42000,-9.17000,30.32,26.21,34.65,0.06,59.01,242.00,68.09,10.75,4,66.05,0.587,9,0.008,faible
GN2025-01511,2025-12-24,2025,12,52,Kindia,Coyah,côtier,9.71000,-13.38000,26.75,23.58,31.55,2.69,365.86,1067.49,73.69,4.18,7,96.65,1.000,9,0.010,eleve
GN2025-01512,2025-01-20,2025,1,4,Kindia,Dubréka,côtier,9.79000,-13.52000,28.46,23.28,32.00,0.14,2.06,7.82,60.28,9.10,0,43.78,0.092,10,0.011,faible
GN2025-01513,2025-03-20,2025,3,12,Kindia,Forécariah,côtier,9.43000,-13.09000,27.28,23.49,31.57,0.52,20.03,98.00,57.92,11.11,1,42.61,0.270,4,0.004,faible
GN2025-01514,2025-03-08,2025,3,10,Kindia,Kindia,côtier,10.06000,-12.87000,28.10,23.32,32.16,0.19,3.06,29.89,55.31,12.10,0,32.63,0.126,2,0.002,faible
GN2025-01515,2025-09-09,2025,9,37,Kindia,Télimélé,soudano-guinéen,10.91000,-13.04000,25.51,20.78,30.90,82.31,146.39,419.00,85.37,6.91,5,71.74,1.000,13,0.013,eleve
GN2025-01516,2025-01-17,2025,1,3,Labé,Koubia,montagneux,11.59000,-11.90000,26.01,22.83,29.89,0.32,10.96,15.31,53.23,12.16,1,34.73,0.186,3,0.003,faible
GN2025-01517,2025-10-20,2025,10,43,Labé,Labé,montagneux,11.32000,-12.29000,24.05,20.65,27.08,50.53,70.12,370.98,80.68,10.12,7,69.47,0.755,4,0.004,moyen
GN2025-01518,2025-09-25,2025,9,39,Labé,Lélouma,montagneux,11.18000,-12.48000,24.75,21.31,29.17,91.82,238.53,558.60,83.35,5.55,6,85.73,1.000,10,0.009,eleve
GN2025-01519,2025-06-13,2025,6,24,Labé,Mali,montagneux,12.08000,-12.30000,25.55,22.53,30.03,0.08,10.68,166.84,68.06,4.73,4,54.13,0.318,7,0.006,faible
GN2025-01520,2025-11-19,2025,11,47,Labé,Tougué,montagneux,11.45000,-11.67000,25.80,20.93,31.19,69.55,107.17,540.59,81.86,2.20,6,80.02,0.960,13,0.012,eleve
GN2025-01521,2025-02-06,2025,2,6,Mamou,Dalaba,montagneux,10.69000,-12.25000,25.46,20.05,29.25,0.80,10.56,63.53,56.75,12.27,1,39.67,0.156,2,0.002,faible
GN2025-01522,2025-07-27,2025,7,30,Mamou,Mamou,montagneux,10.38000,-12.09000,23.44,18.48,27.47,47.21,139.44,439.24,75.57,7.16,6,74.08,0.997,5,0.005,moyen
GN2025-01523,2025-06-08,2025,6,23,Mamou,Pita,montagneux,11.06000,-12.40000,25.23,19.81,30.64,10.96,137.33,245.01,69.98,12.80,5,64.91,0.880,12,0.011,moyen
GN2025-01524,2025-01-26,2025,1,4,Nzérékoré,Beyla,forestier,8.69000,-8.65000,27.74,22.27,33.12,0.10,23.74,55.77,56.88,10.65,1,38.88,0.194,5,0.005,faible
GN2025-01525,2025-05-20,2025,5,21,Nzérékoré,Guéckédou,forestier,8.57000,-10.13000,26.24,23.09,29.75,26.28,152.89,488.27,66.94,10.39,7,70.93,1.000,9,0.010,eleve
GN2025-01526,2025-08-24,2025,8,34,Nzérékoré,Lola,forestier,7.80000,-8.53000,25.50,21.79,29.01,21.02,92.63,731.18,80.59,5.00,6,90.87,0.874,15,0.016,eleve
GN2025-01527,2025-07-10,2025,7,28,Nzérékoré,Macenta,forestier,8.54000,-9.47000,27.18,22.22,30.34,66.47,342.47,870.47,79.50,5.39,7,97.94,1.000,18,0.019,eleve
GN2025-01528,2025-07-27,2025,7,30,Nzérékoré,Nzérékoré,forestier,7.76000,-8.82000,24.90,20.43,28.63,18.76,249.60,927.04,77.86,5.50,7,92.50,1.000,13,0.014,eleve
GN2025-01529,2025-04-11,2025,4,15,Nzérékoré,Yomou,forestier,7.56000,-9.31000,27.15,22.28,31.23,0.35,2.45,173.34,60.30,13.02,0,46.73,0.086,6,0.006,faible
GN2025-01530,2025-07-03,2025,7,27,Conakry,Conakry,côtier,9.54000,-13.68000,27.41,24.07,32.04,17.87,167.44,951.33,72.51,10.63,5,95.81,1.000,9,0.010,eleve
GN2025-01531,2025-05-23,2025,5,21,Boké,Boffa,côtier,10.18000,-14.04000,28.34,22.75,32.97,0.26,64.20,189.75,75.76,8.97,5,53.77,0.627,6,0.006,moyen
GN2025-01532,2025-07-25,2025,7,30,Boké,Boké,côtier,10.94000,-14.29000,29.57,24.26,34.78,1.32,141.07,260.96,77.34,10.96,7,61.98,1.000,11,0.011,eleve
GN2025-01533,2025-02-15,2025,2,7,Boké,Fria,côtier,10.37000,-13.58000,29.03,25.20,32.16,0.32,3.24,89.76,56.41,7.63,0,52.22,0.059,2,0.002,faible
GN2025-01534,2025-12-17,2025,12,51,Boké,Gaoual,soudano-guinéen,11.75000,-13.20000,28.90,23.93,34.28,18.94,74.80,465.21,77.71,7.96,3,70.98,0.607,6,0.006,moyen
GN2025-01535,2025-11-21,2025,11,47,Boké,Koundara,soudano-guinéen,12.48000,-13.30000,29.11,25.93,34.76,0.17,12.50,166.70,76.34,7.34,4,60.83,0.305,5,0.005,faible
GN2025-01536,2025-05-01,2025,5,18,Faranah,Dabola,soudano-guinéen,10.75000,-11.11000,29.20,24.89,32.89,68.57,157.19,213.15,80.86,9.45,3,62.49,0.995,10,0.010,moyen
GN2025-01537,2025-12-09,2025,12,50,Faranah,Dinguiraye,soudano-guinéen,11.30000,-10.72000,27.78,24.20,30.83,2.06,73.40,159.17,79.11,5.31,4,55.56,0.673,10,0.009,moyen
GN2025-01538,2025-04-29,2025,4,18,Faranah,Faranah,soudano-guinéen,10.04000,-10.74000,28.59,25.37,33.85,0.58,56.32,82.90,63.23,10.42,1,50.18,0.409,6,0.006,faible
GN2025-01539,2025-01-28,2025,1,5,Faranah,Kissidougou,forestier,9.18000,-10.10000,28.25,25.14,31.35,0.65,2.61,12.15,55.17,11.21,0,37.06,0.118,1,0.001,faible
GN2025-01540,2025-01-11,2025,1,2,Kankan,Kankan,soudano-guinéen,10.39000,-9.31000,29.86,24.63,34.36,0.53,3.06,4.02,60.53,7.50,0,40.71,0.064,6,0.006,faible
GN2025-01541,2025-11-28,2025,11,48,Kankan,Kérouané,forestier,9.27000,-9.01000,27.00,21.80,32.43,2.64,152.39,763.30,71.05,9.84,7,80.49,1.000,11,0.011,eleve
GN2025-01542,2025-07-15,2025,7,29,Kankan,Kouroussa,soudano-guinéen,10.65000,-9.89000,28.22,23.35,33.26,47.61,138.54,398.72,78.09,5.18,6,64.99,1.000,7,0.007,eleve
GN2025-01543,2025-12-26,2025,12,52,Kankan,Mandiana,soudano-guinéen,10.63000,-8.68000,27.47,22.97,33.02,67.24,164.46,333.32,86.23,7.06,6,76.45,1.000,15,0.015,eleve
GN2025-01544,2025-06-25,2025,6,26,Kankan,Siguiri,soudano-guinéen,11.42000,-9.17000,29.51,26.46,33.99,2.95,43.75,172.79,70.99,4.95,5,55.72,0.474,7,0.007,faible
GN2025-01545,2025-11-08,2025,11,45,Kindia,Coyah,côtier,9.71000,-13.38000,27.05,23.65,31.52,5.35,63.45,645.61,75.83,11.86,5,82.16,0.585,11,0.012,moyen
GN2025-01546,2025-11-15,2025,11,46,Kindia,Dubréka,côtier,9.79000,-13.52000,28.15,23.14,31.71,16.67,146.51,961.64,81.50,5.81,6,98.00,1.000,12,0.013,eleve
GN2025-01547,2025-01-05,2025,1,1,Kindia,Forécariah,côtier,9.43000,-13.09000,28.99,25.25,34.67,0.69,2.93,2.93,60.71,6.94,0,44.90,0.070,0,0.000,faible
GN2025-01548,2025-09-17,2025,9,38,Kindia,Kindia,côtier,10.06000,-12.87000,26.60,22.96,30.63,42.48,295.75,1167.96,80.29,7.24,6,98.00,1.000,8,0.008,eleve
GN2025-01549,2025-10-06,2025,10,41,Kindia,Télimélé,soudano-guinéen,10.91000,-13.04000,27.07,23.62,32.33,1.52,126.18,676.02,72.03,7.08,6,81.01,0.906,6,0.006,eleve
GN2025-01550,2025-05-09,2025,5,19,Labé,Koubia,montagneux,11.59000,-11.90000,26.09,20.83,31.35,1.10,65.74,116.64,71.09,11.14,4,53.00,0.545,9,0.008,faible
GN2025-01551,2025-11-26,2025,11,48,Labé,Labé,montagneux,11.32000,-12.29000,24.57,21.37,28.53,1.75,148.94,393.48,73.70,8.76,7,66.74,1.000,13,0.012,eleve
GN2025-01552,2025-01-18,2025,1,3,Labé,Lélouma,montagneux,11.18000,-12.48000,25.72,20.14,31.08,0.11,17.35,22.03,58.65,9.47,1,44.13,0.175,4,0.004,faible
GN2025-01553,2025-12-08,2025,12,50,Labé,Mali,montagneux,12.08000,-12.30000,24.87,20.36,28.25,1.94,63.61,252.67,73.21,6.63,6,52.05,0.686,8,0.007,faible
GN2025-01554,2025-02-10,2025,2,7,Labé,Tougué,montagneux,11.45000,-11.67000,25.43,20.73,29.41,0.75,9.00,72.08,54.12,8.08,1,37.47,0.187,4,0.004,faible
GN2025-01555,2025-03-16,2025,3,11,Mamou,Dalaba,montagneux,10.69000,-12.25000,25.12,21.57,28.76,0.32,2.40,46.59,58.92,10.80,0,42.86,0.073,3,0.003,faible
GN2025-01556,2025-12-31,2025,12,1,Mamou,Mamou,montagneux,10.38000,-12.09000,24.70,19.38,30.26,43.49,214.71,622.27,80.46,6.66,7,84.88,1.000,7,0.007,eleve
GN2025-01557,2025-04-06,2025,4,14,Mamou,Pita,montagneux,11.06000,-12.40000,25.95,22.85,30.60,0.71,3.04,36.86,54.62,9.67,0,35.15,0.066,3,0.003,faible
GN2025-01558,2025-10-07,2025,10,41,Nzérékoré,Beyla,forestier,8.69000,-8.65000,26.70,23.66,30.34,82.71,307.01,838.99,84.94,7.66,6,98.00,1.000,12,0.012,eleve
GN2025-01559,2025-06-15,2025,6,24,Nzérékoré,Guéckédou,forestier,8.57000,-10.13000,25.83,22.14,30.58,17.86,267.15,849.06,69.76,9.00,6,84.34,1.000,14,0.015,eleve
GN2025-01560,2025-06-25,2025,6,26,Nzérékoré,Lola,forestier,7.80000,-8.53000,24.43,19.15,27.64,18.18,123.37,795.16,77.77,6.58,6,89.73,0.976,8,0.008,eleve
GN2025-01561,2025-08-31,2025,8,35,Nzérékoré,Macenta,forestier,8.54000,-9.47000,24.80,20.64,30.03,31.84,355.28,1523.62,82.15,8.49,7,98.00,1.000,23,0.025,eleve
GN2025-01562,2025-03-09,2025,3,10,Nzérékoré,Nzérékoré,forestier,7.76000,-8.82000,27.99,22.70,32.43,0.49,1.87,31.38,59.79,13.97,0,42.67,0.094,2,0.002,faible
GN2025-01563,2025-12-14,2025,12,50,Nzérékoré,Yomou,forestier,7.56000,-9.31000,24.85,19.54,30.29,2.92,155.06,1061.48,72.07,6.38,7,98.00,1.000,12,0.013,eleve
GN2025-01564,2025-10-06,2025,10,41,Conakry,Conakry,côtier,9.54000,-13.68000,27.08,23.26,32.58,22.67,128.87,774.99,88.07,9.87,7,98.00,1.000,10,0.012,eleve
GN2025-01565,2025-01-30,2025,1,5,Boké,Boffa,côtier,10.18000,-14.04000,29.87,26.78,35.26,0.79,2.96,15.24,55.54,12.46,0,34.33,0.139,4,0.004,faible
GN2025-01566,2025-07-26,2025,7,30,Boké,Boké,côtier,10.94000,-14.29000,28.61,24.89,32.51,30.08,168.27,288.77,75.09,6.84,7,52.96,1.000,9,0.009,eleve
GN2025-01567,2025-05-28,2025,5,22,Boké,Fria,côtier,10.37000,-13.58000,28.46,23.07,32.13,2.69,39.05,280.21,67.45,7.76,5,68.72,0.515,5,0.005,faible
GN2025-01568,2025-08-23,2025,8,34,Boké,Gaoual,soudano-guinéen,11.75000,-13.20000,28.70,24.22,34.04,2.14,110.45,401.33,82.06,6.45,6,72.91,0.916,8,0.008,moyen
GN2025-01569,2025-05-28,2025,5,22,Boké,Koundara,soudano-guinéen,12.48000,-13.30000,29.06,24.99,34.56,1.98,37.66,164.89,73.36,5.75,7,49.87,0.580,6,0.006,faible
GN2025-01570,2025-09-16,2025,9,38,Faranah,Dabola,soudano-guinéen,10.75000,-11.11000,29.61,25.78,33.21,1.07,194.22,445.76,76.56,4.25,7,75.53,1.000,6,0.006,eleve
GN2025-01571,2025-11-08,2025,11,45,Faranah,Dinguiraye,soudano-guinéen,11.30000,-10.72000,26.17,20.97,31.16,14.83,72.32,370.73,77.28,5.72,5,64.20,0.679,5,0.005,moyen
GN2025-01572,2025-01-25,2025,1,4,Faranah,Faranah,soudano-guinéen,10.04000,-10.74000,29.08,25.62,32.57,0.22,9.23,48.19,59.94,12.92,1,36.99,0.141,4,0.004,faible
GN2025-01573,2025-12-04,2025,12,49,Faranah,Kissidougou,forestier,9.18000,-10.10000,25.36,20.05,28.80,0.00,176.48,842.82,73.98,10.14,5,95.86,1.000,18,0.019,eleve
GN2025-01574,2025-12-30,2025,12,1,Kankan,Kankan,soudano-guinéen,10.39000,-9.31000,28.04,22.94,31.70,0.89,70.85,426.24,77.03,9.28,4,67.95,0.586,8,0.008,moyen
GN2025-01575,2025-07-27,2025,7,30,Kankan,Kérouané,forestier,9.27000,-9.01000,27.07,23.94,31.92,8.95,119.40,386.68,72.92,4.59,6,65.02,0.904,13,0.013,eleve
GN2025-01576,2025-05-30,2025,5,22,Kankan,Kouroussa,soudano-guinéen,10.65000,-9.89000,27.41,22.93,31.82,2.49,16.86,83.35,70.77,12.13,2,52.92,0.188,5,0.005,faible
GN2025-01577,2025-02-27,2025,2,9,Kankan,Mandiana,soudano-guinéen,10.63000,-8.68000,29.53,26.08,34.38,0.50,8.21,18.60,57.66,7.66,1,32.58,0.207,1,0.001,faible
GN2025-01578,2025-05-24,2025,5,21,Kankan,Siguiri,soudano-guinéen,11.42000,-9.17000,30.26,25.18,33.38,9.32,15.33,97.18,67.65,8.54,4,50.36,0.373,6,0.006,faible
GN2025-01579,2025-06-09,2025,6,24,Kindia,Coyah,côtier,9.71000,-13.38000,28.90,24.89,32.92,2.63,37.37,186.59,72.95,9.74,5,55.83,0.418,6,0.007,faible
GN2025-01580,2025-03-20,2025,3,12,Kindia,Dubréka,côtier,9.79000,-13.52000,28.40,24.81,32.42,0.74,2.32,10.93,51.62,9.43,0,34.33,0.080,8,0.009,faible
GN2025-01581,2025-03-11,2025,3,11,Kindia,Forécariah,côtier,9.43000,-13.09000,29.24,25.53,33.17,0.40,18.18,93.87,65.83,8.47,1,40.95,0.192,4,0.004,faible
GN2025-01582,2025-07-22,2025,7,30,Kindia,Kindia,côtier,10.06000,-12.87000,27.98,23.41,32.77,21.04,258.14,842.02,76.45,6.66,7,96.40,1.000,12,0.013,eleve
GN2025-01583,2025-05-07,2025,5,19,Kindia,Télimélé,soudano-guinéen,10.91000,-13.04000,28.54,24.83,33.74,1.06,4.05,108.91,63.51,9.58,1,42.77,0.190,3,0.003,faible
GN2025-01584,2025-12-14,2025,12,50,Labé,Koubia,montagneux,11.59000,-11.90000,25.29,21.65,29.05,0.90,109.89,446.04,70.63,10.62,6,59.30,0.866,8,0.007,moyen
GN2025-01585,2025-12-16,2025,12,51,Labé,Labé,montagneux,11.32000,-12.29000,25.53,21.27,29.43,22.05,57.17,523.94,75.66,8.76,5,76.91,0.593,5,0.005,moyen
GN2025-01586,2025-01-21,2025,1,4,Labé,Lélouma,montagneux,11.18000,-12.48000,25.41,21.03,28.95,19.07,74.84,80.29,58.62,12.28,3,48.60,0.608,2,0.002,faible
GN2025-01587,2025-09-13,2025,9,37,Labé,Mali,montagneux,12.08000,-12.30000,24.02,20.24,28.28,2.05,51.94,366.42,69.25,5.26,6,66.38,0.590,8,0.007,faible
GN2025-01588,2025-12-04,2025,12,49,Labé,Tougué,montagneux,11.45000,-11.67000,24.53,19.58,28.36,1.93,59.09,414.83,81.83,9.17,7,73.38,0.805,7,0.006,moyen
GN2025-01589,2025-11-21,2025,11,47,Mamou,Dalaba,montagneux,10.69000,-12.25000,24.86,21.11,28.31,39.51,205.69,533.89,79.11,11.96,6,73.56,1.000,14,0.013,eleve
GN2025-01590,2025-11-29,2025,11,48,Mamou,Mamou,montagneux,10.38000,-12.09000,25.22,19.98,28.50,0.61,129.13,493.80,77.31,8.52,5,65.90,0.950,15,0.014,eleve
GN2025-01591,2025-09-03,2025,9,36,Mamou,Pita,montagneux,11.06000,-12.40000,24.87,20.46,29.48,10.98,81.67,492.55,74.56,11.61,5,76.26,0.691,11,0.010,moyen
GN2025-01592,2025-12-27,2025,12,52,Nzérékoré,Beyla,forestier,8.69000,-8.65000,25.72,21.04,31.22,13.57,85.06,585.79,69.15,5.77,5,80.21,0.658,14,0.014,moyen
GN2025-01593,2025-11-25,2025,11,48,Nzérékoré,Guéckédou,forestier,8.57000,-10.13000,25.87,20.35,31.03,29.72,146.64,1016.15,76.05,8.85,6,91.96,0.992,13,0.014,eleve
GN2025-01594,2025-10-18,2025,10,42,Nzérékoré,Lola,forestier,7.80000,-8.53000,25.91,22.05,31.46,106.97,362.36,1201.88,87.18,9.49,7,98.00,1.000,11,0.012,eleve
GN2025-01595,2025-09-13,2025,9,37,Nzérékoré,Macenta,forestier,8.54000,-9.47000,25.37,20.40,28.97,29.97,267.82,1360.47,78.24,5.08,7,98.00,1.000,19,0.021,eleve
GN2025-01596,2025-03-09,2025,3,10,Nzérékoré,Nzérékoré,forestier,7.76000,-8.82000,27.99,22.70,32.43,0.49,1.87,31.38,59.79,13.97,0,44.18,0.054,3,0.003,faible
GN2025-01597,2025-02-12,2025,2,7,Nzérékoré,Yomou,forestier,7.56000,-9.31000,27.10,22.35,32.51,0.65,7.75,30.84,58.22,11.32,1,36.75,0.159,2,0.002,faible
GN2025-01598,2025-03-17,2025,3,12,Conakry,Conakry,côtier,9.54000,-13.68000,27.48,22.70,32.03,0.53,88.37,214.57,58.66,5.35,2,54.66,0.554,10,0.012,moyen
GN2025-01599,2025-01-09,2025,1,2,Boké,Boffa,côtier,10.18000,-14.04000,28.73,25.02,33.52,0.28,3.16,6.22,54.37,10.30,0,24.93,0.032,7,0.007,faible
GN2025-01600,2025-01-17,2025,1,3,Boké,Boké,côtier,10.94000,-14.29000,29.17,23.70,33.02,0.54,1.95,6.10,61.14,11.55,0,41.22,0.029,5,0.005,faible
GN2025-01601,2025-04-12,2025,4,15,Boké,Fria,côtier,10.37000,-13.58000,30.97,27.63,34.58,0.48,3.17,60.12,57.17,10.15,1,36.74,0.131,1,0.001,faible
GN2025-01602,2025-08-17,2025,8,33,Boké,Gaoual,soudano-guinéen,11.75000,-13.20000,29.11,23.54,33.19,1.80,38.44,360.86,70.93,10.10,4,60.68,0.442,6,0.006,faible
GN2025-01603,2025-05-03,2025,5,18,Boké,Koundara,soudano-guinéen,12.48000,-13.30000,29.81,25.17,33.87,17.45,20.37,60.89,67.33,8.82,2,55.05,0.237,6,0.006,faible
GN2025-01604,2025-11-18,2025,11,47,Faranah,Dabola,soudano-guinéen,10.75000,-11.11000,27.57,22.22,30.84,30.60,49.34,579.66,83.80,5.84,7,74.21,0.711,9,0.009,moyen
GN2025-01605,2025-11-06,2025,11,45,Faranah,Dinguiraye,soudano-guinéen,11.30000,-10.72000,26.92,22.82,30.56,22.48,60.79,356.24,81.07,8.71,5,63.76,0.595,12,0.011,moyen
GN2025-01606,2025-09-10,2025,9,37,Faranah,Faranah,soudano-guinéen,10.04000,-10.74000,28.08,23.57,31.94,0.07,55.31,406.38,75.04,8.78,6,71.80,0.595,14,0.014,moyen
GN2025-01607,2025-11-20,2025,11,47,Faranah,Kissidougou,forestier,9.18000,-10.10000,25.26,21.45,29.76,0.60,255.85,873.46,70.07,8.95,6,98.00,1.000,14,0.015,eleve
GN2025-01608,2025-10-05,2025,10,40,Kankan,Kankan,soudano-guinéen,10.39000,-9.31000,28.91,24.78,32.09,1.86,31.43,315.93,78.48,6.20,5,54.40,0.516,6,0.006,faible
GN2025-01609,2025-06-08,2025,6,23,Kankan,Kérouané,forestier,9.27000,-9.01000,28.31,22.96,33.63,2.96,95.79,339.84,71.19,9.93,6,61.23,0.791,6,0.006,moyen
GN2025-01610,2025-08-25,2025,8,35,Kankan,Kouroussa,soudano-guinéen,10.65000,-9.89000,28.64,25.33,34.25,7.44,83.73,241.33,71.88,8.43,6,56.18,0.737,6,0.006,moyen
GN2025-01611,2025-05-15,2025,5,20,Kankan,Mandiana,soudano-guinéen,10.63000,-8.68000,28.88,23.94,32.26,4.44,19.44,75.19,72.82,11.45,6,43.98,0.429,5,0.005,faible
GN2025-01612,2025-03-23,2025,3,12,Kankan,Siguiri,soudano-guinéen,11.42000,-9.17000,30.31,26.38,36.01,0.58,7.16,17.69,57.78,10.22,1,32.38,0.147,2,0.002,faible
GN2025-01613,2025-08-23,2025,8,34,Kindia,Coyah,côtier,9.71000,-13.38000,26.86,22.12,31.95,2.05,179.31,1212.70,73.55,7.70,5,98.00,1.000,16,0.018,eleve
GN2025-01614,2025-05-28,2025,5,22,Kindia,Dubréka,côtier,9.79000,-13.52000,29.42,26.10,34.71,31.01,46.85,177.86,74.59,6.73,7,49.97,0.654,9,0.010,moyen
GN2025-01615,2025-08-04,2025,8,32,Kindia,Forécariah,côtier,9.43000,-13.09000,27.51,23.32,32.99,25.13,207.32,1316.90,77.47,3.18,7,98.00,1.000,12,0.013,eleve
GN2025-01616,2025-03-11,2025,3,11,Kindia,Kindia,côtier,10.06000,-12.87000,27.98,22.62,33.48,0.02,2.32,22.93,52.84,11.07,0,38.31,0.075,4,0.004,faible
GN2025-01617,2025-02-03,2025,2,6,Kindia,Télimélé,soudano-guinéen,10.91000,-13.04000,29.32,23.77,34.56,0.69,15.10,61.46,53.47,13.90,2,41.41,0.180,5,0.005,faible
GN2025-01618,2025-04-09,2025,4,15,Labé,Koubia,montagneux,11.59000,-11.90000,26.11,20.80,30.40,0.68,11.67,103.36,63.94,6.32,1,46.50,0.174,4,0.004,faible
GN2025-01619,2025-03-20,2025,3,12,Labé,Labé,montagneux,11.32000,-12.29000,24.89,21.27,28.33,0.74,20.32,71.97,58.85,10.51,1,37.96,0.204,4,0.004,faible
GN2025-01620,2025-05-15,2025,5,20,Labé,Lélouma,montagneux,11.18000,-12.48000,24.67,19.13,28.88,1.85,10.85,58.20,68.79,7.74,5,47.79,0.450,3,0.003,faible
GN2025-01621,2025-10-19,2025,10,42,Labé,Mali,montagneux,12.08000,-12.30000,22.75,18.39,26.90,5.30,65.33,284.90,77.95,5.13,5,61.75,0.626,6,0.005,faible
GN2025-01622,2025-04-13,2025,4,15,Labé,Tougué,montagneux,11.45000,-11.67000,26.23,22.06,30.72,0.74,5.11,30.83,58.85,8.12,1,39.13,0.146,6,0.005,faible
GN2025-01623,2025-03-01,2025,3,9,Mamou,Dalaba,montagneux,10.69000,-12.25000,26.45,22.47,30.67,0.14,2.91,54.12,55.95,11.11,0,37.04,0.098,2,0.002,faible
GN2025-01624,2025-11-08,2025,11,45,Mamou,Mamou,montagneux,10.38000,-12.09000,24.77,19.97,28.28,5.60,119.36,458.42,79.40,5.51,7,67.50,1.000,7,0.007,eleve
GN2025-01625,2025-07-05,2025,7,27,Mamou,Pita,montagneux,11.06000,-12.40000,24.20,19.47,27.27,1.13,129.44,517.50,70.35,5.42,6,72.14,0.902,10,0.009,moyen
GN2025-01626,2025-02-10,2025,2,7,Nzérékoré,Beyla,forestier,8.69000,-8.65000,27.22,24.12,31.64,0.80,3.57,55.00,58.47,10.12,0,42.41,0.084,2,0.002,faible
GN2025-01627,2025-11-02,2025,11,44,Nzérékoré,Guéckédou,forestier,8.57000,-10.13000,25.13,20.62,30.22,1.91,262.53,677.78,82.04,6.80,7,80.34,1.000,20,0.022,eleve
GN2025-01628,2025-01-01,2025,1,1,Nzérékoré,Lola,forestier,7.80000,-8.53000,25.97,22.08,29.48,0.14,0.14,0.14,56.76,10.43,0,42.89,0.078,1,0.001,faible
GN2025-01629,2025-03-27,2025,3,13,Nzérékoré,Macenta,forestier,8.54000,-9.47000,26.72,23.58,30.67,0.44,15.18,77.88,59.42,11.02,1,43.11,0.197,0,0.000,faible
GN2025-01630,2025-11-08,2025,11,45,Nzérékoré,Nzérékoré,forestier,7.76000,-8.82000,26.42,22.17,30.10,1.10,46.87,694.76,71.44,6.10,5,76.81,0.490,10,0.011,eleve
GN2025-01631,2025-05-23,2025,5,21,Nzérékoré,Yomou,forestier,7.56000,-9.31000,26.39,22.45,31.55,22.44,156.74,329.41,74.55,6.76,6,58.58,1.000,11,0.012,eleve
GN2025-01632,2025-04-03,2025,4,14,Conakry,Conakry,côtier,9.54000,-13.68000,27.01,23.94,32.77,21.11,31.07,191.44,58.43,12.03,2,38.57,0.360,7,0.008,faible
GN2025-01633,2025-11-09,2025,11,45,Boké,Boffa,côtier,10.18000,-14.04000,27.98,23.71,33.25,0.28,143.29,580.46,81.16,10.84,4,78.13,0.973,10,0.010,eleve
GN2025-01634,2025-09-16,2025,9,38,Boké,Boké,côtier,10.94000,-14.29000,27.59,22.84,31.24,1.71,42.48,380.62,68.36,9.66,6,69.48,0.539,10,0.010,moyen
GN2025-01635,2025-02-20,2025,2,8,Boké,Fria,côtier,10.37000,-13.58000,29.14,23.92,34.58,0.40,2.51,90.14,55.16,11.09,0,40.04,0.075,3,0.003,faible
GN2025-01636,2025-05-05,2025,5,19,Boké,Gaoual,soudano-guinéen,11.75000,-13.20000,29.10,23.98,32.74,2.83,15.73,106.08,58.36,9.53,2,40.70,0.216,2,0.002,faible
GN2025-01637,2025-07-24,2025,7,30,Boké,Koundara,soudano-guinéen,12.48000,-13.30000,28.65,23.67,33.04,2.96,16.54,82.53,75.08,9.59,4,49.04,0.354,2,0.002,faible
GN2025-01638,2025-02-21,2025,2,8,Faranah,Dabola,soudano-guinéen,10.75000,-11.11000,29.55,26.55,33.45,0.41,2.41,28.47,55.89,10.44,0,30.02,0.066,1,0.001,faible
GN2025-01639,2025-09-17,2025,9,38,Faranah,Dinguiraye,soudano-guinéen,11.30000,-10.72000,25.79,21.33,29.64,2.59,49.99,388.25,73.02,3.25,6,61.93,0.588,1,0.001,moyen
GN2025-01640,2025-12-19,2025,12,51,Faranah,Faranah,soudano-guinéen,10.04000,-10.74000,27.61,23.58,32.26,23.28,93.60,349.81,76.96,9.96,6,70.74,0.806,8,0.008,moyen
GN2025-01641,2025-07-14,2025,7,29,Faranah,Kissidougou,forestier,9.18000,-10.10000,26.18,22.44,31.33,2.66,322.59,816.99,71.43,10.37,6,98.00,1.000,13,0.014,eleve
GN2025-01642,2025-08-08,2025,8,32,Kankan,Kankan,soudano-guinéen,10.39000,-9.31000,28.18,24.77,33.26,0.48,17.85,200.68,77.53,12.96,4,53.93,0.411,6,0.006,moyen
GN2025-01643,2025-06-18,2025,6,25,Kankan,Kérouané,forestier,9.27000,-9.01000,28.10,24.01,31.90,8.14,157.87,386.30,79.62,3.96,7,68.07,1.000,8,0.008,eleve
GN2025-01644,2025-09-07,2025,9,36,Kankan,Kouroussa,soudano-guinéen,10.65000,-9.89000,30.23,24.88,35.66,1.23,49.81,178.35,81.20,4.83,6,54.51,0.596,10,0.010,faible
GN2025-01645,2025-01-03,2025,1,1,Kankan,Mandiana,soudano-guinéen,10.63000,-8.68000,30.38,27.30,35.98,0.77,1.25,1.25,51.96,13.31,0,29.75,0.112,1,0.001,faible
GN2025-01646,2025-08-05,2025,8,32,Kankan,Siguiri,soudano-guinéen,11.42000,-9.17000,30.12,27.06,33.80,24.24,57.07,189.30,78.25,9.35,4,55.35,0.611,8,0.007,faible
GN2025-01647,2025-09-21,2025,9,38,Kindia,Coyah,côtier,9.71000,-13.38000,27.38,22.59,32.67,50.30,230.67,1020.91,79.19,2.92,7,98.00,1.000,14,0.016,eleve
GN2025-01648,2025-12-21,2025,12,51,Kindia,Dubréka,côtier,9.79000,-13.52000,27.25,22.61,30.91,161.03,362.37,1058.81,91.83,8.87,7,98.00,1.000,10,0.011,eleve
GN2025-01649,2025-08-25,2025,8,35,Kindia,Forécariah,côtier,9.43000,-13.09000,27.21,22.32,31.52,2.96,206.72,862.74,77.49,6.92,7,92.27,1.000,17,0.018,eleve
GN2025-01650,2025-04-28,2025,4,18,Kindia,Kindia,côtier,10.06000,-12.87000,26.60,23.40,32.36,0.04,20.27,133.66,66.66,10.82,1,49.59,0.265,6,0.006,faible
GN2025-01651,2025-05-12,2025,5,20,Kindia,Télimélé,soudano-guinéen,10.91000,-13.04000,28.38,23.88,34.07,0.61,43.89,121.56,66.39,10.16,5,50.38,0.531,10,0.010,faible
GN2025-01652,2025-12-05,2025,12,49,Labé,Koubia,montagneux,11.59000,-11.90000,24.47,20.55,27.75,36.92,162.57,551.50,76.92,8.43,6,71.60,1.000,7,0.006,moyen
GN2025-01653,2025-01-05,2025,1,1,Labé,Labé,montagneux,11.32000,-12.29000,25.00,20.17,28.57,0.77,7.02,7.02,57.94,8.89,1,36.98,0.201,4,0.004,faible
GN2025-01654,2025-11-13,2025,11,46,Labé,Lélouma,montagneux,11.18000,-12.48000,22.60,18.77,27.56,14.12,78.26,561.78,79.63,4.11,6,79.75,0.773,9,0.008,moyen
GN2025-01655,2025-08-29,2025,8,35,Labé,Mali,montagneux,12.08000,-12.30000,23.62,19.22,27.44,1.89,19.91,466.38,78.00,10.70,5,73.31,0.482,7,0.006,faible
GN2025-01656,2025-05-25,2025,5,21,Labé,Tougué,montagneux,11.45000,-11.67000,25.33,20.77,30.67,2.14,8.50,154.72,66.11,9.39,4,50.15,0.270,9,0.008,faible
GN2025-01657,2025-09-16,2025,9,38,Mamou,Dalaba,montagneux,10.69000,-12.25000,25.19,19.70,30.55,33.82,153.56,749.88,77.25,9.52,6,85.02,1.000,5,0.005,eleve
GN2025-01658,2025-04-29,2025,4,18,Mamou,Mamou,montagneux,10.38000,-12.09000,26.57,21.36,31.81,0.31,3.14,37.60,64.30,9.62,0,35.23,0.074,5,0.005,faible
GN2025-01659,2025-02-03,2025,2,6,Mamou,Pita,montagneux,11.06000,-12.40000,26.08,22.99,29.49,0.67,11.02,19.92,50.22,14.68,1,36.17,0.162,2,0.002,faible
GN2025-01660,2025-08-09,2025,8,32,Nzérékoré,Beyla,forestier,8.69000,-8.65000,25.42,21.22,29.45,13.47,118.74,928.18,73.87,7.48,6,95.35,0.922,8,0.008,eleve
GN2025-01661,2025-06-19,2025,6,25,Nzérékoré,Guéckédou,forestier,8.57000,-10.13000,24.89,19.96,28.37,38.65,235.29,923.99,77.20,11.33,7,98.00,1.000,15,0.017,eleve
GN2025-01662,2025-06-23,2025,6,26,Nzérékoré,Lola,forestier,7.80000,-8.53000,25.35,21.63,29.79,16.19,118.64,756.98,73.86,10.59,6,91.07,0.956,13,0.014,eleve
GN2025-01663,2025-08-31,2025,8,35,Nzérékoré,Macenta,forestier,8.54000,-9.47000,24.80,20.64,30.03,31.84,355.28,1523.62,82.15,8.49,7,98.00,1.000,11,0.012,eleve
GN2025-01664,2025-01-28,2025,1,5,Nzérékoré,Nzérékoré,forestier,7.76000,-8.82000,26.86,23.36,30.45,0.58,28.41,51.94,56.92,7.62,1,46.14,0.241,1,0.001,faible
GN2025-01665,2025-02-14,2025,2,7,Nzérékoré,Yomou,forestier,7.56000,-9.31000,26.51,22.63,30.83,0.56,2.52,30.75,61.34,10.62,0,30.37,0.137,2,0.002,faible
GN2025-01666,2025-12-27,2025,12,52,Conakry,Conakry,côtier,9.54000,-13.68000,26.25,22.70,30.15,52.79,199.87,919.79,72.77,8.63,6,93.48,1.000,14,0.016,eleve
GN2025-01667,2025-06-21,2025,6,25,Boké,Boffa,côtier,10.18000,-14.04000,27.83,24.75,31.50,14.54,129.52,275.36,72.02,9.51,6,61.47,0.940,8,0.008,eleve
GN2025-01668,2025-02-28,2025,2,9,Boké,Boké,côtier,10.94000,-14.29000,29.68,25.76,35.23,0.34,2.52,78.58,61.46,10.92,0,39.10,0.153,1,0.001,faible
GN2025-01669,2025-05-03,2025,5,18,Boké,Fria,côtier,10.37000,-13.58000,29.55,25.49,33.62,9.40,18.50,143.71,66.92,10.95,2,52.15,0.246,7,0.007,faible
GN2025-01670,2025-07-25,2025,7,30,Boké,Gaoual,soudano-guinéen,11.75000,-13.20000,29.82,26.07,33.41,21.39,89.57,228.56,81.48,12.67,5,62.24,0.821,10,0.010,moyen
GN2025-01671,2025-02-23,2025,2,8,Boké,Koundara,soudano-guinéen,12.48000,-13.30000,29.52,24.25,34.18,6.14,14.07,35.97,60.18,14.47,2,41.69,0.227,1,0.001,faible
GN2025-01672,2025-01-20,2025,1,4,Faranah,Dabola,soudano-guinéen,10.75000,-11.11000,29.50,25.68,32.78,0.75,3.32,8.10,52.82,10.56,0,33.76,0.129,1,0.001,faible
GN2025-01673,2025-12-15,2025,12,51,Faranah,Dinguiraye,soudano-guinéen,11.30000,-10.72000,26.52,22.80,31.06,3.97,39.04,184.01,76.04,10.58,4,56.15,0.422,6,0.006,moyen
GN2025-01674,2025-04-08,2025,4,15,Faranah,Faranah,soudano-guinéen,10.04000,-10.74000,29.61,26.31,35.35,0.51,19.54,60.03,60.82,9.92,1,41.28,0.243,6,0.006,faible
GN2025-01675,2025-06-22,2025,6,25,Faranah,Kissidougou,forestier,9.18000,-10.10000,27.67,24.17,32.72,12.40,123.96,492.54,73.17,6.50,5,70.64,0.880,12,0.013,eleve
GN2025-01676,2025-07-14,2025,7,29,Kankan,Kankan,soudano-guinéen,10.39000,-9.31000,29.36,24.05,33.45,8.93,58.55,269.93,74.74,8.92,4,66.98,0.584,10,0.010,moyen
GN2025-01677,2025-01-11,2025,1,2,Kankan,Kérouané,forestier,9.27000,-9.01000,28.77,23.78,33.32,0.19,4.81,6.57,56.04,14.79,1,30.48,0.114,2,0.002,faible
GN2025-01678,2025-07-17,2025,7,29,Kankan,Kouroussa,soudano-guinéen,10.65000,-9.89000,28.40,23.67,34.17,18.64,113.96,414.97,76.33,9.48,6,68.87,0.890,12,0.012,moyen
GN2025-01679,2025-07-12,2025,7,28,Kankan,Mandiana,soudano-guinéen,10.63000,-8.68000,28.82,25.66,34.38,24.46,90.07,250.39,78.94,8.27,7,55.84,0.758,7,0.007,moyen
GN2025-01680,2025-08-18,2025,8,34,Kankan,Siguiri,soudano-guinéen,11.42000,-9.17000,28.62,24.17,33.32,0.30,42.79,202.89,74.49,9.36,3,57.85,0.402,5,0.005,faible
GN2025-01681,2025-01-16,2025,1,3,Kindia,Coyah,côtier,9.71000,-13.38000,29.28,24.69,33.90,0.71,2.91,7.93,57.73,12.00,0,26.08,0.084,1,0.001,faible
GN2025-01682,2025-11-21,2025,11,47,Kindia,Dubréka,côtier,9.79000,-13.52000,27.73,23.91,31.96,2.21,294.44,912.00,83.86,7.86,7,98.00,1.000,10,0.011,eleve
GN2025-01683,2025-09-11,2025,9,37,Kindia,Forécariah,côtier,9.43000,-13.09000,28.13,25.09,32.97,27.26,477.93,1481.84,74.52,9.62,7,98.00,1.000,11,0.012,eleve
GN2025-01684,2025-01-20,2025,1,4,Kindia,Kindia,côtier,10.06000,-12.87000,27.58,23.05,31.97,0.76,3.03,8.07,72.83,9.95,0,51.50,0.150,2,0.002,faible
GN2025-01685,2025-11-05,2025,11,45,Kindia,Télimélé,soudano-guinéen,10.91000,-13.04000,27.50,23.77,31.34,42.02,107.78,538.64,78.75,9.64,6,70.89,0.829,8,0.008,eleve
GN2025-01686,2025-02-15,2025,2,7,Labé,Koubia,montagneux,11.59000,-11.90000,26.84,22.50,32.58,0.45,14.70,29.14,61.09,5.56,1,34.20,0.201,3,0.003,faible
GN2025-01687,2025-10-21,2025,10,43,Labé,Labé,montagneux,11.32000,-12.29000,23.43,19.58,26.96,43.16,110.86,412.60,79.43,11.54,7,73.96,0.942,7,0.007,moyen
GN2025-01688,2025-09-18,2025,9,38,Labé,Lélouma,montagneux,11.18000,-12.48000,23.92,20.81,27.08,61.31,85.94,391.91,89.03,7.16,5,76.12,0.817,11,0.010,moyen
GN2025-01689,2025-10-09,2025,10,41,Labé,Mali,montagneux,12.08000,-12.30000,24.37,20.31,27.55,1.22,82.12,328.13,72.74,6.04,7,64.27,0.777,15,0.013,moyen
GN2025-01690,2025-02-22,2025,2,8,Labé,Tougué,montagneux,11.45000,-11.67000,26.58,22.28,30.97,0.13,23.32,70.13,50.73,9.80,1,33.19,0.199,5,0.005,faible
GN2025-01691,2025-11-08,2025,11,45,Mamou,Dalaba,montagneux,10.69000,-12.25000,23.77,19.21,28.33,10.06,148.89,437.98,81.20,3.91,6,75.16,1.000,8,0.007,moyen
GN2025-01692,2025-03-11,2025,3,11,Mamou,Mamou,montagneux,10.38000,-12.09000,26.92,22.60,30.61,14.88,17.01,32.49,60.45,12.24,1,35.14,0.212,1,0.001,faible
GN2025-01693,2025-09-11,2025,9,37,Mamou,Pita,montagneux,11.06000,-12.40000,25.22,19.69,30.40,2.23,149.79,563.74,74.73,4.55,7,82.10,1.000,8,0.008,eleve
GN2025-01694,2025-08-27,2025,8,35,Nzérékoré,Beyla,forestier,8.69000,-8.65000,26.63,23.48,32.01,0.53,158.31,809.95,82.85,4.24,5,91.38,1.000,17,0.017,eleve
GN2025-01695,2025-01-10,2025,1,2,Nzérékoré,Guéckédou,forestier,8.57000,-10.13000,27.51,24.29,30.51,0.06,1.86,3.56,61.98,9.41,0,33.49,0.114,5,0.006,faible
GN2025-01696,2025-12-01,2025,12,49,Nzérékoré,Lola,forestier,7.80000,-8.53000,25.63,22.36,30.75,102.99,268.08,1093.26,87.46,6.46,7,98.00,1.000,11,0.012,eleve
GN2025-01697,2025-06-22,2025,6,25,Nzérékoré,Macenta,forestier,8.54000,-9.47000,23.81,18.55,27.53,1.74,147.04,568.88,70.36,4.64,6,71.02,0.954,7,0.008,eleve
GN2025-01698,2025-07-14,2025,7,29,Nzérékoré,Nzérékoré,forestier,7.76000,-8.82000,25.24,20.68,29.68,109.99,238.94,1073.56,81.94,10.23,5,98.00,1.000,21,0.023,eleve
GN2025-01699,2025-12-18,2025,12,51,Nzérékoré,Yomou,forestier,7.56000,-9.31000,25.73,21.03,30.26,33.95,273.44,1142.16,76.45,7.85,7,98.00,1.000,13,0.014,eleve
GN2025-01700,2025-03-23,2025,3,12,Conakry,Conakry,côtier,9.54000,-13.68000,28.98,24.13,32.35,0.28,2.58,213.54,60.41,11.05,0,52.07,0.078,4,0.005,faible
GN2025-01701,2025-11-06,2025,11,45,Boké,Boffa,côtier,10.18000,-14.04000,28.74,24.69,34.38,3.89,76.24,548.86,73.39,7.44,5,71.01,0.669,11,0.011,moyen
GN2025-01702,2025-02-04,2025,2,6,Boké,Boké,côtier,10.94000,-14.29000,28.64,24.12,32.71,8.11,36.33,59.58,59.34,11.64,3,41.41,0.368,3,0.003,faible
GN2025-01703,2025-05-15,2025,5,20,Boké,Fria,côtier,10.37000,-13.58000,28.10,22.91,33.04,2.28,134.17,306.07,69.65,9.71,7,56.50,0.991,13,0.013,eleve
GN2025-01704,2025-12-15,2025,12,51,Boké,Gaoual,soudano-guinéen,11.75000,-13.20000,29.07,23.79,33.46,38.96,46.17,437.73,77.83,6.12,2,70.09,0.421,5,0.005,moyen
GN2025-01705,2025-09-04,2025,9,36,Boké,Koundara,soudano-guinéen,12.48000,-13.30000,27.35,23.42,30.51,16.83,77.10,244.32,81.45,7.39,6,60.00,0.711,10,0.009,moyen
GN2025-01706,2025-10-16,2025,10,42,Faranah,Dabola,soudano-guinéen,10.75000,-11.11000,28.50,24.37,32.08,1.62,54.46,403.72,79.67,9.60,7,67.15,0.671,9,0.009,moyen
GN2025-01707,2025-12-25,2025,12,52,Faranah,Dinguiraye,soudano-guinéen,11.30000,-10.72000,27.13,23.97,30.80,14.90,102.82,246.51,72.97,6.90,6,61.68,0.894,7,0.007,moyen
GN2025-01708,2025-12-17,2025,12,51,Faranah,Faranah,soudano-guinéen,10.04000,-10.74000,27.78,22.45,33.41,0.21,72.96,381.57,76.38,11.55,6,68.27,0.725,11,0.011,moyen
GN2025-01709,2025-04-22,2025,4,17,Faranah,Kissidougou,forestier,9.18000,-10.10000,27.44,23.39,32.09,16.62,18.55,170.09,67.40,9.95,1,54.05,0.181,6,0.006,faible
GN2025-01710,2025-05-02,2025,5,18,Kankan,Kankan,soudano-guinéen,10.39000,-9.31000,30.03,24.68,34.09,0.05,1.52,28.78,65.73,13.17,0,48.46,0.043,4,0.004,faible
GN2025-01711,2025-12-19,2025,12,51,Kankan,Kérouané,forestier,9.27000,-9.01000,29.01,25.64,33.54,30.14,228.84,640.79,76.47,10.48,7,84.44,1.000,21,0.022,eleve
GN2025-01712,2025-12-23,2025,12,52,Kankan,Kouroussa,soudano-guinéen,10.65000,-9.89000,28.81,23.39,34.37,1.55,12.03,161.13,77.71,9.96,5,58.51,0.384,8,0.008,faible
GN2025-01713,2025-10-29,2025,10,44,Kankan,Mandiana,soudano-guinéen,10.63000,-8.68000,28.85,23.74,32.94,13.38,104.59,294.83,71.28,5.10,7,63.86,0.872,10,0.010,moyen
GN2025-01714,2025-01-26,2025,1,4,Kankan,Siguiri,soudano-guinéen,11.42000,-9.17000,31.83,27.66,35.74,5.63,7.81,24.89,55.52,7.34,1,34.33,0.211,0,0.000,faible
GN2025-01715,2025-06-15,2025,6,24,Kindia,Coyah,côtier,9.71000,-13.38000,27.29,22.61,31.40,12.49,108.43,269.30,74.31,5.14,6,55.20,0.855,7,0.008,eleve
GN2025-01716,2025-09-24,2025,9,39,Kindia,Dubréka,côtier,9.79000,-13.52000,26.11,21.45,29.33,5.20,243.67,752.64,77.80,10.41,7,84.11,1.000,17,0.019,eleve
GN2025-01717,2025-05-02,2025,5,18,Kindia,Forécariah,côtier,9.43000,-13.09000,28.28,22.88,32.52,0.32,2.08,341.54,65.13,6.96,0,56.94,0.035,6,0.006,faible
GN2025-01718,2025-08-18,2025,8,34,Kindia,Kindia,côtier,10.06000,-12.87000,27.90,24.52,32.61,2.02,130.83,814.95,72.59,9.84,6,88.85,0.938,8,0.008,eleve
GN2025-01719,2025-11-14,2025,11,46,Kindia,Télimélé,soudano-guinéen,10.91000,-13.04000,26.80,21.41,32.31,104.65,200.52,586.37,82.28,6.14,6,80.70,1.000,15,0.015,eleve
GN2025-01720,2025-04-07,2025,4,15,Labé,Koubia,montagneux,11.59000,-11.90000,25.39,21.29,30.36,0.77,11.05,103.07,63.07,10.68,1,42.66,0.200,7,0.006,faible
GN2025-01721,2025-10-15,2025,10,42,Labé,Labé,montagneux,11.32000,-12.29000,23.51,19.60,28.03,2.76,152.00,417.75,73.50,5.98,7,62.04,1.000,11,0.010,eleve
GN2025-01722,2025-09-11,2025,9,37,Labé,Lélouma,montagneux,11.18000,-12.48000,24.07,18.70,27.47,30.94,131.96,343.09,81.96,6.80,6,71.54,1.000,9,0.008,moyen
GN2025-01723,2025-01-26,2025,1,4,Labé,Mali,montagneux,12.08000,-12.30000,26.04,21.67,29.53,0.42,2.73,34.46,58.36,6.42,0,38.37,0.090,2,0.002,faible
GN2025-01724,2025-11-29,2025,11,48,Labé,Tougué,montagneux,11.45000,-11.67000,23.54,18.79,29.18,10.70,116.60,426.00,75.73,11.33,7,74.82,1.000,10,0.009,moyen
GN2025-01725,2025-01-13,2025,1,3,Mamou,Dalaba,montagneux,10.69000,-12.25000,25.42,21.69,31.04,5.52,6.73,8.79,61.23,11.61,1,36.75,0.192,8,0.007,faible
GN2025-01726,2025-04-09,2025,4,15,Mamou,Mamou,montagneux,10.38000,-12.09000,26.80,22.56,30.39,0.28,16.95,58.88,59.38,9.91,1,42.25,0.261,4,0.004,faible
GN2025-01727,2025-10-11,2025,10,41,Mamou,Pita,montagneux,11.06000,-12.40000,24.66,19.28,29.60,2.12,94.56,515.55,76.18,10.26,6,71.98,0.807,8,0.008,moyen
GN2025-01728,2025-02-23,2025,2,8,Nzérékoré,Beyla,forestier,8.69000,-8.65000,27.39,22.82,32.01,0.01,2.52,58.95,60.15,9.30,0,42.41,0.087,3,0.003,faible
GN2025-01729,2025-12-17,2025,12,51,Nzérékoré,Guéckédou,forestier,8.57000,-10.13000,26.57,21.52,30.03,29.41,311.95,1268.49,81.19,5.85,7,98.00,1.000,14,0.015,eleve
GN2025-01730,2025-09-21,2025,9,38,Nzérékoré,Lola,forestier,7.80000,-8.53000,25.34,21.49,28.68,18.34,479.00,1504.56,80.15,8.45,5,98.00,1.000,13,0.014,eleve
GN2025-01731,2025-05-06,2025,5,19,Nzérékoré,Macenta,forestier,8.54000,-9.47000,25.64,22.22,31.11,2.66,124.17,226.37,71.45,7.35,5,59.81,0.874,14,0.015,eleve
GN2025-01732,2025-09-20,2025,9,38,Nzérékoré,Nzérékoré,forestier,7.76000,-8.82000,24.69,21.64,27.96,2.84,117.80,838.37,72.40,7.13,7,94.06,0.993,17,0.019,eleve
GN2025-01733,2025-11-12,2025,11,46,Nzérékoré,Yomou,forestier,7.56000,-9.31000,26.08,21.88,29.43,0.92,91.73,889.99,77.57,7.86,6,85.61,0.803,13,0.014,eleve
GN2025-01734,2025-05-30,2025,5,22,Conakry,Conakry,côtier,9.54000,-13.68000,27.65,22.10,31.92,1.07,113.16,344.41,74.66,7.00,7,65.90,0.998,10,0.012,eleve
GN2025-01735,2025-11-01,2025,11,44,Boké,Boffa,côtier,10.18000,-14.04000,27.83,24.12,33.62,2.30,112.30,521.77,80.65,8.82,6,74.36,0.884,9,0.009,eleve
GN2025-01736,2025-06-27,2025,6,26,Boké,Boké,côtier,10.94000,-14.29000,28.25,22.84,32.24,2.07,45.21,383.03,67.10,6.10,7,60.05,0.620,4,0.004,moyen
GN2025-01737,2025-10-02,2025,10,40,Boké,Fria,côtier,10.37000,-13.58000,27.43,22.34,32.27,1.60,64.19,308.44,77.99,12.83,7,63.19,0.737,2,0.002,moyen
GN2025-01738,2025-11-17,2025,11,47,Boké,Gaoual,soudano-guinéen,11.75000,-13.20000,28.47,24.32,31.94,2.35,28.20,205.93,78.03,9.59,6,55.78,0.494,6,0.006,faible
GN2025-01739,2025-11-24,2025,11,48,Boké,Koundara,soudano-guinéen,12.48000,-13.30000,29.06,24.50,34.74,2.80,24.28,179.75,85.37,1.84,4,56.27,0.440,8,0.007,moyen
GN2025-01740,2025-11-04,2025,11,45,Faranah,Dabola,soudano-guinéen,10.75000,-11.11000,27.29,24.19,32.69,74.63,201.97,436.44,76.05,8.85,6,71.91,1.000,9,0.009,eleve
GN2025-01741,2025-10-24,2025,10,43,Faranah,Dinguiraye,soudano-guinéen,11.30000,-10.72000,27.40,24.17,30.63,92.84,98.34,273.58,92.11,6.27,4,69.68,0.780,10,0.009,eleve
GN2025-01742,2025-03-14,2025,3,11,Faranah,Faranah,soudano-guinéen,10.04000,-10.74000,28.84,23.56,32.90,0.41,32.48,55.02,62.12,10.82,1,38.40,0.295,7,0.007,faible
GN2025-01743,2025-08-29,2025,8,35,Faranah,Kissidougou,forestier,9.18000,-10.10000,27.10,22.81,30.81,1.47,157.23,875.03,71.99,4.21,6,91.93,1.000,9,0.009,eleve
GN2025-01744,2025-08-27,2025,8,35,Kankan,Kankan,soudano-guinéen,10.39000,-9.31000,27.34,22.58,31.08,8.93,56.50,230.17,71.40,7.76,5,56.54,0.524,2,0.002,moyen
GN2025-01745,2025-05-23,2025,5,21,Kankan,Kérouané,forestier,9.27000,-9.01000,27.58,23.43,32.21,2.86,65.91,220.17,65.26,6.54,5,60.53,0.688,7,0.007,moyen
GN2025-01746,2025-06-14,2025,6,24,Kankan,Kouroussa,soudano-guinéen,10.65000,-9.89000,27.85,24.60,33.45,13.72,92.67,194.74,72.53,9.28,6,57.39,0.817,10,0.010,moyen
GN2025-01747,2025-04-08,2025,4,15,Kankan,Mandiana,soudano-guinéen,10.63000,-8.68000,29.31,25.18,32.55,0.16,12.71,40.46,58.27,8.56,1,37.10,0.113,1,0.001,faible
GN2025-01748,2025-11-23,2025,11,47,Kankan,Siguiri,soudano-guinéen,11.42000,-9.17000,30.66,26.13,33.67,13.52,51.99,186.10,78.19,7.09,6,55.73,0.573,8,0.007,faible
GN2025-01749,2025-11-25,2025,11,48,Kindia,Coyah,côtier,9.71000,-13.38000,26.95,23.01,32.20,82.56,134.44,768.48,88.48,8.19,4,89.73,0.963,12,0.013,eleve
GN2025-01750,2025-02-19,2025,2,8,Kindia,Dubréka,côtier,9.79000,-13.52000,29.71,26.45,35.23,0.30,3.47,120.96,54.77,10.63,0,35.06,0.147,3,0.003,faible
GN2025-01751,2025-06-23,2025,6,26,Kindia,Forécariah,côtier,9.43000,-13.09000,26.65,21.58,30.57,11.74,212.82,641.87,75.76,9.07,7,86.89,1.000,10,0.011,eleve
GN2025-01752,2025-11-19,2025,11,47,Kindia,Kindia,côtier,10.06000,-12.87000,27.03,23.46,32.31,10.59,223.44,877.38,69.52,11.84,6,98.00,1.000,11,0.012,eleve
GN2025-01753,2025-08-26,2025,8,35,Kindia,Télimélé,soudano-guinéen,10.91000,-13.04000,27.34,23.41,30.70,4.43,57.97,447.18,74.63,11.40,6,57.89,0.630,8,0.008,moyen
GN2025-01754,2025-04-16,2025,4,16,Labé,Koubia,montagneux,11.59000,-11.90000,25.26,20.14,31.00,0.21,2.38,95.97,59.92,10.03,0,37.82,0.111,1,0.001,faible
GN2025-01755,2025-03-22,2025,3,12,Labé,Labé,montagneux,11.32000,-12.29000,25.39,21.49,29.49,0.25,2.51,71.72,61.50,9.31,0,48.54,0.097,0,0.000,faible
GN2025-01756,2025-03-28,2025,3,13,Labé,Lélouma,montagneux,11.18000,-12.48000,24.72,20.22,27.87,32.89,55.59,72.76,61.06,7.43,3,51.19,0.566,2,0.002,faible
GN2025-01757,2025-09-19,2025,9,38,Labé,Mali,montagneux,12.08000,-12.30000,25.22,20.20,29.74,51.88,107.65,377.25,82.34,4.93,6,70.96,0.879,8,0.007,moyen
GN2025-01758,2025-06-17,2025,6,25,Labé,Tougué,montagneux,11.45000,-11.67000,24.92,19.76,30.64,1.32,75.02,246.74,77.33,12.08,6,63.82,0.730,10,0.009,moyen
GN2025-01759,2025-04-15,2025,4,16,Mamou,Dalaba,montagneux,10.69000,-12.25000,25.14,20.94,30.86,0.51,2.11,47.13,55.20,7.26,0,45.08,0.129,1,0.001,faible
GN2025-01760,2025-11-21,2025,11,47,Mamou,Mamou,montagneux,10.38000,-12.09000,24.68,20.40,29.08,0.20,157.96,457.82,74.62,5.78,6,73.38,1.000,12,0.011,eleve
GN2025-01761,2025-08-05,2025,8,32,Mamou,Pita,montagneux,11.06000,-12.40000,23.78,18.54,27.75,2.74,61.00,477.85,75.10,4.77,5,73.91,0.544,5,0.005,moyen
GN2025-01762,2025-11-09,2025,11,45,Nzérékoré,Beyla,forestier,8.69000,-8.65000,27.35,22.22,31.34,59.79,247.66,1031.57,86.48,10.31,5,94.70,1.000,14,0.014,eleve
GN2025-01763,2025-10-08,2025,10,41,Nzérékoré,Guéckédou,forestier,8.57000,-10.13000,26.70,22.31,31.38,5.02,114.00,977.73,82.58,7.43,7,98.00,1.000,19,0.021,eleve
GN2025-01764,2025-12-23,2025,12,52,Nzérékoré,Lola,forestier,7.80000,-8.53000,26.68,21.80,29.69,36.29,205.07,1076.80,77.34,7.51,7,98.00,1.000,15,0.016,eleve
GN2025-01765,2025-01-19,2025,1,3,Nzérékoré,Macenta,forestier,8.54000,-9.47000,26.31,21.33,31.91,0.28,2.35,9.02,59.06,9.15,0,38.25,0.117,1,0.001,faible
GN2025-01766,2025-04-28,2025,4,18,Nzérékoré,Nzérékoré,forestier,7.76000,-8.82000,25.77,21.20,28.85,0.08,35.29,213.47,66.40,10.38,1,55.41,0.338,3,0.003,faible
GN2025-01767,2025-03-12,2025,3,11,Nzérékoré,Yomou,forestier,7.56000,-9.31000,26.86,21.63,31.83,0.52,3.50,132.23,60.34,11.48,0,50.76,0.098,2,0.002,faible
GN2025-01768,2025-05-13,2025,5,20,Conakry,Conakry,côtier,9.54000,-13.68000,28.69,24.34,32.65,0.32,60.44,155.08,62.12,7.47,5,41.26,0.532,12,0.014,faible
GN2025-01769,2025-06-03,2025,6,23,Boké,Boffa,côtier,10.18000,-14.04000,27.57,23.14,31.58,1.35,85.06,238.49,69.45,9.12,6,62.50,0.767,14,0.015,moyen
GN2025-01770,2025-08-29,2025,8,35,Boké,Boké,côtier,10.94000,-14.29000,26.94,23.38,31.56,50.05,112.83,410.07,84.12,6.71,4,67.25,0.775,7,0.007,eleve
GN2025-01771,2025-07-30,2025,7,31,Boké,Fria,côtier,10.37000,-13.58000,26.83,22.71,30.55,16.24,150.87,407.84,71.75,6.44,6,66.14,1.000,15,0.015,eleve
GN2025-01772,2025-01-14,2025,1,3,Boké,Gaoual,soudano-guinéen,11.75000,-13.20000,31.32,26.75,36.07,0.23,53.78,65.03,63.37,10.33,2,34.30,0.420,4,0.004,faible
GN2025-01773,2025-06-07,2025,6,23,Boké,Koundara,soudano-guinéen,12.48000,-13.30000,28.44,22.97,33.98,1.60,36.76,179.97,67.39,5.76,6,47.08,0.488,2,0.002,faible
GN2025-01774,2025-11-07,2025,11,45,Faranah,Dabola,soudano-guinéen,10.75000,-11.11000,27.77,23.30,31.97,77.25,295.27,612.52,81.75,6.33,7,80.17,1.000,15,0.014,eleve
GN2025-01775,2025-04-12,2025,4,15,Faranah,Dinguiraye,soudano-guinéen,11.30000,-10.72000,28.13,22.84,32.68,0.18,2.51,73.41,68.73,10.99,0,56.03,0.053,2,0.002,faible
GN2025-01776,2025-05-19,2025,5,21,Faranah,Faranah,soudano-guinéen,10.04000,-10.74000,29.21,24.50,34.09,40.98,60.48,306.28,77.02,10.55,4,59.24,0.528,10,0.010,moyen
GN2025-01777,2025-04-25,2025,4,17,Faranah,Kissidougou,forestier,9.18000,-10.10000,26.80,21.47,30.53,0.46,24.39,175.81,68.48,9.43,2,47.13,0.255,6,0.006,faible
GN2025-01778,2025-03-31,2025,3,14,Kankan,Kankan,soudano-guinéen,10.39000,-9.31000,28.92,23.52,34.33,0.32,27.63,37.37,56.86,7.56,3,34.63,0.340,8,0.008,faible
GN2025-01779,2025-04-30,2025,4,18,Kankan,Kérouané,forestier,9.27000,-9.01000,28.12,24.61,33.61,0.38,2.82,74.94,56.41,6.62,0,41.89,0.132,6,0.006,faible
GN2025-01780,2025-03-18,2025,3,12,Kankan,Kouroussa,soudano-guinéen,10.65000,-9.89000,29.87,24.34,33.16,0.54,3.36,13.11,59.06,13.30,0,38.23,0.093,3,0.003,faible
GN2025-01781,2025-09-10,2025,9,37,Kankan,Mandiana,soudano-guinéen,10.63000,-8.68000,28.68,25.32,32.22,1.96,129.11,303.74,79.27,6.69,7,60.24,1.000,10,0.010,eleve
GN2025-01782,2025-04-24,2025,4,17,Kankan,Siguiri,soudano-guinéen,11.42000,-9.17000,30.59,27.26,35.38,0.13,5.72,61.65,63.56,9.30,1,42.97,0.148,2,0.002,faible
GN2025-01783,2025-10-31,2025,10,44,Kindia,Coyah,côtier,9.71000,-13.38000,26.71,23.32,31.99,74.49,357.34,981.79,83.67,9.01,7,98.00,1.000,12,0.013,eleve
GN2025-01784,2025-03-28,2025,3,13,Kindia,Dubréka,côtier,9.79000,-13.52000,29.17,24.73,33.70,0.49,5.29,13.99,59.93,11.14,1,38.61,0.132,2,0.002,faible
GN2025-01785,2025-01-08,2025,1,2,Kindia,Forécariah,côtier,9.43000,-13.09000,28.41,24.72,33.19,0.41,3.68,4.26,48.86,13.53,0,34.88,0.118,3,0.003,faible
GN2025-01786,2025-09-02,2025,9,36,Kindia,Kindia,côtier,10.06000,-12.87000,26.52,21.72,31.73,0.12,339.15,968.42,76.43,10.06,5,98.00,1.000,14,0.015,eleve
GN2025-01787,2025-05-17,2025,5,20,Kindia,Télimélé,soudano-guinéen,10.91000,-13.04000,28.09,24.58,32.25,2.71,71.90,154.16,66.77,10.36,5,47.56,0.604,8,0.008,moyen
GN2025-01788,2025-12-29,2025,12,1,Labé,Koubia,montagneux,11.59000,-11.90000,26.04,21.52,30.31,2.35,77.80,384.77,71.57,7.65,6,62.13,0.740,4,0.004,moyen
GN2025-01789,2025-11-16,2025,11,46,Labé,Labé,montagneux,11.32000,-12.29000,24.40,20.22,29.87,3.81,102.22,392.07,74.24,6.69,7,72.57,0.903,9,0.008,moyen
GN2025-01790,2025-03-04,2025,3,10,Labé,Lélouma,montagneux,11.18000,-12.48000,24.54,19.89,30.11,0.54,8.45,22.17,57.85,10.43,1,34.47,0.179,3,0.003,faible
GN2025-01791,2025-04-08,2025,4,15,Labé,Mali,montagneux,12.08000,-12.30000,26.16,22.94,30.10,0.38,5.68,19.57,61.66,11.78,1,53.04,0.132,6,0.005,faible
GN2025-01792,2025-01-09,2025,1,2,Labé,Tougué,montagneux,11.45000,-11.67000,25.91,22.72,30.58,27.03,38.38,38.53,60.91,8.60,2,47.21,0.436,5,0.005,faible
GN2025-01793,2025-11-19,2025,11,47,Mamou,Dalaba,montagneux,10.69000,-12.25000,24.81,21.46,30.08,68.43,203.04,507.18,86.36,8.27,7,70.28,1.000,12,0.011,eleve
GN2025-01794,2025-12-25,2025,12,52,Mamou,Mamou,montagneux,10.38000,-12.09000,25.07,21.85,30.19,1.74,173.99,520.71,78.43,6.39,6,78.11,1.000,18,0.017,eleve
GN2025-01795,2025-12-10,2025,12,50,Mamou,Pita,montagneux,11.06000,-12.40000,24.91,20.35,30.36,62.36,168.72,536.73,79.55,10.17,7,80.12,1.000,9,0.008,eleve
GN2025-01796,2025-07-13,2025,7,28,Nzérékoré,Beyla,forestier,8.69000,-8.65000,26.06,20.66,31.01,18.34,149.12,504.25,72.73,3.99,6,69.85,1.000,14,0.014,eleve
GN2025-01797,2025-01-11,2025,1,2,Nzérékoré,Guéckédou,forestier,8.57000,-10.13000,29.23,25.88,33.69,0.17,1.86,3.73,62.85,11.87,0,44.29,0.074,5,0.006,faible
GN2025-01798,2025-06-06,2025,6,23,Nzérékoré,Lola,forestier,7.80000,-8.53000,26.36,21.00,29.59,1.78,310.86,612.83,69.32,7.45,7,69.30,1.000,16,0.017,eleve
GN2025-01799,2025-06-21,2025,6,25,Nzérékoré,Macenta,forestier,8.54000,-9.47000,25.50,20.49,30.62,0.41,165.91,568.58,78.69,9.77,6,75.27,1.000,9,0.010,eleve
GN2025-01800,2025-05-25,2025,5,21,Nzérékoré,Nzérékoré,forestier,7.76000,-8.82000,25.41,20.00,29.63,37.66,106.91,393.39,74.65,8.69,6,67.95,0.807,12,0.013,eleve
GN2025-01801,2025-09-18,2025,9,38,Nzérékoré,Yomou,forestier,7.56000,-9.31000,24.65,20.52,29.48,29.84,391.85,1558.26,79.26,6.99,7,98.00,1.000,8,0.009,eleve
GN2025-01802,2025-08-31,2025,8,35,Conakry,Conakry,côtier,9.54000,-13.68000,27.87,23.10,32.31,18.43,355.76,1042.92,76.92,2.48,7,98.00,1.000,14,0.016,eleve
GN2025-01803,2025-11-27,2025,11,48,Boké,Boffa,côtier,10.18000,-14.04000,27.70,23.09,32.22,17.45,55.56,610.72,73.48,5.54,6,75.46,0.557,6,0.006,moyen
GN2025-01804,2025-04-15,2025,4,16,Boké,Boké,côtier,10.94000,-14.29000,28.92,25.06,33.38,0.15,2.49,18.08,57.54,11.04,0,29.82,0.059,1,0.001,faible
GN2025-01805,2025-05-15,2025,5,20,Boké,Fria,côtier,10.37000,-13.58000,28.10,22.91,33.04,2.28,134.17,306.07,69.65,9.71,7,51.85,0.962,7,0.007,eleve
GN2025-01806,2025-10-17,2025,10,42,Boké,Gaoual,soudano-guinéen,11.75000,-13.20000,28.14,23.27,31.89,2.51,90.74,385.16,80.04,11.30,7,72.64,0.878,12,0.012,moyen
GN2025-01807,2025-06-11,2025,6,24,Boké,Koundara,soudano-guinéen,12.48000,-13.30000,29.14,25.47,34.79,2.93,16.64,145.55,72.17,6.16,6,48.30,0.422,7,0.007,faible
GN2025-01808,2025-11-22,2025,11,47,Faranah,Dabola,soudano-guinéen,10.75000,-11.11000,27.56,23.87,31.84,55.44,146.48,653.54,81.47,8.42,7,86.23,1.000,11,0.011,eleve
GN2025-01809,2025-05-20,2025,5,21,Faranah,Dinguiraye,soudano-guinéen,11.30000,-10.72000,28.33,22.98,32.48,0.03,5.64,181.22,66.84,9.29,2,47.91,0.156,4,0.004,faible
GN2025-01810,2025-02-09,2025,2,6,Faranah,Faranah,soudano-guinéen,10.04000,-10.74000,28.36,23.33,33.23,15.39,17.54,60.20,61.95,10.98,1,35.27,0.139,5,0.005,faible
GN2025-01811,2025-04-19,2025,4,16,Faranah,Kissidougou,forestier,9.18000,-10.10000,27.70,23.78,32.78,0.14,18.29,153.79,61.17,8.73,1,43.39,0.169,5,0.005,faible
GN2025-01812,2025-08-08,2025,8,32,Kankan,Kankan,soudano-guinéen,10.39000,-9.31000,28.18,24.77,33.26,0.48,17.85,200.68,77.53,12.96,4,58.59,0.377,7,0.007,faible
GN2025-01813,2025-06-02,2025,6,23,Kankan,Kérouané,forestier,9.27000,-9.01000,28.04,22.44,31.51,11.70,33.47,307.24,74.09,7.74,5,61.50,0.511,8,0.008,moyen
GN2025-01814,2025-09-30,2025,9,40,Kankan,Kouroussa,soudano-guinéen,10.65000,-9.89000,28.54,24.38,32.50,16.66,71.77,313.87,80.88,5.26,5,68.29,0.694,11,0.011,moyen
GN2025-01815,2025-06-10,2025,6,24,Kankan,Mandiana,soudano-guinéen,10.63000,-8.68000,28.25,24.38,31.37,1.00,96.48,245.74,73.97,4.70,6,60.04,0.806,8,0.008,moyen
GN2025-01816,2025-09-10,2025,9,37,Kankan,Siguiri,soudano-guinéen,11.42000,-9.17000,28.77,23.69,34.15,2.52,80.65,222.80,72.19,5.49,6,45.03,0.710,3,0.003,moyen
GN2025-01817,2025-04-04,2025,4,14,Kindia,Coyah,côtier,9.71000,-13.38000,28.34,25.16,33.95,0.25,33.24,146.68,61.52,9.29,2,53.87,0.310,2,0.002,faible
GN2025-01818,2025-09-08,2025,9,37,Kindia,Dubréka,côtier,9.79000,-13.52000,27.44,24.19,30.73,44.93,225.20,1059.93,80.61,6.59,7,98.00,1.000,16,0.018,eleve
GN2025-01819,2025-03-29,2025,3,13,Kindia,Forécariah,côtier,9.43000,-13.09000,28.88,23.56,31.94,0.29,2.58,44.60,55.26,7.37,0,40.15,0.122,3,0.003,faible
GN2025-01820,2025-11-17,2025,11,47,Kindia,Kindia,côtier,10.06000,-12.87000,26.62,21.67,30.60,12.31,300.12,943.92,74.61,6.55,6,98.00,1.000,12,0.013,eleve
GN2025-01821,2025-08-25,2025,8,35,Kindia,Télimélé,soudano-guinéen,10.91000,-13.04000,27.75,24.18,32.28,3.39,89.39,463.44,75.50,10.32,6,70.44,0.841,11,0.011,eleve
GN2025-01822,2025-12-19,2025,12,51,Labé,Koubia,montagneux,11.59000,-11.90000,24.43,21.31,29.94,0.57,38.82,382.11,71.70,4.30,4,62.65,0.500,10,0.009,faible
GN2025-01823,2025-04-07,2025,4,15,Labé,Labé,montagneux,11.32000,-12.29000,25.87,22.87,30.58,0.27,38.96,91.01,56.97,12.78,1,43.26,0.291,2,0.002,faible
GN2025-01824,2025-06-21,2025,6,25,Labé,Lélouma,montagneux,11.18000,-12.48000,22.87,18.58,25.90,1.77,30.27,279.58,68.81,6.35,5,56.94,0.454,3,0.003,faible
GN2025-01825,2025-08-13,2025,8,33,Labé,Mali,montagneux,12.08000,-12.30000,23.85,19.27,28.43,0.90,130.25,413.71,74.48,11.47,6,60.88,0.991,5,0.005,moyen
GN2025-01826,2025-06-18,2025,6,25,Labé,Tougué,montagneux,11.45000,-11.67000,24.58,21.55,30.25,0.83,74.59,247.24,71.76,9.37,5,53.59,0.665,14,0.013,moyen
GN2025-01827,2025-05-03,2025,5,18,Mamou,Dalaba,montagneux,10.69000,-12.25000,24.98,20.44,28.71,24.33,58.75,112.74,63.85,10.70,2,53.20,0.460,7,0.007,faible
GN2025-01828,2025-02-18,2025,2,8,Mamou,Mamou,montagneux,10.38000,-12.09000,25.49,20.49,28.53,0.50,1.47,29.54,56.27,13.55,0,41.07,0.108,5,0.005,faible
GN2025-01829,2025-01-01,2025,1,1,Mamou,Pita,montagneux,11.06000,-12.40000,25.03,21.68,30.68,0.17,0.17,0.17,50.64,12.94,0,29.69,0.075,2,0.002,faible
GN2025-01830,2025-10-08,2025,10,41,Nzérékoré,Beyla,forestier,8.69000,-8.65000,26.61,23.51,30.01,18.79,325.26,856.31,63.06,6.74,7,85.27,1.000,21,0.021,eleve
GN2025-01831,2025-05-06,2025,5,19,Nzérékoré,Guéckédou,forestier,8.57000,-10.13000,25.97,21.93,29.48,0.99,136.27,232.08,67.90,9.27,5,54.10,0.891,10,0.011,moyen
GN2025-01832,2025-11-20,2025,11,47,Nzérékoré,Lola,forestier,7.80000,-8.53000,24.44,20.79,30.14,88.37,328.13,883.48,84.99,9.02,7,96.64,1.000,11,0.012,eleve
GN2025-01833,2025-03-19,2025,3,12,Nzérékoré,Macenta,forestier,8.54000,-9.47000,25.02,19.81,28.70,0.25,49.99,150.02,53.54,9.41,1,44.24,0.299,7,0.008,faible
GN2025-01834,2025-01-06,2025,1,2,Nzérékoré,Nzérékoré,forestier,7.76000,-8.82000,28.20,22.76,32.13,15.68,17.93,17.93,56.94,11.77,1,38.85,0.221,3,0.003,faible
GN2025-01835,2025-03-25,2025,3,13,Nzérékoré,Yomou,forestier,7.56000,-9.31000,26.44,22.04,30.00,0.35,83.48,174.06,62.25,10.78,2,50.27,0.573,9,0.010,moyen
GN2025-01836,2025-08-24,2025,8,34,Conakry,Conakry,côtier,9.54000,-13.68000,27.14,23.31,31.87,78.71,211.69,1086.49,85.96,13.21,4,98.00,1.000,7,0.008,eleve
GN2025-01837,2025-12-26,2025,12,52,Boké,Boffa,côtier,10.18000,-14.04000,26.24,22.19,30.68,32.99,191.99,618.75,84.48,8.43,7,83.91,1.000,14,0.015,eleve
GN2025-01838,2025-07-07,2025,7,28,Boké,Boké,côtier,10.94000,-14.29000,28.02,23.99,32.91,0.74,26.46,255.09,78.84,9.50,4,57.71,0.397,9,0.009,faible
GN2025-01839,2025-02-15,2025,2,7,Boké,Fria,côtier,10.37000,-13.58000,29.03,25.20,32.16,0.32,3.24,89.76,56.41,7.63,0,35.80,0.084,3,0.003,faible
GN2025-01840,2025-05-08,2025,5,19,Boké,Gaoual,soudano-guinéen,11.75000,-13.20000,28.63,25.06,32.76,2.40,7.48,104.50,60.03,10.68,2,48.93,0.217,6,0.006,faible
GN2025-01841,2025-04-01,2025,4,14,Boké,Koundara,soudano-guinéen,12.48000,-13.30000,30.46,26.50,35.00,0.01,1.53,10.55,60.78,11.29,0,37.48,0.158,5,0.005,faible
GN2025-01842,2025-04-07,2025,4,15,Faranah,Dabola,soudano-guinéen,10.75000,-11.11000,28.95,25.57,32.65,2.09,13.89,33.86,52.41,8.39,2,31.55,0.182,3,0.003,faible
GN2025-01843,2025-04-27,2025,4,17,Faranah,Dinguiraye,soudano-guinéen,11.30000,-10.72000,27.72,23.08,30.90,0.28,5.94,63.48,65.59,10.18,1,50.43,0.151,5,0.005,faible
GN2025-01844,2025-11-19,2025,11,47,Faranah,Faranah,soudano-guinéen,10.04000,-10.74000,28.99,25.41,32.76,44.48,135.12,551.62,80.18,9.62,6,75.32,1.000,18,0.018,eleve
GN2025-01845,2025-06-01,2025,6,22,Faranah,Kissidougou,forestier,9.18000,-10.10000,27.22,23.51,31.68,2.07,135.90,329.30,72.44,10.29,6,60.73,0.944,10,0.011,eleve
GN2025-01846,2025-03-31,2025,3,14,Kankan,Kankan,soudano-guinéen,10.39000,-9.31000,28.92,23.52,34.33,0.32,27.63,37.37,56.86,7.56,3,32.02,0.285,5,0.005,faible
GN2025-01847,2025-12-04,2025,12,49,Kankan,Kérouané,forestier,9.27000,-9.01000,26.68,22.33,30.42,1.97,99.71,725.59,76.94,8.84,6,89.06,0.828,14,0.014,eleve
GN2025-01848,2025-02-06,2025,2,6,Kankan,Kouroussa,soudano-guinéen,10.65000,-9.89000,29.43,25.43,32.48,0.75,3.03,14.34,61.41,8.36,0,42.64,0.027,0,0.000,faible
GN2025-01849,2025-07-12,2025,7,28,Kankan,Mandiana,soudano-guinéen,10.63000,-8.68000,28.82,25.66,34.38,24.46,90.07,250.39,78.94,8.27,7,65.67,0.832,12,0.012,moyen
GN2025-01850,2025-01-05,2025,1,1,Kankan,Siguiri,soudano-guinéen,11.42000,-9.17000,30.64,26.23,35.11,0.10,2.53,2.53,54.37,11.89,0,45.75,0.093,3,0.003,faible
GN2025-01851,2025-05-02,2025,5,18,Kindia,Coyah,côtier,9.71000,-13.38000,28.65,23.97,34.09,0.56,40.84,146.53,60.41,12.63,1,43.54,0.352,2,0.002,faible
GN2025-01852,2025-08-13,2025,8,33,Kindia,Dubréka,côtier,9.79000,-13.52000,27.10,22.66,31.42,31.11,278.38,1376.71,69.74,6.89,6,98.00,1.000,11,0.012,eleve
GN2025-01853,2025-04-14,2025,4,16,Kindia,Forécariah,côtier,9.43000,-13.09000,29.37,24.63,32.87,33.69,164.10,198.49,63.25,10.05,3,53.85,0.958,15,0.016,eleve
GN2025-01854,2025-09-29,2025,9,40,Kindia,Kindia,côtier,10.06000,-12.87000,26.38,20.81,31.12,98.54,410.25,1359.51,88.11,8.24,7,98.00,1.000,16,0.017,eleve
GN2025-01855,2025-02-23,2025,2,8,Kindia,Télimélé,soudano-guinéen,10.91000,-13.04000,28.96,24.63,32.89,0.16,6.45,70.96,53.79,9.77,1,40.28,0.135,3,0.003,faible
GN2025-01856,2025-05-11,2025,5,19,Labé,Koubia,montagneux,11.59000,-11.90000,25.27,21.08,28.58,1.63,38.83,117.95,65.55,9.33,4,55.46,0.405,11,0.010,faible
GN2025-01857,2025-08-15,2025,8,33,Labé,Labé,montagneux,11.32000,-12.29000,23.83,19.48,29.40,7.32,204.42,594.98,75.26,5.51,5,72.15,1.000,6,0.006,eleve
GN2025-01858,2025-07-08,2025,7,28,Labé,Lélouma,montagneux,11.18000,-12.48000,25.47,20.95,28.49,14.91,219.48,521.39,77.79,8.65,7,69.20,1.000,9,0.008,eleve
GN2025-01859,2025-12-30,2025,12,1,Labé,Mali,montagneux,12.08000,-12.30000,24.59,20.39,29.21,0.66,64.59,271.99,70.22,8.04,5,52.00,0.609,9,0.008,faible
GN2025-01860,2025-02-15,2025,2,7,Labé,Tougué,montagneux,11.45000,-11.67000,27.80,24.47,31.16,0.35,9.46,51.69,56.64,11.71,1,47.71,0.179,2,0.002,faible
GN2025-01861,2025-09-14,2025,9,37,Mamou,Dalaba,montagneux,10.69000,-12.25000,24.60,20.85,29.32,0.95,197.96,747.42,80.81,6.51,6,96.68,1.000,8,0.007,eleve
GN2025-01862,2025-09-01,2025,9,36,Mamou,Mamou,montagneux,10.38000,-12.09000,24.22,18.91,29.62,20.86,56.67,414.24,80.86,8.36,6,61.33,0.644,9,0.009,moyen
GN2025-01863,2025-09-24,2025,9,39,Mamou,Pita,montagneux,11.06000,-12.40000,23.90,19.53,27.68,0.11,100.78,426.66,72.14,7.65,6,70.41,0.821,15,0.014,moyen
GN2025-01864,2025-09-01,2025,9,36,Nzérékoré,Beyla,forestier,8.69000,-8.65000,26.49,21.36,30.73,1.16,122.03,585.53,79.00,5.14,4,76.26,0.862,9,0.009,eleve
GN2025-01865,2025-01-14,2025,1,3,Nzérékoré,Guéckédou,forestier,8.57000,-10.13000,27.14,23.64,30.36,0.16,2.08,4.49,55.81,8.30,0,38.24,0.119,5,0.006,faible
GN2025-01866,2025-11-14,2025,11,46,Nzérékoré,Lola,forestier,7.80000,-8.53000,25.72,21.41,29.43,89.74,228.05,934.97,88.92,7.50,7,98.00,1.000,16,0.017,eleve
GN2025-01867,2025-07-13,2025,7,28,Nzérékoré,Macenta,forestier,8.54000,-9.47000,24.22,20.03,29.10,71.70,469.66,1062.75,83.07,3.00,6,98.00,1.000,17,0.018,eleve
GN2025-01868,2025-10-16,2025,10,42,Nzérékoré,Nzérékoré,forestier,7.76000,-8.82000,25.21,20.81,30.17,22.62,242.57,944.52,80.15,7.44,7,94.52,1.000,14,0.015,eleve
GN2025-01869,2025-04-27,2025,4,17,Nzérékoré,Yomou,forestier,7.56000,-9.31000,26.58,22.72,31.30,0.45,44.33,115.25,66.13,10.21,2,38.81,0.340,6,0.006,faible
GN2025-01870,2025-04-25,2025,4,17,Conakry,Conakry,côtier,9.54000,-13.68000,29.02,24.83,34.23,0.63,36.28,92.69,62.01,10.42,1,47.72,0.307,5,0.006,faible
GN2025-01871,2025-04-09,2025,4,15,Boké,Boffa,côtier,10.18000,-14.04000,29.37,25.81,32.44,0.05,17.70,79.18,51.88,11.57,1,48.13,0.213,4,0.004,faible
GN2025-01872,2025-05-10,2025,5,19,Boké,Boké,côtier,10.94000,-14.29000,29.26,23.73,33.63,1.95,55.53,134.77,66.17,8.66,6,50.36,0.698,9,0.009,moyen
GN2025-01873,2025-05-31,2025,5,22,Boké,Fria,côtier,10.37000,-13.58000,27.89,23.84,31.50,24.68,101.71,365.51,70.71,4.26,6,59.46,0.843,12,0.012,moyen
GN2025-01874,2025-07-09,2025,7,28,Boké,Gaoual,soudano-guinéen,11.75000,-13.20000,28.35,25.18,33.72,1.72,33.04,270.41,75.58,7.98,6,61.32,0.521,8,0.008,faible
GN2025-01875,2025-08-22,2025,8,34,Boké,Koundara,soudano-guinéen,12.48000,-13.30000,29.47,24.74,33.59,0.82,105.87,250.49,78.35,7.80,5,57.36,0.811,5,0.005,moyen
GN2025-01876,2025-07-20,2025,7,29,Faranah,Dabola,soudano-guinéen,10.75000,-11.11000,27.99,23.61,32.91,15.46,59.17,258.32,83.37,12.22,5,66.54,0.647,8,0.008,moyen
GN2025-01877,2025-12-01,2025,12,49,Faranah,Dinguiraye,soudano-guinéen,11.30000,-10.72000,26.57,22.11,31.19,0.26,60.59,169.45,78.00,6.64,5,57.72,0.619,8,0.008,moyen
GN2025-01878,2025-04-03,2025,4,14,Faranah,Faranah,soudano-guinéen,10.04000,-10.74000,28.80,24.85,33.99,0.07,3.12,42.70,58.73,12.20,0,49.36,0.123,4,0.004,faible
GN2025-01879,2025-01-06,2025,1,2,Faranah,Kissidougou,forestier,9.18000,-10.10000,28.25,24.67,33.80,0.37,2.02,2.02,56.32,8.21,0,38.06,0.120,2,0.002,faible
GN2025-01880,2025-05-03,2025,5,18,Kankan,Kankan,soudano-guinéen,10.39000,-9.31000,29.81,26.72,33.36,6.60,8.09,34.82,65.99,8.25,1,33.47,0.107,2,0.002,faible
GN2025-01881,2025-07-21,2025,7,30,Kankan,Kérouané,forestier,9.27000,-9.01000,26.13,22.82,31.49,0.67,122.91,338.87,74.42,5.81,5,61.63,0.832,14,0.014,eleve
GN2025-01882,2025-03-14,2025,3,11,Kankan,Kouroussa,soudano-guinéen,10.65000,-9.89000,30.28,26.89,35.07,0.69,3.66,25.66,62.86,6.80,0,45.78,0.108,5,0.005,faible
GN2025-01883,2025-09-07,2025,9,36,Kankan,Mandiana,soudano-guinéen,10.63000,-8.68000,27.61,22.84,33.01,13.47,53.71,224.34,81.13,8.40,6,63.38,0.623,11,0.011,moyen
GN2025-01884,2025-09-25,2025,9,39,Kankan,Siguiri,soudano-guinéen,11.42000,-9.17000,29.97,25.54,33.20,0.43,41.20,238.18,79.17,5.29,3,62.34,0.413,7,0.007,faible
GN2025-01885,2025-10-26,2025,10,43,Kindia,Coyah,côtier,9.71000,-13.38000,28.87,24.96,33.30,43.10,115.42,1131.18,85.98,4.03,6,98.00,0.968,8,0.009,eleve
GN2025-01886,2025-02-23,2025,2,8,Kindia,Dubréka,côtier,9.79000,-13.52000,29.78,25.58,33.84,0.14,2.85,120.60,63.37,14.57,0,47.42,0.114,4,0.004,faible
GN2025-01887,2025-10-24,2025,10,43,Kindia,Forécariah,côtier,9.43000,-13.09000,27.13,24.04,31.91,18.99,283.58,1143.17,81.70,8.31,6,98.00,1.000,8,0.009,eleve
GN2025-01888,2025-12-10,2025,12,50,Kindia,Kindia,côtier,10.06000,-12.87000,26.74,21.92,31.18,42.58,127.44,821.29,85.26,7.60,7,95.64,1.000,17,0.018,eleve
GN2025-01889,2025-08-11,2025,8,33,Kindia,Télimélé,soudano-guinéen,10.91000,-13.04000,26.66,22.73,31.42,1.92,172.08,505.12,74.01,9.36,5,58.64,1.000,14,0.014,eleve
GN2025-01890,2025-09-10,2025,9,37,Labé,Koubia,montagneux,11.59000,-11.90000,25.41,22.39,29.80,0.52,118.51,699.89,79.53,12.17,6,79.21,0.909,14,0.013,eleve
GN2025-01891,2025-12-26,2025,12,52,Labé,Labé,montagneux,11.32000,-12.29000,24.40,20.46,29.65,62.20,161.78,562.12,85.14,6.52,7,79.98,1.000,7,0.007,eleve
GN2025-01892,2025-01-30,2025,1,5,Labé,Lélouma,montagneux,11.18000,-12.48000,24.29,18.97,28.91,0.22,1.98,83.07,59.26,10.04,0,46.11,0.055,3,0.003,faible
GN2025-01893,2025-01-22,2025,1,4,Labé,Mali,montagneux,12.08000,-12.30000,25.57,21.82,29.48,0.36,2.28,32.59,57.36,6.05,0,36.76,0.064,5,0.005,faible
GN2025-01894,2025-01-19,2025,1,3,Labé,Tougué,montagneux,11.45000,-11.67000,26.74,22.79,30.42,0.59,25.88,66.22,63.90,10.90,2,50.16,0.312,5,0.005,faible
GN2025-01895,2025-09-28,2025,9,39,Mamou,Dalaba,montagneux,10.69000,-12.25000,24.74,19.44,30.34,0.96,124.26,631.16,74.34,6.00,5,76.59,0.951,9,0.008,moyen
GN2025-01896,2025-11-13,2025,11,46,Mamou,Mamou,montagneux,10.38000,-12.09000,25.70,20.95,31.39,1.15,80.63,424.61,78.04,11.08,7,78.50,0.823,5,0.005,moyen
GN2025-01897,2025-07-19,2025,7,29,Mamou,Pita,montagneux,11.06000,-12.40000,24.99,21.08,29.69,0.99,46.53,455.94,72.22,8.51,4,62.36,0.508,7,0.007,faible
GN2025-01898,2025-05-18,2025,5,20,Nzérékoré,Beyla,forestier,8.69000,-8.65000,25.86,21.32,30.80,0.09,105.41,315.56,70.35,11.69,6,59.57,0.830,14,0.014,moyen
GN2025-01899,2025-04-09,2025,4,15,Nzérékoré,Guéckédou,forestier,8.57000,-10.13000,27.06,22.24,31.73,0.01,26.47,50.58,64.38,7.93,1,46.84,0.217,10,0.011,faible
GN2025-01900,2025-05-17,2025,5,20,Nzérékoré,Lola,forestier,7.80000,-8.53000,26.58,22.76,31.81,1.03,39.13,349.12,67.94,13.09,6,67.27,0.583,10,0.011,moyen
GN2025-01901,2025-11-08,2025,11,45,Nzérékoré,Macenta,forestier,8.54000,-9.47000,24.82,21.60,30.58,0.22,278.98,1043.97,71.56,7.43,6,98.00,1.000,13,0.014,eleve
GN2025-01902,2025-05-22,2025,5,21,Nzérékoré,Nzérékoré,forestier,7.76000,-8.82000,26.86,23.66,30.87,15.37,50.59,332.45,67.21,8.83,7,59.45,0.633,7,0.008,moyen
GN2025-01903,2025-11-08,2025,11,45,Nzérékoré,Yomou,forestier,7.56000,-9.31000,25.98,21.44,29.01,8.11,212.91,938.98,84.27,8.77,7,98.00,1.000,13,0.014,eleve
GN2025-01904,2025-05-09,2025,5,19,Conakry,Conakry,côtier,9.54000,-13.68000,27.69,24.10,30.86,35.02,99.61,153.36,70.25,4.46,5,55.51,0.773,11,0.013,moyen
GN2025-01905,2025-04-12,2025,4,15,Boké,Boffa,côtier,10.18000,-14.04000,28.87,25.10,31.89,0.14,21.24,82.21,63.92,11.50,2,44.16,0.263,2,0.002,faible
GN2025-01906,2025-12-10,2025,12,50,Boké,Boké,côtier,10.94000,-14.29000,28.27,24.06,32.44,2.44,123.28,613.77,80.44,4.73,7,81.26,1.000,12,0.012,eleve
GN2025-01907,2025-12-19,2025,12,51,Boké,Fria,côtier,10.37000,-13.58000,27.12,23.62,31.65,2.91,90.18,332.19,81.24,7.55,6,75.53,0.813,13,0.013,eleve
GN2025-01908,2025-11-11,2025,11,46,Boké,Gaoual,soudano-guinéen,11.75000,-13.20000,28.55,24.77,31.55,1.01,38.65,222.07,70.20,6.12,5,49.37,0.464,9,0.009,faible
GN2025-01909,2025-11-13,2025,11,46,Boké,Koundara,soudano-guinéen,12.48000,-13.30000,29.10,25.03,32.37,0.37,38.06,172.89,73.74,4.47,5,54.53,0.518,7,0.007,faible
GN2025-01910,2025-08-24,2025,8,34,Faranah,Dabola,soudano-guinéen,10.75000,-11.11000,27.53,24.52,31.07,26.21,85.70,290.81,78.14,10.28,5,65.05,0.681,11,0.011,moyen
GN2025-01911,2025-09-10,2025,9,37,Faranah,Dinguiraye,soudano-guinéen,11.30000,-10.72000,27.09,22.23,30.21,22.10,147.32,388.22,71.46,8.36,7,53.98,1.000,10,0.009,moyen
GN2025-01912,2025-02-09,2025,2,6,Faranah,Faranah,soudano-guinéen,10.04000,-10.74000,28.36,23.33,33.23,15.39,17.54,60.20,61.95,10.98,1,48.67,0.172,2,0.002,faible
GN2025-01913,2025-05-22,2025,5,21,Faranah,Kissidougou,forestier,9.18000,-10.10000,27.59,23.90,32.07,1.74,66.80,211.70,58.58,8.60,5,48.90,0.662,7,0.007,moyen
GN2025-01914,2025-10-03,2025,10,40,Kankan,Kankan,soudano-guinéen,10.39000,-9.31000,29.49,25.30,34.11,0.58,32.79,318.82,80.73,9.72,5,62.86,0.530,11,0.011,moyen
GN2025-01915,2025-11-11,2025,11,46,Kankan,Kérouané,forestier,9.27000,-9.01000,26.46,23.10,30.87,92.70,211.68,664.73,92.30,7.43,7,91.20,1.000,14,0.014,eleve
GN2025-01916,2025-03-23,2025,3,12,Kankan,Kouroussa,soudano-guinéen,10.65000,-9.89000,30.22,26.71,34.90,0.28,17.66,28.58,59.71,9.90,1,34.86,0.198,5,0.005,faible
GN2025-01917,2025-09-30,2025,9,40,Kankan,Mandiana,soudano-guinéen,10.63000,-8.68000,27.44,21.84,30.47,30.89,112.85,418.79,80.55,8.66,6,70.69,0.864,14,0.014,eleve
GN2025-01918,2025-12-12,2025,12,50,Kankan,Siguiri,soudano-guinéen,11.42000,-9.17000,29.49,25.04,34.15,2.02,13.67,128.52,75.68,10.95,4,49.26,0.316,2,0.002,faible
GN2025-01919,2025-10-05,2025,10,40,Kindia,Coyah,côtier,9.71000,-13.38000,28.06,23.47,32.42,25.23,429.84,1340.76,84.57,8.00,7,98.00,1.000,15,0.017,eleve
GN2025-01920,2025-08-04,2025,8,32,Kindia,Dubréka,côtier,9.79000,-13.52000,26.83,22.51,32.43,0.96,235.76,1235.81,79.54,7.82,6,98.00,1.000,10,0.011,eleve
GN2025-01921,2025-12-05,2025,12,49,Kindia,Forécariah,côtier,9.43000,-13.09000,27.31,24.04,30.72,2.96,288.28,947.40,69.96,7.89,7,93.22,1.000,13,0.014,eleve
GN2025-01922,2025-12-25,2025,12,52,Kindia,Kindia,côtier,10.06000,-12.87000,27.56,23.24,30.71,31.26,201.45,889.80,80.20,10.73,7,98.00,1.000,13,0.014,eleve
GN2025-01923,2025-05-09,2025,5,19,Kindia,Télimélé,soudano-guinéen,10.91000,-13.04000,28.81,24.39,33.16,1.42,8.02,112.20,64.85,10.86,3,47.22,0.278,4,0.004,faible
GN2025-01924,2025-02-14,2025,2,7,Labé,Koubia,montagneux,11.59000,-11.90000,26.50,23.42,31.55,0.40,14.41,37.81,56.98,11.04,1,35.77,0.190,2,0.002,faible
GN2025-01925,2025-04-30,2025,4,18,Labé,Labé,montagneux,11.32000,-12.29000,24.59,19.83,29.21,0.66,41.24,94.88,58.27,9.65,3,49.51,0.386,5,0.005,faible
GN2025-01926,2025-09-25,2025,9,39,Labé,Lélouma,montagneux,11.18000,-12.48000,24.75,21.31,29.17,91.82,238.53,558.60,83.35,5.55,6,70.19,1.000,9,0.008,eleve
GN2025-01927,2025-07-02,2025,7,27,Labé,Mali,montagneux,12.08000,-12.30000,24.08,18.57,28.74,0.28,43.19,286.08,73.08,10.49,4,57.68,0.445,2,0.002,faible
GN2025-01928,2025-09-28,2025,9,39,Labé,Tougué,montagneux,11.45000,-11.67000,24.45,19.72,28.55,2.68,9.75,342.13,76.53,10.19,4,65.57,0.299,10,0.009,faible
GN2025-01929,2025-11-16,2025,11,46,Mamou,Dalaba,montagneux,10.69000,-12.25000,24.07,18.79,27.41,32.02,114.50,399.00,79.99,5.46,7,61.56,0.994,14,0.013,moyen
GN2025-01930,2025-01-18,2025,1,3,Mamou,Mamou,montagneux,10.38000,-12.09000,27.22,22.80,32.35,0.77,16.65,39.32,61.72,11.43,1,43.13,0.200,4,0.004,faible
GN2025-01931,2025-09-07,2025,9,36,Mamou,Pita,montagneux,11.06000,-12.40000,24.96,19.45,30.32,1.97,82.10,547.82,75.64,11.92,6,65.41,0.754,12,0.011,moyen
GN2025-01932,2025-01-01,2025,1,1,Nzérékoré,Beyla,forestier,8.69000,-8.65000,26.96,21.42,30.06,0.69,0.69,0.69,53.83,10.99,0,44.70,0.103,6,0.006,faible
GN2025-01933,2025-04-14,2025,4,16,Nzérékoré,Guéckédou,forestier,8.57000,-10.13000,26.92,22.34,31.59,0.01,1.50,50.22,62.87,9.86,0,39.18,0.173,3,0.003,faible
GN2025-01934,2025-05-21,2025,5,21,Nzérékoré,Lola,forestier,7.80000,-8.53000,26.03,20.53,30.43,41.99,126.93,361.72,73.62,11.03,6,61.98,0.903,6,0.006,eleve
GN2025-01935,2025-05-20,2025,5,21,Nzérékoré,Macenta,forestier,8.54000,-9.47000,25.38,21.08,29.02,0.75,79.70,362.02,65.27,12.86,6,55.32,0.677,10,0.011,moyen
GN2025-01936,2025-04-24,2025,4,17,Nzérékoré,Nzérékoré,forestier,7.76000,-8.82000,27.37,24.20,30.50,0.39,81.48,207.59,64.51,12.34,2,48.51,0.582,7,0.008,moyen
GN2025-01937,2025-08-18,2025,8,34,Nzérékoré,Yomou,forestier,7.56000,-9.31000,25.98,20.99,29.14,3.99,188.55,982.78,76.97,11.73,7,98.00,1.000,8,0.009,eleve
GN2025-01938,2025-01-21,2025,1,4,Conakry,Conakry,côtier,9.54000,-13.68000,29.71,25.32,35.13,1.83,28.56,60.71,58.19,10.17,3,48.24,0.363,7,0.008,faible
GN2025-01939,2025-08-22,2025,8,34,Boké,Boffa,côtier,10.18000,-14.04000,27.30,22.88,31.26,0.27,143.86,598.17,74.04,8.17,5,73.42,0.948,9,0.009,eleve
GN2025-01940,2025-07-25,2025,7,30,Boké,Boké,côtier,10.94000,-14.29000,29.57,24.26,34.78,1.32,141.07,260.96,77.34,10.96,7,56.57,1.000,8,0.008,eleve
GN2025-01941,2025-12-21,2025,12,51,Boké,Fria,côtier,10.37000,-13.58000,26.68,22.38,30.78,2.44,17.90,312.30,77.82,7.51,6,61.38,0.457,7,0.007,moyen
GN2025-01942,2025-12-24,2025,12,52,Boké,Gaoual,soudano-guinéen,11.75000,-13.20000,27.99,24.22,31.32,1.81,49.60,365.13,75.76,8.54,6,64.74,0.585,7,0.007,moyen
GN2025-01943,2025-02-10,2025,2,7,Boké,Koundara,soudano-guinéen,12.48000,-13.30000,30.68,25.89,34.88,0.55,3.72,11.75,57.92,9.10,0,37.30,0.137,2,0.002,faible
GN2025-01944,2025-07-11,2025,7,28,Faranah,Dabola,soudano-guinéen,10.75000,-11.11000,25.71,22.38,30.09,1.98,22.26,226.66,74.62,6.06,6,53.23,0.424,5,0.005,faible
GN2025-01945,2025-11-13,2025,11,46,Faranah,Dinguiraye,soudano-guinéen,11.30000,-10.72000,26.16,22.74,29.89,1.09,41.25,292.74,69.76,6.78,7,56.07,0.520,3,0.003,faible
GN2025-01946,2025-03-26,2025,3,13,Faranah,Faranah,soudano-guinéen,10.04000,-10.74000,29.64,25.46,34.25,0.75,3.01,46.50,65.15,10.69,0,34.67,0.086,4,0.004,faible
GN2025-01947,2025-06-12,2025,6,24,Faranah,Kissidougou,forestier,9.18000,-10.10000,26.48,21.03,29.92,9.65,147.74,407.61,74.70,6.79,7,67.51,1.000,13,0.014,eleve
GN2025-01948,2025-05-24,2025,5,21,Kankan,Kankan,soudano-guinéen,10.39000,-9.31000,29.09,24.72,33.92,2.05,25.80,127.97,72.30,4.50,6,50.19,0.443,8,0.008,faible
GN2025-01949,2025-08-15,2025,8,33,Kankan,Kérouané,forestier,9.27000,-9.01000,27.10,21.59,32.69,22.34,91.23,568.28,76.78,8.03,6,77.58,0.763,10,0.010,eleve
GN2025-01950,2025-06-27,2025,6,26,Kankan,Kouroussa,soudano-guinéen,10.65000,-9.89000,28.88,24.53,33.18,2.76,53.88,285.75,75.78,6.01,7,61.91,0.644,14,0.014,moyen
GN2025-01951,2025-07-28,2025,7,31,Kankan,Mandiana,soudano-guinéen,10.63000,-8.68000,28.54,24.30,33.16,24.85,50.88,286.98,77.83,5.82,5,64.58,0.581,5,0.005,moyen
GN2025-01952,2025-05-01,2025,5,18,Kankan,Siguiri,soudano-guinéen,11.42000,-9.17000,30.70,26.38,35.37,0.19,32.70,85.55,60.44,9.40,3,40.45,0.348,5,0.005,faible
GN2025-01953,2025-05-24,2025,5,21,Kindia,Coyah,côtier,9.71000,-13.38000,28.52,23.67,33.88,29.59,50.70,164.44,69.82,8.53,7,51.42,0.655,3,0.003,moyen
GN2025-01954,2025-09-13,2025,9,37,Kindia,Dubréka,côtier,9.79000,-13.52000,28.17,24.29,33.10,4.10,106.41,887.47,68.48,8.58,6,90.69,0.808,13,0.014,eleve
GN2025-01955,2025-09-06,2025,9,36,Kindia,Forécariah,côtier,9.43000,-13.09000,26.83,23.19,30.54,133.78,572.40,1311.22,87.73,5.34,7,98.00,1.000,10,0.011,eleve
GN2025-01956,2025-10-29,2025,10,44,Kindia,Kindia,côtier,10.06000,-12.87000,27.54,22.96,32.32,74.18,201.17,840.05,79.89,9.84,7,93.62,1.000,13,0.014,eleve
GN2025-01957,2025-07-31,2025,7,31,Kindia,Télimélé,soudano-guinéen,10.91000,-13.04000,28.04,23.84,32.54,1.94,65.08,511.68,79.32,11.09,6,74.65,0.671,5,0.005,moyen
GN2025-01958,2025-03-20,2025,3,12,Labé,Koubia,montagneux,11.59000,-11.90000,26.54,21.18,29.80,29.66,40.12,70.34,66.24,11.23,3,38.65,0.407,10,0.009,faible
GN2025-01959,2025-01-04,2025,1,1,Labé,Labé,montagneux,11.32000,-12.29000,25.74,22.07,31.43,5.18,6.25,6.25,59.21,7.01,1,44.46,0.165,2,0.002,faible
GN2025-01960,2025-03-17,2025,3,12,Labé,Lélouma,montagneux,11.18000,-12.48000,26.18,21.52,30.90,0.36,2.97,25.11,52.49,7.18,1,37.62,0.103,0,0.000,faible
GN2025-01961,2025-05-10,2025,5,19,Labé,Mali,montagneux,12.08000,-12.30000,24.61,19.24,30.19,10.37,65.34,220.47,74.97,9.64,7,56.41,0.728,4,0.004,moyen
GN2025-01962,2025-12-04,2025,12,49,Labé,Tougué,montagneux,11.45000,-11.67000,24.53,19.58,28.36,1.93,59.09,414.83,81.83,9.17,7,78.99,0.697,4,0.004,moyen
GN2025-01963,2025-03-17,2025,3,12,Mamou,Dalaba,montagneux,10.69000,-12.25000,25.88,20.53,29.27,8.19,10.54,54.65,56.43,10.53,1,46.26,0.212,5,0.005,faible
GN2025-01964,2025-06-17,2025,6,25,Mamou,Mamou,montagneux,10.38000,-12.09000,25.89,22.51,30.85,1.08,85.31,236.63,68.56,4.32,6,50.07,0.768,10,0.009,moyen
GN2025-01965,2025-06-06,2025,6,23,Mamou,Pita,montagneux,11.06000,-12.40000,24.01,19.03,28.27,99.28,127.82,285.82,82.72,5.54,5,50.07,0.928,8,0.008,moyen
GN2025-01966,2025-08-21,2025,8,34,Nzérékoré,Beyla,forestier,8.69000,-8.65000,27.18,21.86,30.73,74.07,193.80,923.52,78.71,6.72,6,98.00,1.000,12,0.012,eleve
GN2025-01967,2025-07-13,2025,7,28,Nzérékoré,Guéckédou,forestier,8.57000,-10.13000,25.91,22.32,29.60,52.44,302.16,1093.35,86.66,5.86,7,98.00,1.000,17,0.019,eleve
GN2025-01968,2025-12-07,2025,12,49,Nzérékoré,Lola,forestier,7.80000,-8.53000,25.43,21.80,28.63,1.57,263.58,1109.21,73.72,6.21,6,98.00,1.000,12,0.013,eleve
GN2025-01969,2025-12-27,2025,12,52,Nzérékoré,Macenta,forestier,8.54000,-9.47000,25.49,20.37,30.93,58.63,363.76,1181.68,85.75,6.09,7,98.00,1.000,13,0.014,eleve
GN2025-01970,2025-12-22,2025,12,52,Nzérékoré,Nzérékoré,forestier,7.76000,-8.82000,25.29,22.24,30.76,0.30,220.33,865.96,77.53,10.75,6,98.00,1.000,16,0.017,eleve
GN2025-01971,2025-07-21,2025,7,30,Nzérékoré,Yomou,forestier,7.56000,-9.31000,25.76,20.56,30.70,19.38,230.46,752.85,80.20,6.64,7,86.23,1.000,14,0.015,eleve
GN2025-01972,2025-10-17,2025,10,42,Conakry,Conakry,côtier,9.54000,-13.68000,26.32,22.48,29.40,35.92,124.47,698.64,77.72,11.57,7,94.39,1.000,9,0.010,eleve
GN2025-01973,2025-02-14,2025,2,7,Boké,Boffa,côtier,10.18000,-14.04000,28.87,25.86,33.32,0.06,3.38,27.06,59.58,7.90,0,40.62,0.056,3,0.003,faible
GN2025-01974,2025-02-08,2025,2,6,Boké,Boké,côtier,10.94000,-14.29000,29.45,24.56,34.90,0.50,9.92,59.25,57.93,9.53,1,39.72,0.089,2,0.002,faible
GN2025-01975,2025-02-17,2025,2,8,Boké,Fria,côtier,10.37000,-13.58000,29.48,23.96,34.53,0.48,2.63,89.52,57.41,7.62,0,48.15,0.146,1,0.001,faible
GN2025-01976,2025-05-11,2025,5,19,Boké,Gaoual,soudano-guinéen,11.75000,-13.20000,29.92,24.82,33.39,1.02,10.63,108.29,66.68,9.88,5,45.88,0.251,1,0.001,faible
GN2025-01977,2025-01-09,2025,1,2,Boké,Koundara,soudano-guinéen,12.48000,-13.30000,29.98,25.32,34.61,0.40,14.63,15.84,51.86,7.51,1,34.08,0.157,5,0.005,faible
GN2025-01978,2025-05-06,2025,5,19,Faranah,Dabola,soudano-guinéen,10.75000,-11.11000,29.08,25.81,33.78,2.63,115.45,248.54,68.68,13.23,4,52.55,0.807,10,0.010,moyen
GN2025-01979,2025-08-15,2025,8,33,Faranah,Dinguiraye,soudano-guinéen,11.30000,-10.72000,27.12,23.86,31.94,0.67,136.66,476.87,76.31,5.99,6,72.31,0.953,11,0.010,eleve
GN2025-01980,2025-07-26,2025,7,30,Faranah,Faranah,soudano-guinéen,10.04000,-10.74000,27.57,22.80,31.88,12.64,24.08,288.54,81.50,6.55,6,63.53,0.480,9,0.009,moyen
GN2025-01981,2025-04-25,2025,4,17,Faranah,Kissidougou,forestier,9.18000,-10.10000,26.80,21.47,30.53,0.46,24.39,175.81,68.48,9.43,2,63.29,0.309,0,0.000,faible
GN2025-01982,2025-11-12,2025,11,46,Kankan,Kankan,soudano-guinéen,10.39000,-9.31000,28.57,24.06,33.14,21.05,82.09,251.01,78.41,9.94,5,52.41,0.693,5,0.005,moyen
GN2025-01983,2025-05-19,2025,5,21,Kankan,Kérouané,forestier,9.27000,-9.01000,28.57,24.05,33.02,15.73,54.61,180.22,67.16,6.56,6,58.49,0.595,6,0.006,moyen
GN2025-01984,2025-12-22,2025,12,52,Kankan,Kouroussa,soudano-guinéen,10.65000,-9.89000,29.42,24.34,32.71,2.06,31.29,290.99,83.30,7.29,5,65.35,0.558,10,0.010,faible
GN2025-01985,2025-02-17,2025,2,8,Kankan,Mandiana,soudano-guinéen,10.63000,-8.68000,30.21,25.97,34.37,0.47,4.13,12.44,60.90,11.08,0,32.21,0.087,4,0.004,faible
GN2025-01986,2025-08-29,2025,8,35,Kankan,Siguiri,soudano-guinéen,11.42000,-9.17000,29.40,24.78,34.34,1.90,63.01,184.56,78.81,4.74,7,62.91,0.687,6,0.006,moyen
GN2025-01987,2025-09-24,2025,9,39,Kindia,Coyah,côtier,9.71000,-13.38000,26.36,22.36,30.55,4.63,221.48,1001.23,72.09,7.76,6,97.48,1.000,14,0.016,eleve
GN2025-01988,2025-12-05,2025,12,49,Kindia,Dubréka,côtier,9.79000,-13.52000,26.30,22.30,31.66,2.87,192.53,803.40,67.81,6.54,6,79.32,1.000,10,0.011,eleve
GN2025-01989,2025-03-20,2025,3,12,Kindia,Forécariah,côtier,9.43000,-13.09000,27.28,23.49,31.57,0.52,20.03,98.00,57.92,11.11,1,46.24,0.197,3,0.003,faible
GN2025-01990,2025-07-13,2025,7,28,Kindia,Kindia,côtier,10.06000,-12.87000,27.04,22.16,32.00,1.18,121.40,921.90,71.23,4.64,6,98.00,0.892,12,0.013,eleve
GN2025-01991,2025-07-23,2025,7,30,Kindia,Télimélé,soudano-guinéen,10.91000,-13.04000,26.88,23.46,30.94,0.59,49.70,565.19,71.52,7.73,4,71.93,0.457,7,0.007,moyen
GN2025-01992,2025-02-27,2025,2,9,Labé,Koubia,montagneux,11.59000,-11.90000,26.39,23.05,31.23,0.59,2.69,52.93,57.81,11.82,0,41.08,0.061,3,0.003,faible
GN2025-01993,2025-08-09,2025,8,32,Labé,Labé,montagneux,11.32000,-12.29000,25.01,20.31,30.17,132.66,168.90,658.35,93.12,4.37,5,94.16,1.000,21,0.020,eleve
GN2025-01994,2025-11-08,2025,11,45,Labé,Lélouma,montagneux,11.18000,-12.48000,24.28,20.70,28.71,2.74,173.34,558.37,82.14,7.95,6,80.45,1.000,13,0.012,eleve
GN2025-01995,2025-10-25,2025,10,43,Labé,Mali,montagneux,12.08000,-12.30000,23.80,18.94,27.03,1.55,103.29,303.72,75.21,8.76,7,57.77,0.904,13,0.012,moyen
GN2025-01996,2025-08-21,2025,8,34,Labé,Tougué,montagneux,11.45000,-11.67000,23.87,20.52,28.43,0.57,112.69,285.36,72.31,8.15,4,57.80,0.788,7,0.006,moyen
GN2025-01997,2025-04-07,2025,4,15,Mamou,Dalaba,montagneux,10.69000,-12.25000,25.22,20.65,30.35,0.55,11.99,47.20,64.63,6.42,1,46.48,0.151,4,0.004,faible
GN2025-01998,2025-10-11,2025,10,41,Mamou,Mamou,montagneux,10.38000,-12.09000,25.16,20.58,30.46,1.18,98.16,536.33,70.34,8.93,7,76.40,0.853,8,0.008,moyen
GN2025-01999,2025-06-01,2025,6,22,Mamou,Pita,montagneux,11.06000,-12.40000,25.34,19.97,30.94,1.56,24.55,205.17,65.68,7.60,5,59.98,0.435,6,0.006,faible
GN2025-02000,2025-06-24,2025,6,26,Nzérékoré,Beyla,forestier,8.69000,-8.65000,25.77,22.48,30.30,66.28,182.47,425.41,78.73,12.13,6,72.01,1.000,11,0.011,eleve
GN2025-02001,2025-10-04,2025,10,40,Nzérékoré,Guéckédou,forestier,8.57000,-10.13000,26.14,20.60,30.71,12.20,449.65,927.76,68.29,6.81,7,86.25,1.000,9,0.010,eleve
GN2025-02002,2025-08-09,2025,8,32,Nzérékoré,Lola,forestier,7.80000,-8.53000,24.70,21.34,30.39,54.97,262.96,816.69,82.34,1.13,7,98.00,1.000,9,0.010,eleve
GN2025-02003,2025-08-15,2025,8,33,Nzérékoré,Macenta,forestier,8.54000,-9.47000,24.90,20.57,28.67,9.89,289.56,1339.30,80.11,7.93,7,98.00,1.000,14,0.015,eleve
GN2025-02004,2025-09-28,2025,9,39,Nzérékoré,Nzérékoré,forestier,7.76000,-8.82000,25.82,20.43,30.30,0.92,265.89,877.10,75.03,8.61,6,91.15,1.000,10,0.011,eleve
GN2025-02005,2025-07-31,2025,7,31,Nzérékoré,Yomou,forestier,7.56000,-9.31000,26.41,22.24,32.13,0.31,200.78,925.41,69.75,7.42,5,96.53,1.000,13,0.014,eleve
GN2025-02006,2025-11-03,2025,11,45,Conakry,Conakry,côtier,9.54000,-13.68000,29.07,25.13,32.89,1.88,343.86,1203.85,71.92,12.26,7,98.00,1.000,13,0.015,eleve
GN2025-02007,2025-01-19,2025,1,3,Boké,Boffa,côtier,10.18000,-14.04000,29.30,24.06,33.24,0.40,3.15,10.15,55.92,11.76,0,37.60,0.113,1,0.001,faible
GN2025-02008,2025-03-03,2025,3,10,Boké,Boké,côtier,10.94000,-14.29000,28.37,25.07,31.61,0.13,12.34,62.25,60.48,12.97,1,43.66,0.198,0,0.000,faible
GN2025-02009,2025-04-09,2025,4,15,Boké,Fria,côtier,10.37000,-13.58000,28.43,23.09,33.44,1.44,4.16,67.85,64.93,7.88,1,47.84,0.186,5,0.005,faible
GN2025-02010,2025-02-09,2025,2,6,Boké,Gaoual,soudano-guinéen,11.75000,-13.20000,31.25,27.30,36.41,0.33,1.88,69.82,57.35,9.07,0,36.02,0.094,0,0.000,faible
GN2025-02011,2025-08-18,2025,8,34,Boké,Koundara,soudano-guinéen,12.48000,-13.30000,28.51,22.98,33.59,2.44,64.61,171.62,69.79,4.90,7,49.50,0.725,3,0.003,moyen
GN2025-02012,2025-10-14,2025,10,42,Faranah,Dabola,soudano-guinéen,10.75000,-11.11000,27.83,23.28,33.13,2.58,36.81,461.16,75.31,8.95,7,59.69,0.543,7,0.007,moyen
GN2025-02013,2025-07-16,2025,7,29,Faranah,Dinguiraye,soudano-guinéen,11.30000,-10.72000,27.42,23.02,30.83,8.72,51.25,288.58,72.04,7.42,6,64.46,0.633,11,0.010,moyen
GN2025-02014,2025-01-06,2025,1,2,Faranah,Faranah,soudano-guinéen,10.04000,-10.74000,29.12,25.24,34.01,0.07,6.72,6.72,58.01,11.37,1,40.93,0.184,4,0.004,faible
GN2025-02015,2025-02-19,2025,2,8,Faranah,Kissidougou,forestier,9.18000,-10.10000,28.27,24.44,31.70,0.77,3.88,12.18,53.52,9.60,0,38.42,0.080,3,0.003,faible
GN2025-02016,2025-04-13,2025,4,15,Kankan,Kankan,soudano-guinéen,10.39000,-9.31000,29.13,25.40,34.38,0.12,2.67,36.10,56.16,7.93,0,34.48,0.041,5,0.005,faible
GN2025-02017,2025-01-20,2025,1,4,Kankan,Kérouané,forestier,9.27000,-9.01000,28.71,25.43,33.10,0.56,2.39,9.88,61.40,11.37,0,38.25,0.135,1,0.001,faible
GN2025-02018,2025-05-27,2025,5,22,Kankan,Kouroussa,soudano-guinéen,10.65000,-9.89000,29.32,26.03,32.46,0.10,17.88,80.83,66.53,9.68,3,41.56,0.322,7,0.007,faible
GN2025-02019,2025-02-05,2025,2,6,Kankan,Mandiana,soudano-guinéen,10.63000,-8.68000,30.63,27.42,33.79,0.41,2.37,18.88,53.45,13.34,0,26.80,0.146,2,0.002,faible
GN2025-02020,2025-03-22,2025,3,12,Kankan,Siguiri,soudano-guinéen,11.42000,-9.17000,31.33,27.12,37.03,0.38,7.21,17.16,57.30,9.60,1,34.62,0.088,1,0.001,faible
GN2025-02021,2025-12-29,2025,12,1,Kindia,Coyah,côtier,9.71000,-13.38000,27.47,23.73,30.81,25.45,191.43,1049.34,86.54,10.75,7,98.00,1.000,19,0.021,eleve
GN2025-02022,2025-05-30,2025,5,22,Kindia,Dubréka,côtier,9.79000,-13.52000,27.73,22.68,33.40,2.25,46.76,170.02,77.09,9.17,7,61.99,0.642,9,0.010,moyen
GN2025-02023,2025-04-30,2025,4,18,Kindia,Forécariah,côtier,9.43000,-13.09000,28.44,23.75,33.14,0.52,13.92,341.77,65.66,8.24,1,58.29,0.248,12,0.013,faible
GN2025-02024,2025-12-08,2025,12,50,Kindia,Kindia,côtier,10.06000,-12.87000,25.46,22.29,29.43,32.68,102.24,775.72,71.60,8.12,7,88.78,0.868,17,0.018,eleve
GN2025-02025,2025-11-13,2025,11,46,Kindia,Télimélé,soudano-guinéen,10.91000,-13.04000,27.64,22.59,32.18,0.76,98.51,483.24,74.04,9.11,6,72.31,0.764,14,0.014,eleve
GN2025-02026,2025-06-08,2025,6,23,Labé,Koubia,montagneux,11.59000,-11.90000,26.17,22.44,31.87,1.48,54.66,166.67,77.18,9.01,5,44.06,0.654,7,0.006,moyen
GN2025-02027,2025-07-23,2025,7,30,Labé,Labé,montagneux,11.32000,-12.29000,23.95,19.70,29.00,2.73,103.06,419.70,67.17,5.17,6,58.06,0.852,7,0.007,moyen
GN2025-02028,2025-02-02,2025,2,5,Labé,Lélouma,montagneux,11.18000,-12.48000,25.48,21.25,31.00,0.36,1.56,82.33,55.19,5.18,0,46.34,0.051,2,0.002,faible
GN2025-02029,2025-12-20,2025,12,51,Labé,Mali,montagneux,12.08000,-12.30000,24.25,19.20,28.60,1.04,54.86,264.47,76.45,8.29,7,53.49,0.701,6,0.005,moyen
GN2025-02030,2025-08-02,2025,8,31,Labé,Tougué,montagneux,11.45000,-11.67000,25.08,19.72,30.79,0.79,49.64,306.81,78.24,10.33,5,64.92,0.605,8,0.007,faible
GN2025-02031,2025-03-16,2025,3,11,Mamou,Dalaba,montagneux,10.69000,-12.25000,25.12,21.57,28.76,0.32,2.40,46.59,58.92,10.80,0,41.90,0.097,2,0.002,faible
GN2025-02032,2025-11-12,2025,11,46,Mamou,Mamou,montagneux,10.38000,-12.09000,25.24,21.85,28.65,2.41,80.78,425.46,74.06,3.33,7,68.34,0.817,7,0.007,moyen
GN2025-02033,2025-11-20,2025,11,47,Mamou,Pita,montagneux,11.06000,-12.40000,23.89,19.75,27.63,107.79,247.82,532.35,89.34,6.11,6,81.40,1.000,9,0.008,eleve
GN2025-02034,2025-11-27,2025,11,48,Nzérékoré,Beyla,forestier,8.69000,-8.65000,26.44,22.73,31.12,20.79,81.47,633.34,76.55,1.00,6,79.55,0.807,13,0.013,eleve
GN2025-02035,2025-09-30,2025,9,40,Nzérékoré,Guéckédou,forestier,8.57000,-10.13000,25.42,20.90,28.87,1.10,221.21,764.78,77.58,3.64,7,90.14,1.000,15,0.017,eleve
GN2025-02036,2025-02-19,2025,2,8,Nzérékoré,Lola,forestier,7.80000,-8.53000,26.16,22.66,30.37,0.79,3.68,13.33,57.71,8.65,1,42.11,0.125,2,0.002,faible
GN2025-02037,2025-01-14,2025,1,3,Nzérékoré,Macenta,forestier,8.54000,-9.47000,26.39,21.77,29.86,0.10,3.45,7.36,50.61,11.47,0,34.36,0.039,4,0.004,faible
GN2025-02038,2025-09-24,2025,9,39,Nzérékoré,Nzérékoré,forestier,7.76000,-8.82000,25.48,21.65,30.50,38.89,178.68,840.79,81.28,6.81,7,87.89,1.000,10,0.011,eleve
GN2025-02039,2025-02-07,2025,2,6,Nzérékoré,Yomou,forestier,7.56000,-9.31000,25.49,19.96,31.27,0.14,7.99,30.79,63.95,7.61,1,42.44,0.143,3,0.003,faible
GN2025-02040,2025-05-26,2025,5,22,Conakry,Conakry,côtier,9.54000,-13.68000,27.25,21.88,30.64,1.93,90.52,260.16,68.25,7.61,7,53.43,0.855,3,0.003,eleve
GN2025-02041,2025-04-24,2025,4,17,Boké,Boffa,côtier,10.18000,-14.04000,27.49,22.95,32.40,0.60,2.25,135.24,62.27,12.96,0,45.39,0.140,7,0.007,faible
GN2025-02042,2025-07-20,2025,7,29,Boké,Boké,côtier,10.94000,-14.29000,29.64,24.70,34.01,48.14,113.71,211.77,81.42,8.11,6,66.02,0.936,13,0.013,moyen
GN2025-02043,2025-06-02,2025,6,23,Boké,Fria,côtier,10.37000,-13.58000,28.76,25.06,33.09,14.23,113.09,371.89,68.85,10.95,6,67.09,0.883,14,0.014,moyen
GN2025-02044,2025-09-29,2025,9,40,Boké,Gaoual,soudano-guinéen,11.75000,-13.20000,27.96,24.04,31.56,49.13,86.66,366.81,80.10,4.68,6,78.55,0.866,5,0.005,moyen
GN2025-02045,2025-06-05,2025,6,23,Boké,Koundara,soudano-guinéen,12.48000,-13.30000,28.14,25.03,31.79,2.86,36.21,181.16,68.82,8.52,5,50.28,0.455,9,0.008,faible
GN2025-02046,2025-02-05,2025,2,6,Faranah,Dabola,soudano-guinéen,10.75000,-11.11000,29.64,26.22,34.31,17.84,19.83,28.85,55.98,12.39,1,44.16,0.217,3,0.003,faible
GN2025-02047,2025-03-06,2025,3,10,Faranah,Dinguiraye,soudano-guinéen,11.30000,-10.72000,28.35,24.26,32.67,0.06,11.76,45.97,63.67,11.63,1,38.31,0.182,7,0.007,faible
GN2025-02048,2025-05-17,2025,5,20,Faranah,Faranah,soudano-guinéen,10.04000,-10.74000,28.98,25.12,33.22,2.46,102.71,266.19,60.61,6.58,4,58.33,0.716,8,0.008,moyen
GN2025-02049,2025-12-09,2025,12,50,Faranah,Kissidougou,forestier,9.18000,-10.10000,26.45,23.00,31.80,0.11,143.64,709.66,77.32,10.29,3,86.80,0.925,11,0.012,eleve
GN2025-02050,2025-06-23,2025,6,26,Kankan,Kankan,soudano-guinéen,10.39000,-9.31000,30.19,25.37,34.33,1.15,31.85,269.52,74.33,8.89,7,51.84,0.548,11,0.011,faible
GN2025-02051,2025-04-24,2025,4,17,Kankan,Kérouané,forestier,9.27000,-9.01000,29.27,25.77,33.08,0.65,8.89,75.33,68.86,13.43,1,46.29,0.124,4,0.004,faible
GN2025-02052,2025-06-01,2025,6,22,Kankan,Kouroussa,soudano-guinéen,10.65000,-9.89000,27.72,23.62,32.06,2.03,7.50,84.77,63.54,9.96,2,45.20,0.238,5,0.005,faible
GN2025-02053,2025-11-27,2025,11,48,Kankan,Mandiana,soudano-guinéen,10.63000,-8.68000,29.03,24.09,33.47,0.80,140.95,305.44,65.10,10.42,5,57.11,1.000,12,0.012,moyen
GN2025-02054,2025-02-09,2025,2,6,Kankan,Siguiri,soudano-guinéen,11.42000,-9.17000,30.98,26.40,35.66,0.34,6.69,35.88,59.66,8.67,1,43.38,0.155,3,0.003,faible
GN2025-02055,2025-09-09,2025,9,37,Kindia,Coyah,côtier,9.71000,-13.38000,27.09,23.36,30.86,15.69,259.14,1025.77,76.23,7.39,7,98.00,1.000,16,0.018,eleve
GN2025-02056,2025-03-08,2025,3,10,Kindia,Dubréka,côtier,9.79000,-13.52000,28.21,23.42,33.42,0.73,2.03,12.33,58.00,10.24,0,31.44,0.088,2,0.002,faible
GN2025-02057,2025-06-11,2025,6,24,Kindia,Forécariah,côtier,9.43000,-13.09000,27.19,24.05,30.89,0.46,136.67,609.57,59.97,10.43,5,67.21,0.908,10,0.011,eleve
GN2025-02058,2025-05-08,2025,5,19,Kindia,Kindia,côtier,10.06000,-12.87000,27.47,24.18,31.00,1.00,99.22,240.10,64.29,9.08,5,56.70,0.712,14,0.015,eleve
GN2025-02059,2025-12-16,2025,12,51,Kindia,Télimélé,soudano-guinéen,10.91000,-13.04000,26.79,23.75,32.05,27.60,59.63,642.79,79.71,7.21,5,81.90,0.602,6,0.006,moyen
GN2025-02060,2025-08-18,2025,8,34,Labé,Koubia,montagneux,11.59000,-11.90000,25.48,21.01,31.25,13.28,68.59,340.40,66.77,10.98,5,61.33,0.707,5,0.005,moyen
GN2025-02061,2025-07-17,2025,7,29,Labé,Labé,montagneux,11.32000,-12.29000,24.18,19.62,29.51,26.50,161.63,391.69,76.03,4.66,4,67.62,1.000,10,0.009,eleve
GN2025-02062,2025-01-31,2025,1,5,Labé,Lélouma,montagneux,11.18000,-12.48000,25.09,21.14,29.22,0.09,1.86,82.65,64.77,11.62,0,45.18,0.065,0,0.000,faible
GN2025-02063,2025-07-23,2025,7,30,Labé,Mali,montagneux,12.08000,-12.30000,23.95,20.26,28.55,13.29,134.06,393.18,75.81,8.82,5,67.79,1.000,13,0.012,moyen
GN2025-02064,2025-10-28,2025,10,44,Labé,Tougué,montagneux,11.45000,-11.67000,24.85,19.67,29.16,0.05,224.28,538.37,70.78,9.31,6,76.60,1.000,9,0.008,moyen
GN2025-02065,2025-03-21,2025,3,12,Mamou,Dalaba,montagneux,10.69000,-12.25000,25.64,21.95,30.82,0.57,9.93,19.89,63.81,13.75,1,42.18,0.191,6,0.006,faible
GN2025-02066,2025-02-20,2025,2,8,Mamou,Mamou,montagneux,10.38000,-12.09000,25.38,21.44,31.07,0.12,1.10,29.44,61.21,9.69,0,41.05,0.106,2,0.002,faible
GN2025-02067,2025-08-24,2025,8,34,Mamou,Pita,montagneux,11.06000,-12.40000,24.31,21.10,27.61,0.32,144.60,428.21,78.46,9.95,6,67.92,1.000,9,0.008,eleve
GN2025-02068,2025-05-21,2025,5,21,Nzérékoré,Beyla,forestier,8.69000,-8.65000,27.14,22.88,31.05,2.60,136.38,347.74,64.99,8.84,6,61.94,0.977,12,0.012,eleve
GN2025-02069,2025-06-17,2025,6,25,Nzérékoré,Guéckédou,forestier,8.57000,-10.13000,27.05,23.84,31.70,57.92,185.26,882.35,79.97,7.09,6,87.66,1.000,13,0.014,eleve
GN2025-02070,2025-08-31,2025,8,35,Nzérékoré,Lola,forestier,7.80000,-8.53000,25.90,22.44,30.15,20.37,331.95,925.62,73.99,10.43,7,98.00,1.000,13,0.014,eleve
GN2025-02071,2025-08-20,2025,8,34,Nzérékoré,Macenta,forestier,8.54000,-9.47000,24.59,20.05,29.84,63.69,287.62,1399.19,77.44,3.12,7,98.00,1.000,16,0.017,eleve
GN2025-02072,2025-08-15,2025,8,33,Nzérékoré,Nzérékoré,forestier,7.76000,-8.82000,25.28,20.16,30.96,36.76,244.71,841.28,78.90,7.18,6,97.36,1.000,11,0.012,eleve
GN2025-02073,2025-01-07,2025,1,2,Nzérékoré,Yomou,forestier,7.56000,-9.31000,27.87,24.47,31.04,0.23,3.48,3.48,55.57,16.57,1,44.21,0.179,3,0.003,faible
GN2025-02074,2025-12-04,2025,12,49,Conakry,Conakry,côtier,9.54000,-13.68000,27.14,21.88,32.58,89.00,295.43,1094.00,93.56,4.05,7,98.00,1.000,16,0.019,eleve
GN2025-02075,2025-01-03,2025,1,1,Boké,Boffa,côtier,10.18000,-14.04000,29.37,23.82,35.00,0.74,3.80,3.80,63.01,7.73,2,25.10,0.232,0,0.000,faible
GN2025-02076,2025-10-16,2025,10,42,Boké,Boké,côtier,10.94000,-14.29000,27.72,23.30,32.70,3.88,112.07,450.65,68.83,6.88,7,67.82,0.926,8,0.008,eleve
GN2025-02077,2025-07-20,2025,7,29,Boké,Fria,côtier,10.37000,-13.58000,27.56,22.98,31.58,15.25,23.65,462.87,78.56,7.44,4,71.00,0.367,8,0.008,moyen
GN2025-02078,2025-09-15,2025,9,38,Boké,Gaoual,soudano-guinéen,11.75000,-13.20000,28.66,25.37,33.96,15.68,68.06,351.78,72.04,8.04,6,52.84,0.594,8,0.008,moyen
GN2025-02079,2025-11-19,2025,11,47,Boké,Koundara,soudano-guinéen,12.48000,-13.30000,28.69,24.68,34.41,1.42,34.49,168.38,70.98,6.13,5,58.26,0.418,7,0.007,faible
GN2025-02080,2025-07-17,2025,7,29,Faranah,Dabola,soudano-guinéen,10.75000,-11.11000,27.84,23.57,31.06,0.03,42.06,253.11,73.45,3.72,4,61.02,0.427,7,0.007,moyen
GN2025-02081,2025-05-15,2025,5,20,Faranah,Dinguiraye,soudano-guinéen,11.30000,-10.72000,27.66,24.12,32.61,0.25,103.87,188.34,70.70,7.70,3,50.95,0.650,6,0.006,moyen
GN2025-02082,2025-09-17,2025,9,38,Faranah,Faranah,soudano-guinéen,10.04000,-10.74000,27.96,23.11,32.03,8.50,56.65,353.35,72.13,8.79,6,61.58,0.646,10,0.010,moyen
GN2025-02083,2025-10-27,2025,10,44,Faranah,Kissidougou,forestier,9.18000,-10.10000,25.86,20.77,28.89,9.88,140.48,698.66,76.22,5.55,7,85.96,1.000,11,0.012,eleve
GN2025-02084,2025-08-21,2025,8,34,Kankan,Kankan,soudano-guinéen,10.39000,-9.31000,27.65,22.06,30.67,4.57,87.66,215.19,75.79,3.81,5,57.90,0.747,14,0.014,moyen
GN2025-02085,2025-05-03,2025,5,18,Kankan,Kérouané,forestier,9.27000,-9.01000,28.05,24.65,31.15,0.36,3.17,76.04,64.97,12.62,0,50.54,0.106,8,0.008,faible
GN2025-02086,2025-08-19,2025,8,34,Kankan,Kouroussa,soudano-guinéen,10.65000,-9.89000,29.39,25.73,34.51,1.76,16.17,174.33,72.69,11.20,4,51.86,0.338,10,0.010,faible
GN2025-02087,2025-01-01,2025,1,1,Kankan,Mandiana,soudano-guinéen,10.63000,-8.68000,30.48,27.39,35.79,0.41,0.41,0.41,51.14,10.40,0,41.81,0.137,3,0.003,faible
GN2025-02088,2025-05-29,2025,5,22,Kankan,Siguiri,soudano-guinéen,11.42000,-9.17000,30.29,26.44,34.86,0.60,39.88,95.07,77.51,10.71,3,54.94,0.433,8,0.007,faible
GN2025-02089,2025-01-09,2025,1,2,Kindia,Coyah,côtier,9.71000,-13.38000,29.23,25.61,32.61,0.64,3.98,5.02,58.68,8.76,0,36.93,0.062,4,0.004,faible
GN2025-02090,2025-11-16,2025,11,46,Kindia,Dubréka,côtier,9.79000,-13.52000,27.71,23.76,31.91,177.65,323.69,1137.45,83.83,9.09,7,98.00,1.000,10,0.011,eleve
GN2025-02091,2025-10-16,2025,10,42,Kindia,Forécariah,côtier,9.43000,-13.09000,26.84,23.19,30.87,90.15,285.23,1075.05,80.47,9.17,6,98.00,1.000,6,0.006,eleve
GN2025-02092,2025-04-05,2025,4,14,Kindia,Kindia,côtier,10.06000,-12.87000,27.85,24.51,32.88,0.13,3.42,45.41,58.17,9.98,0,50.42,0.029,4,0.004,faible
GN2025-02093,2025-10-23,2025,10,43,Kindia,Télimélé,soudano-guinéen,10.91000,-13.04000,27.84,23.13,32.56,8.43,130.34,514.32,71.29,8.62,7,59.26,0.959,10,0.010,eleve
GN2025-02094,2025-03-21,2025,3,12,Labé,Koubia,montagneux,11.59000,-11.90000,25.31,22.08,30.48,0.36,39.99,69.11,63.46,14.15,3,41.30,0.362,3,0.003,faible
GN2025-02095,2025-02-07,2025,2,6,Labé,Labé,montagneux,11.32000,-12.29000,25.59,20.06,29.39,0.12,14.86,65.69,55.47,12.35,1,35.59,0.193,1,0.001,faible
GN2025-02096,2025-07-26,2025,7,30,Labé,Lélouma,montagneux,11.18000,-12.48000,22.84,18.10,27.87,1.64,167.54,574.73,73.32,5.88,6,77.17,1.000,10,0.009,moyen
GN2025-02097,2025-12-02,2025,12,49,Labé,Mali,montagneux,12.08000,-12.30000,24.50,20.68,28.58,0.24,61.33,270.46,77.24,10.69,6,64.81,0.606,4,0.004,faible
GN2025-02098,2025-05-12,2025,5,20,Labé,Tougué,montagneux,11.45000,-11.67000,25.04,19.64,29.88,1.17,51.45,108.80,68.05,7.99,7,51.10,0.653,6,0.005,moyen
GN2025-02099,2025-02-25,2025,2,9,Mamou,Dalaba,montagneux,10.69000,-12.25000,25.53,22.44,28.79,0.35,12.29,52.98,56.42,13.27,1,39.62,0.166,1,0.001,faible
GN2025-02100,2025-09-17,2025,9,38,Mamou,Mamou,montagneux,10.38000,-12.09000,24.90,21.90,28.70,0.30,81.70,376.84,73.52,6.62,5,58.18,0.679,4,0.004,moyen
GN2025-02101,2025-11-01,2025,11,44,Mamou,Pita,montagneux,11.06000,-12.40000,24.58,20.56,28.20,0.30,86.32,368.02,80.85,8.63,4,66.47,0.776,8,0.008,moyen
GN2025-02102,2025-08-15,2025,8,33,Nzérékoré,Beyla,forestier,8.69000,-8.65000,26.55,21.56,30.37,1.28,107.67,880.97,77.73,7.35,7,90.42,0.937,11,0.011,eleve
GN2025-02103,2025-12-18,2025,12,51,Nzérékoré,Guéckédou,forestier,8.57000,-10.13000,25.61,20.86,29.33,17.77,281.40,1283.87,75.82,7.05,7,98.00,1.000,19,0.021,eleve
GN2025-02104,2025-07-09,2025,7,28,Nzérékoré,Lola,forestier,7.80000,-8.53000,25.54,22.02,30.29,16.18,88.65,678.43,77.67,8.45,6,79.70,0.843,11,0.012,eleve
GN2025-02105,2025-08-19,2025,8,34,Nzérékoré,Macenta,forestier,8.54000,-9.47000,24.27,20.30,27.85,2.38,290.68,1352.72,78.05,11.77,7,98.00,1.000,8,0.009,eleve
GN2025-02106,2025-06-16,2025,6,25,Nzérékoré,Nzérékoré,forestier,7.76000,-8.82000,25.89,20.72,29.94,20.18,69.52,317.45,78.25,7.85,5,59.47,0.682,11,0.012,moyen
GN2025-02107,2025-11-12,2025,11,46,Nzérékoré,Yomou,forestier,7.56000,-9.31000,26.08,21.88,29.43,0.92,91.73,889.99,77.57,7.86,6,84.99,0.832,5,0.005,eleve
GN2025-02108,2025-09-01,2025,9,36,Conakry,Conakry,côtier,9.54000,-13.68000,27.23,22.09,32.14,6.87,251.12,1047.69,75.30,8.89,7,98.00,1.000,15,0.017,eleve
GN2025-02109,2025-03-06,2025,3,10,Boké,Boffa,côtier,10.18000,-14.04000,28.17,23.81,31.83,0.19,3.07,31.39,60.59,10.41,0,39.58,0.083,1,0.001,faible
GN2025-02110,2025-02-15,2025,2,7,Boké,Boké,côtier,10.94000,-14.29000,29.21,25.53,34.60,0.33,2.57,59.61,52.72,7.61,0,35.52,0.076,6,0.006,faible
GN2025-02111,2025-04-11,2025,4,15,Boké,Fria,côtier,10.37000,-13.58000,29.32,25.54,33.80,0.31,3.48,59.98,57.49,6.68,1,39.10,0.154,1,0.001,faible
GN2025-02112,2025-11-02,2025,11,44,Boké,Gaoual,soudano-guinéen,11.75000,-13.20000,29.22,25.70,34.41,32.20,105.17,335.78,80.01,7.20,6,68.11,0.851,6,0.006,moyen
GN2025-02113,2025-12-16,2025,12,51,Boké,Koundara,soudano-guinéen,12.48000,-13.30000,29.83,25.28,35.50,2.14,102.88,314.35,68.59,8.48,4,51.98,0.797,13,0.012,moyen
GN2025-02114,2025-11-05,2025,11,45,Faranah,Dabola,soudano-guinéen,10.75000,-11.11000,28.22,23.32,31.56,60.27,214.28,489.57,83.04,9.35,6,69.64,1.000,13,0.012,eleve
GN2025-02115,2025-06-18,2025,6,25,Faranah,Dinguiraye,soudano-guinéen,11.30000,-10.72000,26.69,21.68,30.78,29.34,108.38,453.08,76.95,9.65,7,69.66,0.906,7,0.007,moyen
GN2025-02116,2025-02-10,2025,2,7,Faranah,Faranah,soudano-guinéen,10.04000,-10.74000,29.69,25.48,35.22,0.12,17.33,60.17,53.64,9.56,1,42.77,0.242,3,0.003,faible
GN2025-02117,2025-04-30,2025,4,18,Faranah,Kissidougou,forestier,9.18000,-10.10000,26.89,23.28,31.06,12.28,15.25,112.29,55.93,8.52,1,38.54,0.186,0,0.000,faible
GN2025-02118,2025-02-01,2025,2,5,Kankan,Kankan,soudano-guinéen,10.39000,-9.31000,28.65,23.33,33.87,0.70,36.95,45.64,56.58,7.13,1,33.35,0.264,4,0.004,faible
GN2025-02119,2025-08-08,2025,8,32,Kankan,Kérouané,forestier,9.27000,-9.01000,27.86,22.55,32.57,0.18,139.34,555.99,70.59,6.42,6,74.13,0.923,13,0.013,eleve
GN2025-02120,2025-08-29,2025,8,35,Kankan,Kouroussa,soudano-guinéen,10.65000,-9.89000,28.18,23.10,33.02,0.49,47.75,208.19,76.18,8.66,5,55.77,0.499,8,0.008,moyen
GN2025-02121,2025-02-16,2025,2,7,Kankan,Mandiana,soudano-guinéen,10.63000,-8.68000,29.40,24.52,33.39,0.50,4.33,20.43,54.85,7.49,0,43.37,0.078,1,0.001,faible
GN2025-02122,2025-07-25,2025,7,30,Kankan,Siguiri,soudano-guinéen,11.42000,-9.17000,29.04,25.57,33.13,0.60,42.74,117.28,74.20,8.87,5,44.26,0.594,3,0.003,faible
GN2025-02123,2025-08-06,2025,8,32,Kindia,Coyah,côtier,9.71000,-13.38000,26.12,23.02,30.57,0.80,384.26,1319.22,76.51,6.49,5,98.00,1.000,17,0.019,eleve
GN2025-02124,2025-10-27,2025,10,44,Kindia,Dubréka,côtier,9.79000,-13.52000,26.33,21.39,30.99,20.98,265.26,893.16,76.33,7.47,6,93.38,1.000,12,0.013,eleve
GN2025-02125,2025-10-06,2025,10,41,Kindia,Forécariah,côtier,9.43000,-13.09000,27.40,23.51,33.09,31.32,363.66,1140.16,81.08,8.72,7,98.00,1.000,20,0.022,eleve
GN2025-02126,2025-07-14,2025,7,29,Kindia,Kindia,côtier,10.06000,-12.87000,26.30,21.67,31.85,35.73,156.12,949.99,84.17,9.01,6,98.00,1.000,10,0.011,eleve
GN2025-02127,2025-07-26,2025,7,30,Kindia,Télimélé,soudano-guinéen,10.91000,-13.04000,27.78,22.65,32.28,6.90,38.81,481.76,75.53,10.26,4,66.33,0.489,7,0.007,moyen
GN2025-02128,2025-06-09,2025,6,24,Labé,Koubia,montagneux,11.59000,-11.90000,24.68,21.49,28.87,3.60,57.03,169.93,68.48,10.55,5,52.00,0.568,9,0.008,faible
GN2025-02129,2025-02-25,2025,2,9,Labé,Labé,montagneux,11.32000,-12.29000,25.66,20.75,29.50,0.42,20.99,41.98,59.40,6.11,2,44.70,0.312,4,0.004,faible
GN2025-02130,2025-10-01,2025,10,40,Labé,Lélouma,montagneux,11.18000,-12.48000,24.25,19.98,27.53,30.76,231.23,618.76,79.41,13.28,6,78.45,1.000,9,0.008,eleve
GN2025-02131,2025-01-23,2025,1,4,Labé,Mali,montagneux,12.08000,-12.30000,25.60,21.18,29.35,0.70,2.82,33.29,54.02,7.01,0,35.65,0.136,4,0.004,faible
GN2025-02132,2025-10-24,2025,10,43,Labé,Tougué,montagneux,11.45000,-11.67000,25.04,22.03,30.11,91.30,201.11,416.44,78.92,11.42,7,72.07,1.000,6,0.005,eleve
GN2025-02133,2025-09-27,2025,9,39,Mamou,Dalaba,montagneux,10.69000,-12.25000,23.65,20.11,27.38,25.26,123.90,648.10,71.37,7.70,5,81.36,0.908,7,0.007,moyen
GN2025-02134,2025-07-09,2025,7,28,Mamou,Mamou,montagneux,10.38000,-12.09000,24.90,20.87,29.86,0.71,15.10,328.44,70.13,7.34,5,63.20,0.411,7,0.007,faible
GN2025-02135,2025-10-09,2025,10,41,Mamou,Pita,montagneux,11.06000,-12.40000,24.77,20.27,29.26,0.85,129.58,512.98,71.40,5.51,5,76.34,0.895,11,0.010,moyen
GN2025-02136,2025-01-01,2025,1,1,Nzérékoré,Beyla,forestier,8.69000,-8.65000,26.96,21.42,30.06,0.69,0.69,0.69,53.83,10.99,0,36.27,0.101,0,0.000,faible
GN2025-02137,2025-12-20,2025,12,51,Nzérékoré,Guéckédou,forestier,8.57000,-10.13000,25.24,20.38,28.50,7.96,218.49,1310.88,71.42,7.57,7,98.00,1.000,17,0.019,eleve
GN2025-02138,2025-08-09,2025,8,32,Nzérékoré,Lola,forestier,7.80000,-8.53000,24.70,21.34,30.39,54.97,262.96,816.69,82.34,1.13,7,95.28,1.000,8,0.008,eleve
GN2025-02139,2025-12-08,2025,12,50,Nzérékoré,Macenta,forestier,8.54000,-9.47000,25.88,21.84,28.97,1.50,239.30,1391.15,73.72,10.57,7,98.00,1.000,8,0.009,eleve
GN2025-02140,2025-05-23,2025,5,21,Nzérékoré,Nzérékoré,forestier,7.76000,-8.82000,25.08,19.67,29.35,0.01,48.48,332.43,74.88,10.29,6,65.38,0.567,8,0.009,moyen
GN2025-02141,2025-11-22,2025,11,47,Nzérékoré,Yomou,forestier,7.56000,-9.31000,24.81,20.17,27.93,12.11,239.21,915.13,76.34,10.17,6,85.80,1.000,11,0.012,eleve
GN2025-02142,2025-05-05,2025,5,19,Conakry,Conakry,côtier,9.54000,-13.68000,28.88,24.47,33.81,40.37,43.44,96.30,70.35,10.76,1,49.48,0.326,2,0.002,faible
GN2025-02143,2025-05-12,2025,5,20,Boké,Boffa,côtier,10.18000,-14.04000,28.75,23.89,34.12,0.55,26.10,183.94,58.15,11.49,4,50.65,0.479,1,0.001,faible
GN2025-02144,2025-04-07,2025,4,15,Boké,Boké,côtier,10.94000,-14.29000,28.77,23.43,31.97,5.25,7.94,28.71,62.09,7.12,1,39.26,0.175,3,0.003,faible
GN2025-02145,2025-12-21,2025,12,51,Boké,Fria,côtier,10.37000,-13.58000,26.68,22.38,30.78,2.44,17.90,312.30,77.82,7.51,6,63.89,0.485,12,0.012,moyen
GN2025-02146,2025-03-25,2025,3,13,Boké,Gaoual,soudano-guinéen,11.75000,-13.20000,28.83,23.47,34.42,8.67,17.84,71.42,60.99,10.93,2,44.14,0.300,2,0.002,faible
GN2025-02147,2025-02-06,2025,2,6,Boké,Koundara,soudano-guinéen,12.48000,-13.30000,30.06,26.09,35.37,0.63,3.28,11.72,64.35,11.43,0,25.29,0.118,4,0.004,faible
GN2025-02148,2025-11-09,2025,11,45,Faranah,Dabola,soudano-guinéen,10.75000,-11.11000,28.60,25.03,32.00,11.20,321.55,615.04,79.28,11.52,7,72.72,1.000,11,0.011,eleve
GN2025-02149,2025-03-02,2025,3,9,Faranah,Dinguiraye,soudano-guinéen,11.30000,-10.72000,29.23,26.01,33.66,0.16,11.81,45.91,60.39,13.27,1,47.01,0.249,4,0.004,faible
GN2025-02150,2025-12-11,2025,12,50,Faranah,Faranah,soudano-guinéen,10.04000,-10.74000,28.72,23.90,32.26,3.90,79.54,391.97,74.62,8.53,6,67.88,0.678,7,0.007,moyen
GN2025-02151,2025-07-07,2025,7,28,Faranah,Kissidougou,forestier,9.18000,-10.10000,26.17,22.72,30.64,21.39,100.60,610.04,82.04,6.93,6,74.34,0.834,12,0.013,eleve
GN2025-02152,2025-02-11,2025,2,7,Kankan,Kankan,soudano-guinéen,10.39000,-9.31000,29.85,25.56,33.74,0.63,2.93,45.48,63.60,9.82,0,40.91,0.116,4,0.004,faible
GN2025-02153,2025-02-18,2025,2,8,Kankan,Kérouané,forestier,9.27000,-9.01000,29.69,25.36,34.41,0.15,3.02,17.88,58.26,9.83,0,36.24,0.081,3,0.003,faible
GN2025-02154,2025-06-27,2025,6,26,Kankan,Kouroussa,soudano-guinéen,10.65000,-9.89000,28.88,24.53,33.18,2.76,53.88,285.75,75.78,6.01,7,51.27,0.685,10,0.010,moyen
GN2025-02155,2025-11-04,2025,11,45,Kankan,Mandiana,soudano-guinéen,10.63000,-8.68000,28.96,25.08,34.59,2.65,39.02,241.98,70.81,10.83,6,54.10,0.530,9,0.009,moyen
GN2025-02156,2025-07-10,2025,7,28,Kankan,Siguiri,soudano-guinéen,11.42000,-9.17000,30.60,26.66,33.71,0.16,34.49,164.08,70.30,9.04,5,54.34,0.472,6,0.006,faible
GN2025-02157,2025-01-03,2025,1,1,Kindia,Coyah,côtier,9.71000,-13.38000,28.41,24.63,31.94,0.22,1.26,1.26,52.69,12.06,0,35.61,0.110,2,0.002,faible
GN2025-02158,2025-12-26,2025,12,52,Kindia,Dubréka,côtier,9.79000,-13.52000,28.05,23.91,31.60,7.43,327.75,1104.58,72.89,7.33,7,98.00,1.000,16,0.018,eleve
GN2025-02159,2025-07-05,2025,7,27,Kindia,Forécariah,côtier,9.43000,-13.09000,28.11,24.62,31.25,16.63,131.16,755.17,80.89,5.41,6,90.60,0.980,8,0.009,eleve
GN2025-02160,2025-05-23,2025,5,21,Kindia,Kindia,côtier,10.06000,-12.87000,26.04,21.77,31.48,1.84,47.25,329.25,65.37,10.27,5,51.38,0.510,12,0.013,moyen
GN2025-02161,2025-09-17,2025,9,38,Kindia,Télimélé,soudano-guinéen,10.91000,-13.04000,26.70,21.56,30.28,62.63,300.96,637.05,85.74,10.24,7,84.75,1.000,18,0.018,eleve
GN2025-02162,2025-02-21,2025,2,8,Labé,Koubia,montagneux,11.59000,-11.90000,26.14,22.63,29.91,0.25,26.37,52.32,53.53,12.50,2,36.90,0.297,2,0.002,faible
GN2025-02163,2025-01-06,2025,1,2,Labé,Labé,montagneux,11.32000,-12.29000,25.33,20.36,31.06,0.51,7.53,7.53,54.71,9.87,1,36.09,0.129,5,0.005,faible
GN2025-02164,2025-09-16,2025,9,38,Labé,Lélouma,montagneux,11.18000,-12.48000,22.48,17.13,27.67,5.48,55.97,331.08,78.35,8.29,5,64.79,0.622,6,0.006,faible
GN2025-02165,2025-10-08,2025,10,41,Labé,Mali,montagneux,12.08000,-12.30000,24.18,20.29,29.83,4.24,81.15,331.95,67.97,8.03,6,48.66,0.631,9,0.008,faible
GN2025-02166,2025-08-08,2025,8,32,Labé,Tougué,montagneux,11.45000,-11.67000,24.41,18.91,27.52,8.67,20.01,283.82,81.54,7.54,3,62.69,0.405,8,0.007,faible
GN2025-02167,2025-10-29,2025,10,44,Mamou,Dalaba,montagneux,10.69000,-12.25000,23.22,19.43,28.71,17.39,76.62,499.58,76.41,5.33,5,73.84,0.678,7,0.007,moyen
GN2025-02168,2025-05-15,2025,5,20,Mamou,Mamou,montagneux,10.38000,-12.09000,25.70,20.95,30.74,1.44,15.46,41.85,67.81,7.24,6,49.82,0.484,8,0.008,faible
GN2025-02169,2025-02-20,2025,2,8,Mamou,Pita,montagneux,11.06000,-12.40000,25.53,21.11,29.70,0.17,12.25,73.87,54.08,9.25,2,42.19,0.264,3,0.003,faible
GN2025-02170,2025-06-10,2025,6,24,Nzérékoré,Beyla,forestier,8.69000,-8.65000,26.77,21.23,32.14,24.55,92.83,385.42,69.31,10.60,7,66.09,0.765,8,0.008,moyen
GN2025-02171,2025-06-06,2025,6,23,Nzérékoré,Guéckédou,forestier,8.57000,-10.13000,25.33,20.31,30.02,25.62,225.21,726.43,71.09,6.09,7,78.04,1.000,11,0.012,eleve
GN2025-02172,2025-11-19,2025,11,47,Nzérékoré,Lola,forestier,7.80000,-8.53000,24.52,19.70,28.04,6.66,331.86,796.44,73.23,11.00,7,85.33,1.000,9,0.010,eleve
GN2025-02173,2025-01-09,2025,1,2,Nzérékoré,Macenta,forestier,8.54000,-9.47000,26.50,23.02,30.96,0.69,4.44,5.13,50.41,9.34,0,34.93,0.068,0,0.000,faible
GN2025-02174,2025-07-11,2025,7,28,Nzérékoré,Nzérékoré,forestier,7.76000,-8.82000,25.87,21.89,31.65,29.34,148.10,969.19,82.07,7.12,6,98.00,1.000,18,0.020,eleve
GN2025-02175,2025-05-30,2025,5,22,Nzérékoré,Yomou,forestier,7.56000,-9.31000,26.10,21.75,29.77,12.44,131.85,435.23,64.28,7.59,5,72.10,0.871,11,0.012,eleve
GN2025-02176,2025-03-01,2025,3,9,Conakry,Conakry,côtier,9.54000,-13.68000,28.93,24.80,34.57,0.71,52.90,81.46,67.91,10.84,1,43.97,0.396,6,0.007,faible
GN2025-02177,2025-06-14,2025,6,24,Boké,Boffa,côtier,10.18000,-14.04000,27.43,23.36,32.58,0.19,21.34,226.46,67.37,9.25,5,55.43,0.478,5,0.005,moyen
GN2025-02178,2025-03-30,2025,3,13,Boké,Boké,côtier,10.94000,-14.29000,29.20,25.78,33.99,0.12,2.42,33.99,60.58,10.23,0,41.71,0.057,1,0.001,faible
GN2025-02179,2025-09-16,2025,9,38,Boké,Fria,côtier,10.37000,-13.58000,26.65,21.35,30.77,30.51,120.20,652.63,76.50,5.49,7,76.85,0.973,4,0.004,eleve
GN2025-02180,2025-09-29,2025,9,40,Boké,Gaoual,soudano-guinéen,11.75000,-13.20000,27.96,24.04,31.56,49.13,86.66,366.81,80.10,4.68,6,66.20,0.770,16,0.015,moyen
GN2025-02181,2025-12-02,2025,12,49,Boké,Koundara,soudano-guinéen,12.48000,-13.30000,28.63,23.71,32.42,11.83,109.16,245.46,76.46,9.54,6,57.05,0.896,9,0.008,moyen
GN2025-02182,2025-10-26,2025,10,43,Faranah,Dabola,soudano-guinéen,10.75000,-11.11000,28.08,23.54,32.15,0.31,65.80,405.09,73.40,5.73,5,67.30,0.608,9,0.009,moyen
GN2025-02183,2025-10-16,2025,10,42,Faranah,Dinguiraye,soudano-guinéen,11.30000,-10.72000,27.38,23.42,32.24,1.98,107.28,218.93,72.28,10.70,6,53.10,0.815,8,0.008,moyen
GN2025-02184,2025-04-16,2025,4,16,Faranah,Faranah,soudano-guinéen,10.04000,-10.74000,28.81,25.24,34.34,0.49,3.05,29.21,59.49,9.62,0,32.58,0.097,3,0.003,faible
GN2025-02185,2025-01-21,2025,1,4,Faranah,Kissidougou,forestier,9.18000,-10.10000,28.16,22.78,33.76,0.75,3.39,9.54,61.85,9.54,0,37.74,0.073,2,0.002,faible
GN2025-02186,2025-03-07,2025,3,10,Kankan,Kankan,soudano-guinéen,10.39000,-9.31000,31.08,27.29,35.70,0.73,2.87,48.75,56.77,7.77,0,36.57,0.133,1,0.001,faible
GN2025-02187,2025-11-14,2025,11,46,Kankan,Kérouané,forestier,9.27000,-9.01000,26.81,21.41,32.49,2.78,202.27,705.64,78.23,10.67,7,85.76,1.000,18,0.019,eleve
GN2025-02188,2025-02-10,2025,2,7,Kankan,Kouroussa,soudano-guinéen,10.65000,-9.89000,29.85,24.32,32.96,0.35,11.47,20.97,61.29,13.50,1,34.75,0.144,3,0.003,faible
GN2025-02189,2025-08-17,2025,8,33,Kankan,Mandiana,soudano-guinéen,10.63000,-8.68000,26.87,22.54,32.00,39.68,57.48,218.71,82.08,9.13,6,57.47,0.696,7,0.007,moyen
GN2025-02190,2025-02-20,2025,2,8,Kankan,Siguiri,soudano-guinéen,11.42000,-9.17000,31.30,26.16,36.14,0.43,17.54,42.26,59.64,8.74,1,33.84,0.187,4,0.004,faible
GN2025-02191,2025-11-06,2025,11,45,Kindia,Coyah,côtier,9.71000,-13.38000,26.51,21.76,30.72,0.88,127.11,669.81,75.68,8.76,5,71.78,0.911,11,0.012,eleve
GN2025-02192,2025-06-24,2025,6,26,Kindia,Dubréka,côtier,9.79000,-13.52000,28.27,24.21,32.16,125.78,158.08,587.66,83.79,11.24,4,84.89,1.000,18,0.020,eleve
GN2025-02193,2025-10-05,2025,10,40,Kindia,Forécariah,côtier,9.43000,-13.09000,27.06,21.62,30.48,1.91,362.56,1242.62,70.12,7.61,7,98.00,1.000,14,0.015,eleve
GN2025-02194,2025-03-25,2025,3,13,Kindia,Kindia,côtier,10.06000,-12.87000,28.41,23.52,32.11,0.73,2.76,46.04,59.14,5.86,0,39.03,0.110,2,0.002,faible
GN2025-02195,2025-10-31,2025,10,44,Kindia,Télimélé,soudano-guinéen,10.91000,-13.04000,26.14,22.33,30.49,0.35,90.83,530.04,67.58,8.66,6,69.35,0.835,7,0.007,moyen
GN2025-02196,2025-09-02,2025,9,36,Labé,Koubia,montagneux,11.59000,-11.90000,24.08,21.01,29.80,28.14,158.03,689.69,69.98,9.31,6,78.29,1.000,6,0.005,eleve
GN2025-02197,2025-02-07,2025,2,6,Labé,Labé,montagneux,11.32000,-12.29000,25.59,20.06,29.39,0.12,14.86,65.69,55.47,12.35,1,33.08,0.164,2,0.002,faible
GN2025-02198,2025-11-19,2025,11,47,Labé,Lélouma,montagneux,11.18000,-12.48000,23.22,18.53,27.68,43.88,170.82,648.54,73.11,5.68,7,74.33,1.000,13,0.012,moyen
GN2025-02199,2025-09-04,2025,9,36,Labé,Mali,montagneux,12.08000,-12.30000,24.80,20.37,28.05,40.24,156.42,523.56,79.39,9.17,6,79.50,1.000,11,0.010,eleve
GN2025-02200,2025-09-30,2025,9,40,Labé,Tougué,montagneux,11.45000,-11.67000,23.99,20.08,28.58,21.94,50.68,375.31,80.34,6.77,5,70.34,0.547,7,0.006,moyen
GN2025-02201,2025-01-01,2025,1,1,Mamou,Dalaba,montagneux,10.69000,-12.25000,24.30,21.17,28.72,0.65,0.65,0.65,57.30,9.90,0,30.41,0.075,0,0.000,faible
GN2025-02202,2025-10-09,2025,10,41,Mamou,Mamou,montagneux,10.38000,-12.09000,24.96,21.73,28.96,57.73,147.35,535.96,88.26,4.47,7,78.53,1.000,9,0.009,eleve
GN2025-02203,2025-04-06,2025,4,14,Mamou,Pita,montagneux,11.06000,-12.40000,25.95,22.85,30.60,0.71,3.04,36.86,54.62,9.67,0,32.45,0.171,2,0.002,faible
GN2025-02204,2025-09-25,2025,9,39,Nzérékoré,Beyla,forestier,8.69000,-8.65000,26.50,23.42,30.81,0.93,128.01,694.85,77.39,9.10,6,90.87,0.968,12,0.012,eleve
GN2025-02205,2025-10-08,2025,10,41,Nzérékoré,Guéckédou,forestier,8.57000,-10.13000,26.70,22.31,31.38,5.02,114.00,977.73,82.58,7.43,7,90.22,1.000,10,0.011,eleve
GN2025-02206,2025-09-28,2025,9,39,Nzérékoré,Lola,forestier,7.80000,-8.53000,25.58,20.74,30.88,10.24,285.91,1524.33,71.44,10.51,7,98.00,1.000,13,0.014,eleve
GN2025-02207,2025-12-22,2025,12,52,Nzérékoré,Macenta,forestier,8.54000,-9.47000,25.78,21.31,29.41,10.39,258.78,1159.54,73.86,8.20,6,98.00,1.000,14,0.015,eleve
GN2025-02208,2025-12-17,2025,12,51,Nzérékoré,Nzérékoré,forestier,7.76000,-8.82000,24.70,21.15,29.67,39.87,245.60,832.02,79.53,6.79,6,97.44,1.000,12,0.013,eleve
GN2025-02209,2025-12-13,2025,12,50,Nzérékoré,Yomou,forestier,7.56000,-9.31000,24.99,19.53,29.79,3.94,194.08,1082.72,75.20,5.35,7,98.00,1.000,11,0.012,eleve
GN2025-02210,2025-12-01,2025,12,49,Conakry,Conakry,côtier,9.54000,-13.68000,26.12,22.50,31.29,81.92,187.03,1050.00,88.10,5.60,6,98.00,1.000,16,0.019,eleve
GN2025-02211,2025-04-16,2025,4,16,Boké,Boffa,côtier,10.18000,-14.04000,28.38,24.10,33.92,27.92,89.43,157.57,62.33,14.60,4,52.04,0.627,13,0.014,moyen
GN2025-02212,2025-01-27,2025,1,5,Boké,Boké,côtier,10.94000,-14.29000,29.34,25.51,34.21,0.51,16.79,24.39,58.13,13.60,1,44.44,0.243,4,0.004,faible
GN2025-02213,2025-10-30,2025,10,44,Boké,Fria,côtier,10.37000,-13.58000,26.40,22.26,31.79,21.26,89.70,254.55,76.86,7.42,7,70.31,0.857,12,0.012,moyen
GN2025-02214,2025-10-02,2025,10,40,Boké,Gaoual,soudano-guinéen,11.75000,-13.20000,28.18,23.90,32.54,0.51,88.87,342.36,77.74,12.43,6,71.94,0.800,7,0.007,moyen
GN2025-02215,2025-12-17,2025,12,51,Boké,Koundara,soudano-guinéen,12.48000,-13.30000,29.17,24.77,33.55,23.69,79.43,335.68,76.33,8.96,4,64.35,0.732,6,0.006,moyen
GN2025-02216,2025-10-23,2025,10,43,Faranah,Dabola,soudano-guinéen,10.75000,-11.11000,29.18,23.91,34.19,0.29,101.83,373.58,74.88,7.19,6,71.57,0.839,10,0.010,moyen
GN2025-02217,2025-07-02,2025,7,27,Faranah,Dinguiraye,soudano-guinéen,11.30000,-10.72000,28.15,22.94,31.58,2.60,36.59,412.64,66.64,9.80,6,56.57,0.590,10,0.009,moyen
GN2025-02218,2025-10-08,2025,10,41,Faranah,Faranah,soudano-guinéen,10.04000,-10.74000,27.69,24.30,31.43,36.05,73.50,510.33,78.45,7.32,6,75.75,0.740,10,0.010,eleve
GN2025-02219,2025-11-10,2025,11,46,Faranah,Kissidougou,forestier,9.18000,-10.10000,27.30,22.68,32.34,18.51,272.45,906.66,77.11,9.11,7,96.21,1.000,12,0.013,eleve
GN2025-02220,2025-09-06,2025,9,36,Kankan,Kankan,soudano-guinéen,10.39000,-9.31000,29.56,25.79,33.90,2.80,47.82,217.20,73.48,12.38,6,52.69,0.593,4,0.004,faible
GN2025-02221,2025-02-05,2025,2,6,Kankan,Kérouané,forestier,9.27000,-9.01000,29.06,23.72,33.73,0.58,3.38,19.03,59.69,10.07,0,38.24,0.130,3,0.003,faible
GN2025-02222,2025-07-23,2025,7,30,Kankan,Kouroussa,soudano-guinéen,10.65000,-9.89000,27.59,24.28,31.94,1.10,49.89,361.78,72.11,7.16,7,56.20,0.649,13,0.013,moyen
GN2025-02223,2025-10-21,2025,10,43,Kankan,Mandiana,soudano-guinéen,10.63000,-8.68000,28.57,23.56,33.53,2.07,67.18,284.47,75.60,4.71,6,58.55,0.674,9,0.009,moyen
GN2025-02224,2025-08-18,2025,8,34,Kankan,Siguiri,soudano-guinéen,11.42000,-9.17000,28.62,24.17,33.32,0.30,42.79,202.89,74.49,9.36,3,56.99,0.428,5,0.005,faible
GN2025-02225,2025-03-20,2025,3,12,Kindia,Coyah,côtier,9.71000,-13.38000,27.86,22.92,32.16,0.51,99.34,115.61,61.87,10.95,4,49.66,0.746,6,0.007,moyen
GN2025-02226,2025-01-29,2025,1,5,Kindia,Dubréka,côtier,9.79000,-13.52000,29.07,25.98,34.58,0.72,31.64,40.50,57.11,12.49,1,36.94,0.279,2,0.002,faible
GN2025-02227,2025-12-31,2025,12,1,Kindia,Forécariah,côtier,9.43000,-13.09000,27.30,24.30,31.76,89.25,200.57,626.66,83.66,8.57,7,84.85,1.000,22,0.024,eleve
GN2025-02228,2025-01-17,2025,1,3,Kindia,Kindia,côtier,10.06000,-12.87000,27.58,23.02,32.49,0.25,2.58,6.04,63.35,8.33,0,41.05,0.058,2,0.002,faible
GN2025-02229,2025-07-24,2025,7,30,Kindia,Télimélé,soudano-guinéen,10.91000,-13.04000,27.99,23.41,31.10,7.82,33.23,484.48,79.98,3.45,4,77.88,0.522,5,0.005,moyen
GN2025-02230,2025-08-03,2025,8,31,Labé,Koubia,montagneux,11.59000,-11.90000,24.34,19.82,30.13,26.19,88.20,437.55,77.53,6.21,5,64.58,0.745,8,0.007,moyen
GN2025-02231,2025-06-24,2025,6,26,Labé,Labé,montagneux,11.32000,-12.29000,25.25,20.75,28.70,0.39,48.93,428.03,64.97,3.20,5,57.71,0.533,13,0.012,moyen
GN2025-02232,2025-05-31,2025,5,22,Labé,Lélouma,montagneux,11.18000,-12.48000,23.69,20.01,29.29,2.55,28.97,82.54,75.23,9.98,6,53.72,0.521,8,0.007,faible
GN2025-02233,2025-02-20,2025,2,8,Labé,Mali,montagneux,12.08000,-12.30000,25.95,20.37,29.62,0.63,13.77,44.21,57.32,8.75,1,40.77,0.267,4,0.004,faible
GN2025-02234,2025-09-13,2025,9,37,Labé,Tougué,montagneux,11.45000,-11.67000,24.14,20.22,28.49,2.99,99.41,550.72,74.75,8.35,7,80.04,0.906,5,0.005,moyen
GN2025-02235,2025-06-19,2025,6,25,Mamou,Dalaba,montagneux,10.69000,-12.25000,23.77,20.23,27.65,1.21,11.87,278.39,75.27,11.24,4,64.58,0.287,6,0.006,faible
GN2025-02236,2025-10-21,2025,10,43,Mamou,Mamou,montagneux,10.38000,-12.09000,24.86,21.82,28.93,2.07,124.96,565.96,69.70,9.80,6,66.85,0.929,7,0.007,eleve
GN2025-02237,2025-09-28,2025,9,39,Mamou,Pita,montagneux,11.06000,-12.40000,24.70,20.61,29.07,1.64,110.00,455.00,74.17,6.95,6,68.92,0.874,10,0.009,moyen
GN2025-02238,2025-12-19,2025,12,51,Nzérékoré,Beyla,forestier,8.69000,-8.65000,26.87,22.08,29.95,36.10,153.21,533.52,76.49,8.11,6,75.41,1.000,13,0.013,eleve
GN2025-02239,2025-01-24,2025,1,4,Nzérékoré,Guéckédou,forestier,8.57000,-10.13000,26.94,21.84,30.95,0.13,13.94,20.27,55.62,13.70,1,35.55,0.213,4,0.004,faible
GN2025-02240,2025-10-26,2025,10,43,Nzérékoré,Lola,forestier,7.80000,-8.53000,24.73,19.54,30.07,3.34,102.93,1084.67,76.04,8.34,6,98.00,0.835,8,0.008,eleve
GN2025-02241,2025-04-29,2025,4,18,Nzérékoré,Macenta,forestier,8.54000,-9.47000,25.95,22.93,30.63,40.10,44.24,119.47,67.34,7.00,2,44.61,0.366,6,0.006,moyen
GN2025-02242,2025-11-04,2025,11,45,Nzérékoré,Nzérékoré,forestier,7.76000,-8.82000,25.82,21.53,30.42,2.45,105.04,739.68,72.28,5.85,5,80.97,0.773,7,0.008,eleve
GN2025-02243,2025-07-30,2025,7,31,Nzérékoré,Yomou,forestier,7.56000,-9.31000,25.41,20.00,30.68,137.70,281.14,927.16,86.53,10.08,6,98.00,1.000,15,0.016,eleve
GN2025-02244,2025-07-06,2025,7,27,Conakry,Conakry,côtier,9.54000,-13.68000,28.11,23.84,33.04,0.87,37.00,823.85,83.02,6.48,3,94.80,0.462,7,0.008,eleve
GN2025-02245,2025-03-11,2025,3,11,Boké,Boffa,côtier,10.18000,-14.04000,28.47,24.69,34.08,0.25,19.16,47.78,52.21,10.59,1,44.03,0.239,1,0.001,faible
GN2025-02246,2025-01-28,2025,1,5,Boké,Boké,côtier,10.94000,-14.29000,29.15,24.09,33.72,0.79,3.88,25.19,56.83,11.40,0,34.03,0.006,3,0.003,faible
GN2025-02247,2025-06-22,2025,6,25,Boké,Fria,côtier,10.37000,-13.58000,27.82,24.51,31.64,84.31,195.97,481.47,73.77,8.82,5,65.02,1.000,8,0.008,eleve
GN2025-02248,2025-07-18,2025,7,29,Boké,Gaoual,soudano-guinéen,11.75000,-13.20000,29.58,26.38,34.44,0.86,54.42,279.91,76.66,8.53,4,60.03,0.538,3,0.003,moyen
GN2025-02249,2025-04-28,2025,4,18,Boké,Koundara,soudano-guinéen,12.48000,-13.30000,29.36,25.19,34.85,0.55,3.04,43.38,62.65,9.75,1,42.08,0.149,2,0.002,faible
GN2025-02250,2025-06-30,2025,6,27,Faranah,Dabola,soudano-guinéen,10.75000,-11.11000,27.68,22.70,32.57,17.46,93.10,186.26,81.41,4.76,6,54.62,0.818,7,0.007,moyen
GN2025-02251,2025-06-14,2025,6,24,Faranah,Dinguiraye,soudano-guinéen,11.30000,-10.72000,27.92,24.52,31.36,1.39,137.59,399.82,75.40,10.92,6,63.80,1.000,8,0.008,eleve
GN2025-02252,2025-05-18,2025,5,20,Faranah,Faranah,soudano-guinéen,10.04000,-10.74000,28.07,24.55,31.56,0.03,20.34,265.91,62.11,7.91,3,58.79,0.291,6,0.006,faible
GN2025-02253,2025-07-10,2025,7,28,Faranah,Kissidougou,forestier,9.18000,-10.10000,26.92,23.28,31.42,62.65,127.15,627.61,79.51,4.46,5,87.88,0.921,10,0.011,eleve
GN2025-02254,2025-06-27,2025,6,26,Kankan,Kankan,soudano-guinéen,10.39000,-9.31000,28.55,25.42,32.04,0.39,41.88,291.67,72.63,11.50,5,65.96,0.505,7,0.007,moyen
GN2025-02255,2025-11-03,2025,11,45,Kankan,Kérouané,forestier,9.27000,-9.01000,27.66,23.32,32.43,52.64,135.58,709.60,76.61,11.75,4,80.71,0.875,16,0.016,eleve
GN2025-02256,2025-05-24,2025,5,21,Kankan,Kouroussa,soudano-guinéen,10.65000,-9.89000,28.73,24.88,32.67,12.12,20.22,99.44,61.79,4.95,5,45.56,0.422,7,0.007,faible
GN2025-02257,2025-05-07,2025,5,19,Kankan,Mandiana,soudano-guinéen,10.63000,-8.68000,28.83,25.50,31.96,7.40,27.50,62.16,66.99,5.92,4,41.79,0.345,10,0.010,faible
GN2025-02258,2025-04-24,2025,4,17,Kankan,Siguiri,soudano-guinéen,11.42000,-9.17000,30.59,27.26,35.38,0.13,5.72,61.65,63.56,9.30,1,51.65,0.166,4,0.004,faible
GN2025-02259,2025-07-15,2025,7,29,Kindia,Coyah,côtier,9.71000,-13.38000,26.53,23.34,30.33,16.30,231.74,715.34,78.56,6.23,6,83.22,1.000,21,0.024,eleve
GN2025-02260,2025-12-25,2025,12,52,Kindia,Dubréka,côtier,9.79000,-13.52000,27.57,24.15,31.16,56.35,323.16,1108.86,80.62,6.60,7,98.00,1.000,14,0.015,eleve
GN2025-02261,2025-08-25,2025,8,35,Kindia,Forécariah,côtier,9.43000,-13.09000,27.21,22.32,31.52,2.96,206.72,862.74,77.49,6.92,7,93.19,1.000,5,0.005,eleve
GN2025-02262,2025-05-29,2025,5,22,Kindia,Kindia,côtier,10.06000,-12.87000,26.70,21.97,31.31,1.67,88.20,371.28,67.18,7.75,5,60.70,0.756,5,0.005,moyen
GN2025-02263,2025-11-27,2025,11,48,Kindia,Télimélé,soudano-guinéen,10.91000,-13.04000,26.61,22.43,32.34,1.89,144.10,785.64,73.96,7.97,6,85.33,0.977,9,0.009,eleve
GN2025-02264,2025-06-10,2025,6,24,Labé,Koubia,montagneux,11.59000,-11.90000,24.86,19.57,29.72,1.84,17.34,170.14,77.83,7.53,5,57.46,0.449,11,0.010,faible
GN2025-02265,2025-11-15,2025,11,46,Labé,Labé,montagneux,11.32000,-12.29000,25.11,21.15,30.60,26.42,99.26,389.58,82.70,7.15,6,69.50,0.905,8,0.008,moyen
GN2025-02266,2025-03-24,2025,3,13,Labé,Lélouma,montagneux,11.18000,-12.48000,24.52,19.70,30.16,0.44,17.18,39.79,54.73,12.42,1,40.49,0.259,3,0.003,faible
GN2025-02267,2025-08-23,2025,8,34,Labé,Mali,montagneux,12.08000,-12.30000,24.74,20.52,28.06,2.82,117.33,459.90,71.84,8.93,6,61.57,0.868,11,0.010,moyen
GN2025-02268,2025-01-31,2025,1,5,Labé,Tougué,montagneux,11.45000,-11.67000,26.05,21.07,30.35,19.25,23.54,91.38,62.75,12.68,2,35.99,0.308,3,0.003,faible
GN2025-02269,2025-10-19,2025,10,42,Mamou,Dalaba,montagneux,10.69000,-12.25000,23.68,19.70,27.15,0.01,65.42,526.49,73.14,5.85,6,70.12,0.676,7,0.007,moyen
GN2025-02270,2025-01-07,2025,1,2,Mamou,Mamou,montagneux,10.38000,-12.09000,25.77,22.42,30.12,0.08,16.88,16.88,63.39,10.18,1,43.42,0.188,0,0.000,faible
GN2025-02271,2025-02-11,2025,2,7,Mamou,Pita,montagneux,11.06000,-12.40000,24.49,21.10,30.02,0.32,46.22,64.16,62.99,12.14,2,38.05,0.438,5,0.005,faible
GN2025-02272,2025-09-07,2025,9,36,Nzérékoré,Beyla,forestier,8.69000,-8.65000,25.80,20.36,31.48,38.00,168.00,647.11,80.59,6.13,7,82.72,1.000,14,0.014,eleve
GN2025-02273,2025-06-22,2025,6,25,Nzérékoré,Guéckédou,forestier,8.57000,-10.13000,26.73,21.61,31.39,2.39,201.30,824.31,79.32,9.78,7,89.89,1.000,18,0.020,eleve
GN2025-02274,2025-02-25,2025,2,9,Nzérékoré,Lola,forestier,7.80000,-8.53000,27.52,23.94,32.56,0.55,3.71,13.85,48.88,13.28,0,30.08,0.107,0,0.000,faible
GN2025-02275,2025-06-11,2025,6,24,Nzérékoré,Macenta,forestier,8.54000,-9.47000,25.14,20.61,30.17,1.76,244.07,482.91,71.04,7.44,7,62.35,1.000,7,0.008,eleve
GN2025-02276,2025-01-08,2025,1,2,Nzérékoré,Nzérékoré,forestier,7.76000,-8.82000,26.03,20.62,31.78,0.22,17.81,18.59,57.75,15.03,1,40.50,0.247,5,0.005,faible
GN2025-02277,2025-03-26,2025,3,13,Nzérékoré,Yomou,forestier,7.56000,-9.31000,27.22,22.85,31.74,28.61,73.37,202.17,60.24,7.83,2,51.20,0.552,6,0.006,moyen
GN2025-02278,2025-12-12,2025,12,50,Conakry,Conakry,côtier,9.54000,-13.68000,26.76,23.30,31.03,20.16,175.86,1129.60,83.01,8.12,7,98.00,1.000,7,0.008,eleve
GN2025-02279,2025-03-19,2025,3,12,Boké,Boffa,côtier,10.18000,-14.04000,29.32,26.18,32.81,0.32,11.29,55.85,57.37,8.58,1,45.27,0.183,0,0.000,faible
GN2025-02280,2025-05-14,2025,5,20,Boké,Boké,côtier,10.94000,-14.29000,28.13,23.29,33.91,46.83,81.43,198.33,71.92,10.47,6,54.95,0.737,16,0.016,moyen
GN2025-02281,2025-03-31,2025,3,14,Boké,Fria,côtier,10.37000,-13.58000,28.29,24.78,32.14,0.45,27.42,132.89,59.75,7.63,1,37.30,0.274,1,0.001,faible
GN2025-02282,2025-02-07,2025,2,6,Boké,Gaoual,soudano-guinéen,11.75000,-13.20000,30.55,27.18,35.80,0.05,1.63,83.49,61.01,13.44,0,43.73,0.121,2,0.002,faible
GN2025-02283,2025-05-21,2025,5,21,Boké,Koundara,soudano-guinéen,12.48000,-13.30000,28.98,25.14,32.38,2.24,26.29,130.26,62.51,8.81,3,42.60,0.276,5,0.005,faible
GN2025-02284,2025-04-14,2025,4,16,Faranah,Dabola,soudano-guinéen,10.75000,-11.11000,27.89,22.93,32.83,0.40,2.64,33.47,57.98,7.68,0,39.15,0.119,5,0.005,faible
GN2025-02285,2025-03-03,2025,3,10,Faranah,Dinguiraye,soudano-guinéen,11.30000,-10.72000,27.61,23.19,33.28,0.63,12.16,46.24,67.11,9.40,1,44.60,0.166,4,0.004,faible
GN2025-02286,2025-04-02,2025,4,14,Faranah,Faranah,soudano-guinéen,10.04000,-10.74000,29.04,23.95,32.51,0.57,3.42,43.36,62.35,12.42,0,47.53,0.174,5,0.005,faible
GN2025-02287,2025-05-22,2025,5,21,Faranah,Kissidougou,forestier,9.18000,-10.10000,27.59,23.90,32.07,1.74,66.80,211.70,58.58,8.60,5,47.03,0.684,5,0.005,faible
GN2025-02288,2025-07-29,2025,7,31,Kankan,Kankan,soudano-guinéen,10.39000,-9.31000,27.67,22.75,32.64,22.26,59.21,255.60,77.46,6.71,4,58.06,0.623,12,0.012,moyen
GN2025-02289,2025-02-25,2025,2,9,Kankan,Kérouané,forestier,9.27000,-9.01000,28.33,23.49,31.89,0.41,2.64,17.62,63.30,5.74,0,32.72,0.109,1,0.001,faible
GN2025-02290,2025-08-15,2025,8,33,Kankan,Kouroussa,soudano-guinéen,10.65000,-9.89000,29.11,25.43,34.73,2.26,13.69,211.38,76.09,10.44,3,59.59,0.280,3,0.003,faible
GN2025-02291,2025-07-26,2025,7,30,Kankan,Mandiana,soudano-guinéen,10.63000,-8.68000,28.46,24.54,32.22,0.57,44.99,264.67,72.78,8.86,5,55.88,0.549,8,0.008,faible
GN2025-02292,2025-04-14,2025,4,16,Kankan,Siguiri,soudano-guinéen,11.42000,-9.17000,29.99,25.72,35.35,14.37,42.59,67.27,59.95,10.99,2,40.23,0.356,5,0.005,faible
GN2025-02293,2025-11-06,2025,11,45,Kindia,Coyah,côtier,9.71000,-13.38000,26.51,21.76,30.72,0.88,127.11,669.81,75.68,8.76,5,77.75,0.881,15,0.017,eleve
GN2025-02294,2025-01-05,2025,1,1,Kindia,Dubréka,côtier,9.79000,-13.52000,28.77,24.35,33.60,0.24,2.11,2.11,63.99,13.04,0,42.64,0.135,3,0.003,faible
GN2025-02295,2025-09-01,2025,9,36,Kindia,Forécariah,côtier,9.43000,-13.09000,27.69,23.46,31.65,97.85,413.01,1141.26,89.12,4.88,7,98.00,1.000,23,0.025,eleve
GN2025-02296,2025-12-25,2025,12,52,Kindia,Kindia,côtier,10.06000,-12.87000,27.56,23.24,30.71,31.26,201.45,889.80,80.20,10.73,7,98.00,1.000,10,0.011,eleve
GN2025-02297,2025-01-09,2025,1,2,Kindia,Télimélé,soudano-guinéen,10.91000,-13.04000,28.92,24.50,32.33,20.04,23.14,23.64,54.65,9.15,1,38.96,0.177,2,0.002,faible
GN2025-02298,2025-11-11,2025,11,46,Labé,Koubia,montagneux,11.59000,-11.90000,25.01,21.95,29.94,1.16,145.95,567.47,69.09,8.54,7,71.43,1.000,8,0.007,moyen
GN2025-02299,2025-08-05,2025,8,32,Labé,Labé,montagneux,11.32000,-12.29000,24.46,21.23,30.05,19.59,86.08,554.11,73.35,12.21,7,75.47,0.787,11,0.010,moyen
GN2025-02300,2025-10-08,2025,10,41,Labé,Lélouma,montagneux,11.18000,-12.48000,23.40,18.15,27.16,1.95,65.18,562.50,72.57,9.37,6,77.27,0.618,6,0.006,moyen
GN2025-02301,2025-08-28,2025,8,35,Labé,Mali,montagneux,12.08000,-12.30000,24.57,20.72,28.76,0.34,30.75,465.80,76.04,10.78,5,69.42,0.474,7,0.006,faible
GN2025-02302,2025-03-22,2025,3,12,Labé,Tougué,montagneux,11.45000,-11.67000,26.20,22.19,30.11,0.11,6.52,54.67,54.87,10.51,1,43.20,0.134,3,0.003,faible
GN2025-02303,2025-09-09,2025,9,37,Mamou,Dalaba,montagneux,10.69000,-12.25000,23.24,19.26,27.22,40.20,245.18,744.81,82.27,9.34,7,85.11,1.000,9,0.008,eleve
GN2025-02304,2025-04-14,2025,4,16,Mamou,Mamou,montagneux,10.38000,-12.09000,24.87,20.37,30.07,0.32,14.29,55.92,63.25,9.92,1,49.29,0.164,3,0.003,faible
GN2025-02305,2025-10-22,2025,10,43,Mamou,Pita,montagneux,11.06000,-12.40000,24.79,20.45,30.51,1.48,31.81,438.31,81.22,8.05,6,69.50,0.550,8,0.008,moyen
GN2025-02306,2025-08-28,2025,8,35,Nzérékoré,Beyla,forestier,8.69000,-8.65000,25.66,22.51,30.58,74.57,158.81,832.80,75.19,3.61,5,71.92,1.000,10,0.010,eleve
GN2025-02307,2025-01-17,2025,1,3,Nzérékoré,Guéckédou,forestier,8.57000,-10.13000,27.41,23.10,32.13,0.49,2.78,6.34,57.98,15.14,0,29.53,0.145,3,0.003,faible
GN2025-02308,2025-03-06,2025,3,10,Nzérékoré,Lola,forestier,7.80000,-8.53000,26.82,22.98,31.81,0.46,92.41,103.58,57.47,9.11,4,42.46,0.696,4,0.004,moyen
GN2025-02309,2025-08-19,2025,8,34,Nzérékoré,Macenta,forestier,8.54000,-9.47000,24.27,20.30,27.85,2.38,290.68,1352.72,78.05,11.77,7,98.00,1.000,11,0.012,eleve
GN2025-02310,2025-02-19,2025,2,8,Nzérékoré,Nzérékoré,forestier,7.76000,-8.82000,27.80,22.63,31.02,0.37,2.27,58.17,65.80,11.51,0,45.58,0.040,2,0.002,faible
GN2025-02311,2025-11-22,2025,11,47,Nzérékoré,Yomou,forestier,7.56000,-9.31000,24.81,20.17,27.93,12.11,239.21,915.13,76.34,10.17,6,97.20,1.000,12,0.013,eleve
GN2025-02312,2025-02-28,2025,2,9,Conakry,Conakry,côtier,9.54000,-13.68000,28.89,25.66,32.18,0.80,52.32,80.80,54.10,9.62,1,39.16,0.338,5,0.006,faible
GN2025-02313,2025-12-20,2025,12,51,Boké,Boffa,côtier,10.18000,-14.04000,28.15,24.79,33.55,2.45,101.07,467.33,80.92,10.30,6,66.97,0.848,10,0.010,eleve
GN2025-02314,2025-04-28,2025,4,18,Boké,Boké,côtier,10.94000,-14.29000,29.38,24.44,35.16,17.77,63.82,86.35,59.81,8.52,4,45.25,0.532,7,0.007,faible
GN2025-02315,2025-11-19,2025,11,47,Boké,Fria,côtier,10.37000,-13.58000,27.99,23.97,31.01,40.15,169.71,600.41,79.76,7.58,7,75.61,1.000,17,0.017,eleve
GN2025-02316,2025-10-30,2025,10,44,Boké,Gaoual,soudano-guinéen,11.75000,-13.20000,28.29,24.59,31.37,11.98,29.63,268.02,73.04,6.71,6,61.90,0.522,6,0.006,faible
GN2025-02317,2025-10-27,2025,10,44,Boké,Koundara,soudano-guinéen,12.48000,-13.30000,28.77,24.62,33.04,1.67,42.30,179.29,79.40,10.68,6,56.38,0.568,5,0.005,moyen
GN2025-02318,2025-07-25,2025,7,30,Faranah,Dabola,soudano-guinéen,10.75000,-11.11000,27.96,24.51,32.05,1.44,90.61,324.95,75.20,11.14,7,56.60,0.849,9,0.009,moyen
GN2025-02319,2025-08-18,2025,8,34,Faranah,Dinguiraye,soudano-guinéen,11.30000,-10.72000,27.39,22.56,31.48,9.67,49.96,471.46,70.63,10.21,6,68.17,0.660,13,0.012,moyen
GN2025-02320,2025-05-21,2025,5,21,Faranah,Faranah,soudano-guinéen,10.04000,-10.74000,28.76,23.86,33.58,0.45,61.40,307.81,66.10,10.07,4,46.60,0.559,4,0.004,moyen
GN2025-02321,2025-07-11,2025,7,28,Faranah,Kissidougou,forestier,9.18000,-10.10000,26.19,22.99,30.33,83.49,205.37,700.62,82.55,8.58,5,97.86,1.000,18,0.019,eleve
GN2025-02322,2025-11-29,2025,11,48,Kankan,Kankan,soudano-guinéen,10.39000,-9.31000,29.94,25.95,33.46,1.61,19.72,185.65,77.70,7.39,7,54.65,0.500,7,0.007,faible
GN2025-02323,2025-07-22,2025,7,30,Kankan,Kérouané,forestier,9.27000,-9.01000,26.87,23.36,32.34,2.08,113.95,340.75,79.36,7.09,5,66.52,0.860,9,0.009,eleve
GN2025-02324,2025-02-13,2025,2,7,Kankan,Kouroussa,soudano-guinéen,10.65000,-9.89000,28.72,24.46,34.24,0.75,11.87,20.97,62.18,9.87,1,40.02,0.114,4,0.004,faible
GN2025-02325,2025-11-13,2025,11,46,Kankan,Mandiana,soudano-guinéen,10.63000,-8.68000,28.05,22.78,33.51,2.11,75.32,316.24,70.27,2.23,7,54.12,0.708,6,0.006,moyen
GN2025-02326,2025-09-11,2025,9,37,Kankan,Siguiri,soudano-guinéen,11.42000,-9.17000,30.82,27.39,34.76,5.04,24.62,227.05,74.81,9.12,6,44.27,0.459,12,0.011,faible
GN2025-02327,2025-07-24,2025,7,30,Kindia,Coyah,côtier,9.71000,-13.38000,27.25,22.98,30.96,5.37,180.21,740.18,64.26,11.39,5,75.40,1.000,15,0.017,eleve
GN2025-02328,2025-03-13,2025,3,11,Kindia,Dubréka,côtier,9.79000,-13.52000,29.89,26.02,34.73,0.69,3.39,12.01,61.36,13.07,0,35.85,0.155,2,0.002,faible
GN2025-02329,2025-12-30,2025,12,1,Kindia,Forécariah,côtier,9.43000,-13.09000,27.12,24.04,31.04,48.92,113.78,652.11,86.39,10.25,7,85.34,1.000,14,0.015,eleve
GN2025-02330,2025-02-09,2025,2,6,Kindia,Kindia,côtier,10.06000,-12.87000,28.23,24.16,32.44,5.62,9.13,19.03,56.40,12.85,2,43.13,0.250,7,0.007,faible
GN2025-02331,2025-10-13,2025,10,42,Kindia,Télimélé,soudano-guinéen,10.91000,-13.04000,27.86,24.57,31.14,14.53,191.07,604.64,79.43,7.04,6,78.69,1.000,12,0.012,eleve
GN2025-02332,2025-02-14,2025,2,7,Labé,Koubia,montagneux,11.59000,-11.90000,26.50,23.42,31.55,0.40,14.41,37.81,56.98,11.04,1,48.46,0.195,3,0.003,faible
GN2025-02333,2025-03-18,2025,3,12,Labé,Labé,montagneux,11.32000,-12.29000,24.40,21.13,30.03,0.41,20.21,72.31,70.12,11.90,1,54.64,0.176,4,0.004,faible
GN2025-02334,2025-01-06,2025,1,2,Labé,Lélouma,montagneux,11.18000,-12.48000,25.41,21.39,28.85,0.56,2.65,2.65,53.07,9.35,0,34.20,0.058,0,0.000,faible
GN2025-02335,2025-07-31,2025,7,31,Labé,Mali,montagneux,12.08000,-12.30000,24.09,20.90,28.29,33.84,44.45,342.04,75.71,9.82,6,63.61,0.569,10,0.009,moyen
GN2025-02336,2025-08-05,2025,8,32,Labé,Tougué,montagneux,11.45000,-11.67000,24.76,20.58,27.98,1.03,39.36,281.96,75.69,3.04,4,53.33,0.429,3,0.003,faible
GN2025-02337,2025-05-06,2025,5,19,Mamou,Dalaba,montagneux,10.69000,-12.25000,25.74,22.28,29.02,1.51,60.03,104.75,61.98,10.66,3,47.08,0.479,5,0.005,faible
GN2025-02338,2025-02-23,2025,2,8,Mamou,Mamou,montagneux,10.38000,-12.09000,27.45,23.33,32.47,0.31,1.77,13.93,59.87,13.17,0,46.06,0.061,4,0.004,faible
GN2025-02339,2025-06-23,2025,6,26,Mamou,Pita,montagneux,11.06000,-12.40000,24.58,19.10,28.79,45.19,145.08,373.22,78.75,8.42,7,63.26,1.000,6,0.006,eleve
GN2025-02340,2025-06-27,2025,6,26,Nzérékoré,Beyla,forestier,8.69000,-8.65000,25.98,21.83,30.68,61.74,222.07,456.77,76.68,11.34,6,55.29,1.000,11,0.011,eleve
GN2025-02341,2025-09-28,2025,9,39,Nzérékoré,Guéckédou,forestier,8.57000,-10.13000,26.14,20.87,30.69,102.43,286.28,752.98,90.03,5.20,7,90.41,1.000,14,0.015,eleve
GN2025-02342,2025-03-31,2025,3,14,Nzérékoré,Lola,forestier,7.80000,-8.53000,26.63,22.66,31.52,0.40,54.43,183.08,51.69,6.85,2,39.67,0.395,3,0.003,moyen
GN2025-02343,2025-04-21,2025,4,17,Nzérékoré,Macenta,forestier,8.54000,-9.47000,27.35,24.02,30.73,0.14,12.61,78.02,59.08,11.21,1,37.94,0.168,6,0.006,faible
GN2025-02344,2025-06-16,2025,6,25,Nzérékoré,Nzérékoré,forestier,7.76000,-8.82000,25.89,20.72,29.94,20.18,69.52,317.45,78.25,7.85,5,65.25,0.688,5,0.005,moyen
GN2025-02345,2025-09-13,2025,9,37,Nzérékoré,Yomou,forestier,7.56000,-9.31000,25.38,21.75,30.77,1.56,322.44,1414.25,74.25,3.17,7,98.00,1.000,9,0.010,eleve
GN2025-02346,2025-01-01,2025,1,1,Conakry,Conakry,côtier,9.54000,-13.68000,28.93,24.21,33.95,0.06,0.06,0.06,60.41,7.59,0,40.62,0.096,1,0.001,faible
GN2025-02347,2025-02-15,2025,2,7,Boké,Boffa,côtier,10.18000,-14.04000,28.62,24.74,31.99,0.28,2.88,27.06,54.43,7.92,0,42.56,0.133,6,0.006,faible
GN2025-02348,2025-02-22,2025,2,8,Boké,Boké,côtier,10.94000,-14.29000,30.35,25.36,35.91,0.10,36.40,79.68,53.90,6.74,2,35.77,0.332,4,0.004,faible
GN2025-02349,2025-01-01,2025,1,1,Boké,Fria,côtier,10.37000,-13.58000,29.07,26.05,34.79,0.23,0.23,0.23,56.14,12.66,0,35.07,0.075,4,0.004,faible
GN2025-02350,2025-04-10,2025,4,15,Boké,Gaoual,soudano-guinéen,11.75000,-13.20000,29.28,25.22,32.97,0.14,6.21,39.76,63.95,9.59,1,42.91,0.161,3,0.003,faible
GN2025-02351,2025-12-14,2025,12,50,Boké,Koundara,soudano-guinéen,12.48000,-13.30000,27.19,23.47,31.24,0.21,110.43,319.94,75.32,7.77,5,67.61,0.907,8,0.007,moyen
GN2025-02352,2025-04-02,2025,4,14,Faranah,Dabola,soudano-guinéen,10.75000,-11.11000,28.87,24.36,32.17,0.43,4.97,23.38,61.48,9.98,1,33.02,0.144,5,0.005,faible
GN2025-02353,2025-03-29,2025,3,13,Faranah,Dinguiraye,soudano-guinéen,11.30000,-10.72000,28.34,22.90,33.23,0.19,2.92,44.45,59.71,12.34,0,32.56,0.117,2,0.002,faible
GN2025-02354,2025-09-25,2025,9,39,Faranah,Faranah,soudano-guinéen,10.04000,-10.74000,28.68,25.34,32.47,59.49,200.84,531.22,85.70,9.56,5,74.18,1.000,14,0.014,eleve
GN2025-02355,2025-09-22,2025,9,39,Faranah,Kissidougou,forestier,9.18000,-10.10000,26.77,21.95,29.99,10.47,43.33,663.71,77.61,7.91,5,77.08,0.506,9,0.009,eleve
GN2025-02356,2025-10-22,2025,10,43,Kankan,Kankan,soudano-guinéen,10.39000,-9.31000,28.37,23.19,33.70,16.78,76.67,350.93,81.94,8.30,7,72.95,0.813,12,0.012,moyen
GN2025-02357,2025-02-19,2025,2,8,Kankan,Kérouané,forestier,9.27000,-9.01000,28.75,24.73,33.14,0.09,2.43,17.41,64.21,7.99,0,39.74,0.126,7,0.007,faible
GN2025-02358,2025-10-09,2025,10,41,Kankan,Kouroussa,soudano-guinéen,10.65000,-9.89000,28.56,23.82,33.97,0.42,16.37,302.92,83.41,10.54,2,63.24,0.293,13,0.013,faible
GN2025-02359,2025-10-29,2025,10,44,Kankan,Mandiana,soudano-guinéen,10.63000,-8.68000,28.85,23.74,32.94,13.38,104.59,294.83,71.28,5.10,7,57.39,0.925,13,0.013,moyen
GN2025-02360,2025-05-12,2025,5,20,Kankan,Siguiri,soudano-guinéen,11.42000,-9.17000,28.97,23.90,33.44,0.99,13.25,79.11,69.24,7.01,4,40.89,0.343,8,0.007,faible
GN2025-02361,2025-01-22,2025,1,4,Kindia,Coyah,côtier,9.71000,-13.38000,28.47,25.04,32.59,0.56,31.23,38.45,57.93,6.16,1,38.47,0.286,4,0.004,faible
GN2025-02362,2025-01-15,2025,1,3,Kindia,Dubréka,côtier,9.79000,-13.52000,29.51,26.17,34.68,0.79,3.47,6.61,59.73,13.38,0,41.30,0.070,1,0.001,faible
GN2025-02363,2025-04-06,2025,4,14,Kindia,Forécariah,côtier,9.43000,-13.09000,27.54,23.64,30.71,0.63,2.91,53.27,57.63,11.71,0,45.18,0.075,3,0.003,faible
GN2025-02364,2025-07-15,2025,7,29,Kindia,Kindia,côtier,10.06000,-12.87000,27.17,23.95,32.92,36.39,182.67,843.83,82.07,4.56,6,90.52,1.000,14,0.015,eleve
GN2025-02365,2025-09-19,2025,9,38,Kindia,Télimélé,soudano-guinéen,10.91000,-13.04000,27.23,23.44,32.77,1.31,298.70,632.15,75.11,7.52,7,74.73,1.000,16,0.016,eleve
GN2025-02366,2025-11-20,2025,11,47,Labé,Koubia,montagneux,11.59000,-11.90000,24.89,21.04,28.54,1.07,129.64,508.27,69.42,6.91,4,66.95,0.844,10,0.009,moyen
GN2025-02367,2025-02-01,2025,2,5,Labé,Labé,montagneux,11.32000,-12.29000,24.84,20.88,30.03,0.13,2.25,57.96,54.32,10.01,0,42.08,0.066,3,0.003,faible
GN2025-02368,2025-01-02,2025,1,1,Labé,Lélouma,montagneux,11.18000,-12.48000,23.95,18.87,29.32,0.61,1.12,1.12,56.25,10.08,0,42.16,0.063,3,0.003,faible
GN2025-02369,2025-03-15,2025,3,11,Labé,Mali,montagneux,12.08000,-12.30000,25.99,22.79,29.17,0.56,2.68,24.43,56.67,11.09,0,34.24,0.149,2,0.002,faible
GN2025-02370,2025-02-11,2025,2,7,Labé,Tougué,montagneux,11.45000,-11.67000,25.89,21.57,31.66,0.04,8.31,71.80,52.99,11.34,1,41.21,0.162,1,0.001,faible
GN2025-02371,2025-09-12,2025,9,37,Mamou,Dalaba,montagneux,10.69000,-12.25000,24.23,20.44,27.75,69.50,287.14,753.41,80.62,11.70,7,84.51,1.000,14,0.013,eleve
GN2025-02372,2025-07-23,2025,7,30,Mamou,Mamou,montagneux,10.38000,-12.09000,24.65,21.42,27.91,16.46,142.05,438.25,78.19,9.39,7,65.58,1.000,11,0.010,moyen
GN2025-02373,2025-09-01,2025,9,36,Mamou,Pita,montagneux,11.06000,-12.40000,24.75,20.02,29.07,0.43,69.54,482.87,78.13,4.02,3,67.24,0.575,1,0.001,moyen
GN2025-02374,2025-07-20,2025,7,29,Nzérékoré,Beyla,forestier,8.69000,-8.65000,27.20,23.51,32.26,2.40,76.39,541.53,79.31,6.38,6,81.58,0.730,9,0.009,moyen
GN2025-02375,2025-03-23,2025,3,12,Nzérékoré,Guéckédou,forestier,8.57000,-10.13000,26.28,22.80,30.38,0.50,18.29,62.09,68.43,12.06,1,39.71,0.195,4,0.004,faible
GN2025-02376,2025-10-04,2025,10,40,Nzérékoré,Lola,forestier,7.80000,-8.53000,25.24,19.69,30.28,53.77,197.62,1434.72,83.50,5.75,7,98.00,1.000,12,0.013,eleve
GN2025-02377,2025-12-01,2025,12,49,Nzérékoré,Macenta,forestier,8.54000,-9.47000,24.78,20.33,27.91,33.11,323.18,1430.83,67.51,7.35,7,98.00,1.000,11,0.012,eleve
GN2025-02378,2025-11-10,2025,11,46,Nzérékoré,Nzérékoré,forestier,7.76000,-8.82000,26.29,22.59,29.94,51.60,94.30,698.63,83.46,5.99,5,86.35,0.754,16,0.017,eleve
GN2025-02379,2025-06-06,2025,6,23,Nzérékoré,Yomou,forestier,7.56000,-9.31000,25.44,21.40,30.41,2.10,58.59,424.94,67.98,8.82,6,61.03,0.649,9,0.010,moyen
GN2025-02380,2025-06-01,2025,6,22,Conakry,Conakry,côtier,9.54000,-13.68000,28.72,24.73,32.92,29.86,150.32,405.45,74.57,11.22,7,65.56,1.000,12,0.014,eleve
GN2025-02381,2025-01-16,2025,1,3,Boké,Boffa,côtier,10.18000,-14.04000,28.06,23.53,31.70,0.28,2.66,8.88,56.11,8.09,0,43.80,0.120,4,0.004,faible
GN2025-02382,2025-05-27,2025,5,22,Boké,Boké,côtier,10.94000,-14.29000,30.17,25.39,34.57,0.14,15.53,191.38,65.71,10.60,5,54.30,0.357,4,0.004,faible
GN2025-02383,2025-03-04,2025,3,10,Boké,Fria,côtier,10.37000,-13.58000,27.84,24.11,32.75,5.11,56.45,127.02,63.73,7.26,2,47.71,0.359,6,0.006,faible
GN2025-02384,2025-07-08,2025,7,28,Boké,Gaoual,soudano-guinéen,11.75000,-13.20000,29.18,25.64,32.62,1.41,33.07,270.29,72.84,11.89,6,57.42,0.497,5,0.005,faible
GN2025-02385,2025-05-09,2025,5,19,Boké,Koundara,soudano-guinéen,12.48000,-13.30000,29.51,24.56,34.15,41.78,65.48,96.10,67.70,4.48,5,50.92,0.585,4,0.004,faible
GN2025-02386,2025-05-14,2025,5,20,Faranah,Dabola,soudano-guinéen,10.75000,-11.11000,28.78,23.46,34.17,0.07,9.50,253.95,69.46,9.05,4,51.34,0.287,9,0.009,faible
GN2025-02387,2025-08-11,2025,8,33,Faranah,Dinguiraye,soudano-guinéen,11.30000,-10.72000,26.63,23.00,30.47,54.72,182.33,486.68,80.71,5.22,7,75.69,1.000,13,0.012,eleve
GN2025-02388,2025-10-16,2025,10,42,Faranah,Faranah,soudano-guinéen,10.04000,-10.74000,27.65,22.18,33.15,29.81,43.15,487.66,71.45,15.67,4,67.73,0.473,3,0.003,moyen
GN2025-02389,2025-03-05,2025,3,10,Faranah,Kissidougou,forestier,9.18000,-10.10000,26.95,21.90,31.40,0.57,32.65,79.85,55.12,11.69,1,46.43,0.262,4,0.004,faible
GN2025-02390,2025-11-07,2025,11,45,Kankan,Kankan,soudano-guinéen,10.39000,-9.31000,28.98,25.09,34.65,24.56,37.54,293.31,76.51,10.70,4,54.56,0.442,8,0.008,moyen
GN2025-02391,2025-03-28,2025,3,13,Kankan,Kérouané,forestier,9.27000,-9.01000,27.75,23.50,31.52,0.72,2.84,27.97,58.73,8.67,0,34.69,0.079,3,0.003,faible
GN2025-02392,2025-06-13,2025,6,24,Kankan,Kouroussa,soudano-guinéen,10.65000,-9.89000,29.46,26.29,34.59,1.15,81.29,186.92,68.06,6.48,6,55.85,0.685,4,0.004,moyen
GN2025-02393,2025-04-08,2025,4,15,Kankan,Mandiana,soudano-guinéen,10.63000,-8.68000,29.31,25.18,32.55,0.16,12.71,40.46,58.27,8.56,1,34.26,0.213,6,0.006,faible
GN2025-02394,2025-09-05,2025,9,36,Kankan,Siguiri,soudano-guinéen,11.42000,-9.17000,30.97,25.90,35.37,1.81,82.20,210.78,76.36,5.52,5,58.00,0.760,3,0.003,moyen
GN2025-02395,2025-03-02,2025,3,9,Kindia,Coyah,côtier,9.71000,-13.38000,29.63,24.76,34.03,0.02,2.83,43.80,56.76,16.98,0,32.95,0.112,2,0.002,faible
GN2025-02396,2025-08-06,2025,8,32,Kindia,Dubréka,côtier,9.79000,-13.52000,26.29,22.43,31.10,2.56,200.69,1221.27,70.67,9.58,6,98.00,1.000,8,0.009,eleve
GN2025-02397,2025-02-07,2025,2,6,Kindia,Forécariah,côtier,9.43000,-13.09000,28.68,24.87,33.98,0.54,19.35,33.36,62.89,9.22,1,42.05,0.216,5,0.005,faible
GN2025-02398,2025-06-05,2025,6,23,Kindia,Kindia,côtier,10.06000,-12.87000,27.79,23.26,31.85,8.16,57.08,330.70,72.37,8.89,6,59.89,0.591,6,0.006,moyen
GN2025-02399,2025-03-27,2025,3,13,Kindia,Télimélé,soudano-guinéen,10.91000,-13.04000,28.16,22.99,32.10,0.35,2.35,64.35,56.82,10.36,0,48.38,0.055,4,0.004,faible
GN2025-02400,2025-04-10,2025,4,15,Labé,Koubia,montagneux,11.59000,-11.90000,25.70,22.57,29.47,0.40,3.42,103.42,61.23,9.49,0,37.71,0.083,3,0.003,faible
GN2025-02401,2025-03-26,2025,3,13,Labé,Labé,montagneux,11.32000,-12.29000,24.77,20.89,30.08,0.36,27.04,77.70,57.69,11.06,1,32.85,0.245,2,0.002,faible
GN2025-02402,2025-06-05,2025,6,23,Labé,Lélouma,montagneux,11.18000,-12.48000,24.21,20.07,29.45,2.84,22.84,98.50,72.50,5.71,6,47.52,0.401,4,0.004,faible
GN2025-02403,2025-12-05,2025,12,49,Labé,Mali,montagneux,12.08000,-12.30000,22.87,18.20,27.43,13.09,88.07,303.21,74.90,11.38,6,72.37,0.789,9,0.008,faible
GN2025-02404,2025-09-06,2025,9,36,Labé,Tougué,montagneux,11.45000,-11.67000,26.01,21.61,30.02,23.22,110.07,556.18,80.62,8.04,6,80.22,0.914,16,0.015,eleve
GN2025-02405,2025-01-17,2025,1,3,Mamou,Dalaba,montagneux,10.69000,-12.25000,26.73,21.24,30.93,12.46,19.23,22.03,55.19,9.07,2,38.93,0.277,5,0.005,faible
GN2025-02406,2025-12-17,2025,12,51,Mamou,Mamou,montagneux,10.38000,-12.09000,24.00,18.85,28.40,2.25,56.32,516.80,71.17,9.01,6,69.82,0.675,9,0.009,moyen
GN2025-02407,2025-05-16,2025,5,20,Mamou,Pita,montagneux,11.06000,-12.40000,25.27,22.22,28.35,1.53,16.45,225.07,64.37,11.41,5,46.18,0.391,6,0.006,faible
GN2025-02408,2025-10-18,2025,10,42,Nzérékoré,Beyla,forestier,8.69000,-8.65000,26.87,23.33,30.51,1.80,308.69,878.04,75.01,13.96,7,93.73,1.000,16,0.016,eleve
GN2025-02409,2025-12-11,2025,12,50,Nzérékoré,Guéckédou,forestier,8.57000,-10.13000,25.01,21.94,28.88,48.32,297.38,1258.78,78.26,7.97,7,98.00,1.000,13,0.014,eleve
GN2025-02410,2025-07-05,2025,7,27,Nzérékoré,Lola,forestier,7.80000,-8.53000,24.73,19.48,30.25,7.39,84.84,712.65,73.41,7.00,5,80.76,0.701,15,0.016,moyen
GN2025-02411,2025-02-23,2025,2,8,Nzérékoré,Macenta,forestier,8.54000,-9.47000,26.12,22.60,29.56,0.35,119.57,145.15,54.88,10.34,3,38.29,0.704,5,0.005,moyen
GN2025-02412,2025-07-26,2025,7,30,Nzérékoré,Nzérékoré,forestier,7.76000,-8.82000,25.50,20.19,30.44,2.72,269.72,992.87,78.83,10.97,7,92.38,1.000,8,0.009,eleve
GN2025-02413,2025-09-03,2025,9,36,Nzérékoré,Yomou,forestier,7.56000,-9.31000,25.73,22.15,29.43,89.75,507.11,1374.44,80.58,10.41,7,98.00,1.000,20,0.021,eleve
GN2025-02414,2025-10-08,2025,10,41,Conakry,Conakry,côtier,9.54000,-13.68000,27.97,24.09,32.01,0.34,155.44,693.26,78.86,10.07,6,82.51,1.000,9,0.010,eleve
GN2025-02415,2025-05-06,2025,5,19,Boké,Boffa,côtier,10.18000,-14.04000,27.90,22.65,33.59,2.13,52.30,180.62,64.23,7.60,3,46.30,0.453,4,0.004,faible
GN2025-02416,2025-03-09,2025,3,10,Boké,Boké,côtier,10.94000,-14.29000,30.96,25.69,35.91,0.64,3.14,55.84,58.54,7.73,0,38.88,0.055,1,0.001,faible
GN2025-02417,2025-06-06,2025,6,23,Boké,Fria,côtier,10.37000,-13.58000,27.69,23.09,31.79,9.15,122.69,402.90,69.48,8.91,6,60.03,0.866,7,0.007,eleve
GN2025-02418,2025-05-27,2025,5,22,Boké,Gaoual,soudano-guinéen,11.75000,-13.20000,27.99,24.51,31.39,0.53,10.78,55.93,65.67,6.69,5,47.39,0.332,5,0.005,faible
GN2025-02419,2025-01-14,2025,1,3,Boké,Koundara,soudano-guinéen,12.48000,-13.30000,30.71,26.08,34.99,0.54,3.00,17.80,53.43,13.16,0,37.37,0.169,3,0.003,faible
GN2025-02420,2025-11-20,2025,11,47,Faranah,Dabola,soudano-guinéen,10.75000,-11.11000,26.44,22.35,29.80,8.31,87.06,592.04,79.12,8.02,7,79.34,0.854,9,0.009,moyen
GN2025-02421,2025-07-14,2025,7,29,Faranah,Dinguiraye,soudano-guinéen,11.30000,-10.72000,26.99,22.94,32.02,27.22,67.06,282.78,77.44,6.97,6,62.48,0.732,5,0.005,moyen
GN2025-02422,2025-01-28,2025,1,5,Faranah,Faranah,soudano-guinéen,10.04000,-10.74000,28.44,23.22,34.09,0.67,2.90,49.22,52.23,9.11,0,41.48,0.079,3,0.003,faible
GN2025-02423,2025-05-12,2025,5,20,Faranah,Kissidougou,forestier,9.18000,-10.10000,28.74,24.15,32.28,1.01,81.71,168.50,64.99,14.13,7,44.91,0.741,11,0.012,moyen
GN2025-02424,2025-07-23,2025,7,30,Kankan,Kankan,soudano-guinéen,10.39000,-9.31000,29.72,26.59,34.97,2.56,11.11,238.85,75.62,7.80,4,56.81,0.326,9,0.009,faible
GN2025-02425,2025-04-05,2025,4,14,Kankan,Kérouané,forestier,9.27000,-9.01000,28.60,25.28,31.83,20.40,22.18,46.93,66.28,10.97,1,46.50,0.221,8,0.008,faible
GN2025-02426,2025-07-09,2025,7,28,Kankan,Kouroussa,soudano-guinéen,10.65000,-9.89000,28.65,23.79,32.24,8.13,24.86,339.32,73.21,9.74,6,60.09,0.492,10,0.010,faible
GN2025-02427,2025-05-09,2025,5,19,Kankan,Mandiana,soudano-guinéen,10.63000,-8.68000,29.46,24.77,35.17,1.11,30.34,59.45,63.83,12.69,6,46.03,0.597,6,0.006,faible
GN2025-02428,2025-09-11,2025,9,37,Kankan,Siguiri,soudano-guinéen,11.42000,-9.17000,30.82,27.39,34.76,5.04,24.62,227.05,74.81,9.12,6,61.96,0.462,4,0.004,faible
GN2025-02429,2025-09-19,2025,9,38,Kindia,Coyah,côtier,9.71000,-13.38000,27.78,23.67,32.06,14.36,202.75,1004.78,68.29,7.00,7,98.00,1.000,14,0.016,eleve
GN2025-02430,2025-03-14,2025,3,11,Kindia,Dubréka,côtier,9.79000,-13.52000,29.02,25.36,33.73,0.00,3.05,11.78,59.32,9.09,0,40.90,0.067,2,0.002,faible
GN2025-02431,2025-05-16,2025,5,20,Kindia,Forécariah,côtier,9.43000,-13.09000,28.73,24.92,32.46,64.36,142.44,395.13,77.91,11.51,7,70.63,1.000,12,0.013,eleve
GN2025-02432,2025-10-24,2025,10,43,Kindia,Kindia,côtier,10.06000,-12.87000,26.07,22.91,30.13,12.10,290.23,1043.63,80.20,5.67,6,98.00,1.000,22,0.023,eleve
GN2025-02433,2025-01-01,2025,1,1,Kindia,Télimélé,soudano-guinéen,10.91000,-13.04000,29.18,25.31,32.23,0.48,0.48,0.48,61.16,11.81,0,34.68,0.118,1,0.001,faible
GN2025-02434,2025-07-24,2025,7,30,Labé,Koubia,montagneux,11.59000,-11.90000,23.84,18.81,28.34,2.25,93.36,385.99,77.02,9.70,6,60.29,0.831,5,0.005,moyen
GN2025-02435,2025-11-22,2025,11,47,Labé,Labé,montagneux,11.32000,-12.29000,25.10,20.50,29.48,37.80,145.12,387.62,83.18,5.30,7,76.99,1.000,11,0.010,eleve
GN2025-02436,2025-11-04,2025,11,45,Labé,Lélouma,montagneux,11.18000,-12.48000,23.78,18.67,29.48,63.98,224.56,549.05,87.09,7.66,5,74.05,1.000,13,0.012,eleve
GN2025-02437,2025-02-02,2025,2,5,Labé,Mali,montagneux,12.08000,-12.30000,25.70,22.53,30.89,21.25,23.48,41.77,67.34,9.61,1,46.76,0.227,2,0.002,faible
GN2025-02438,2025-03-09,2025,3,10,Labé,Tougué,montagneux,11.45000,-11.67000,24.97,20.08,28.39,0.02,2.31,48.65,60.51,12.70,0,39.18,0.109,4,0.004,faible
GN2025-02439,2025-07-05,2025,7,27,Mamou,Dalaba,montagneux,10.69000,-12.25000,24.87,21.56,28.15,2.27,93.31,268.09,75.31,6.08,6,57.08,0.838,8,0.007,moyen
GN2025-02440,2025-05-14,2025,5,20,Mamou,Mamou,montagneux,10.38000,-12.09000,25.74,22.73,30.40,0.38,14.45,41.15,58.42,8.83,5,39.67,0.396,5,0.005,faible
GN2025-02441,2025-01-07,2025,1,2,Mamou,Pita,montagneux,11.06000,-12.40000,25.95,20.63,31.64,0.39,19.83,19.83,59.73,10.84,1,41.24,0.229,3,0.003,faible
GN2025-02442,2025-02-01,2025,2,5,Nzérékoré,Beyla,forestier,8.69000,-8.65000,28.35,22.93,31.69,0.20,10.95,65.16,59.46,7.46,1,43.43,0.181,8,0.008,faible
GN2025-02443,2025-08-20,2025,8,34,Nzérékoré,Guéckédou,forestier,8.57000,-10.13000,25.60,20.99,30.21,1.42,89.83,1070.74,69.10,6.43,6,96.05,0.782,14,0.015,eleve
GN2025-02444,2025-09-14,2025,9,37,Nzérékoré,Lola,forestier,7.80000,-8.53000,24.98,19.40,28.52,2.20,370.29,1188.44,71.44,10.74,7,98.00,1.000,14,0.015,eleve
GN2025-02445,2025-02-11,2025,2,7,Nzérékoré,Macenta,forestier,8.54000,-9.47000,26.90,23.71,30.45,0.30,2.91,26.39,55.81,10.71,0,41.34,0.058,2,0.002,faible
GN2025-02446,2025-01-29,2025,1,5,Nzérékoré,Nzérékoré,forestier,7.76000,-8.82000,27.59,22.04,30.64,0.35,28.49,52.29,54.29,9.59,1,41.21,0.175,2,0.002,faible
GN2025-02447,2025-10-06,2025,10,41,Nzérékoré,Yomou,forestier,7.56000,-9.31000,25.73,20.68,30.77,86.82,350.95,1244.82,89.13,14.31,7,98.00,1.000,14,0.015,eleve
GN2025-02448,2025-08-27,2025,8,35,Conakry,Conakry,côtier,9.54000,-13.68000,27.72,24.27,32.57,19.38,387.97,1068.28,77.23,12.04,5,98.00,1.000,19,0.022,eleve
GN2025-02449,2025-06-15,2025,6,24,Boké,Boffa,côtier,10.18000,-14.04000,27.44,23.30,30.84,2.61,21.16,212.40,70.61,9.56,5,52.36,0.399,1,0.001,faible
GN2025-02450,2025-12-10,2025,12,50,Boké,Boké,côtier,10.94000,-14.29000,28.27,24.06,32.44,2.44,123.28,613.77,80.44,4.73,7,76.88,1.000,11,0.011,eleve
GN2025-02451,2025-11-05,2025,11,45,Boké,Fria,côtier,10.37000,-13.58000,27.13,21.69,31.44,2.65,154.74,349.25,77.96,7.79,7,68.87,1.000,8,0.008,eleve
GN2025-02452,2025-09-22,2025,9,39,Boké,Gaoual,soudano-guinéen,11.75000,-13.20000,28.65,25.61,31.83,2.13,82.82,324.14,70.23,5.58,5,65.27,0.677,8,0.008,moyen
GN2025-02453,2025-05-28,2025,5,22,Boké,Koundara,soudano-guinéen,12.48000,-13.30000,29.06,24.99,34.56,1.98,37.66,164.89,73.36,5.75,7,62.02,0.559,14,0.013,faible
GN2025-02454,2025-04-23,2025,4,17,Faranah,Dabola,soudano-guinéen,10.75000,-11.11000,28.35,23.50,33.99,0.22,15.78,55.25,54.97,5.11,1,45.72,0.140,6,0.006,faible
GN2025-02455,2025-09-13,2025,9,37,Faranah,Dinguiraye,soudano-guinéen,11.30000,-10.72000,28.34,25.22,32.65,2.27,135.86,379.95,73.39,9.40,6,63.98,0.994,8,0.008,eleve
GN2025-02456,2025-11-26,2025,11,48,Faranah,Faranah,soudano-guinéen,10.04000,-10.74000,27.50,23.86,31.87,1.95,61.76,490.08,82.71,7.44,6,73.09,0.609,9,0.009,moyen
GN2025-02457,2025-09-30,2025,9,40,Faranah,Kissidougou,forestier,9.18000,-10.10000,25.01,20.47,29.06,1.26,173.91,688.83,84.93,6.64,7,83.64,1.000,9,0.009,eleve
GN2025-02458,2025-06-05,2025,6,23,Kankan,Kankan,soudano-guinéen,10.39000,-9.31000,29.18,24.57,32.99,0.05,111.21,244.60,60.70,11.20,6,48.69,0.932,12,0.012,moyen
GN2025-02459,2025-08-30,2025,8,35,Kankan,Kérouané,forestier,9.27000,-9.01000,26.91,23.17,31.27,81.23,195.26,593.10,84.08,7.80,6,90.43,1.000,23,0.024,eleve
GN2025-02460,2025-12-17,2025,12,51,Kankan,Kouroussa,soudano-guinéen,10.65000,-9.89000,29.02,23.59,34.58,2.78,52.86,354.73,80.71,4.21,5,70.21,0.584,8,0.008,moyen
GN2025-02461,2025-11-14,2025,11,46,Kankan,Mandiana,soudano-guinéen,10.63000,-8.68000,28.68,24.12,34.39,1.70,75.57,316.52,71.48,9.34,7,65.23,0.817,7,0.007,moyen
GN2025-02462,2025-12-09,2025,12,50,Kankan,Siguiri,soudano-guinéen,11.42000,-9.17000,29.47,26.01,33.77,0.99,20.92,133.54,78.59,8.09,4,47.94,0.392,3,0.003,faible
GN2025-02463,2025-05-23,2025,5,21,Kindia,Coyah,côtier,9.71000,-13.38000,27.52,23.39,31.60,2.69,21.43,136.70,65.83,10.40,6,42.18,0.422,3,0.003,faible
GN2025-02464,2025-07-15,2025,7,29,Kindia,Dubréka,côtier,9.79000,-13.52000,27.69,23.38,31.03,166.92,271.88,690.64,81.75,9.55,6,77.87,1.000,6,0.007,eleve
GN2025-02465,2025-08-28,2025,8,35,Kindia,Forécariah,côtier,9.43000,-13.09000,26.65,21.98,31.01,50.89,135.52,883.94,76.82,9.26,7,94.27,1.000,19,0.021,eleve
GN2025-02466,2025-05-15,2025,5,20,Kindia,Kindia,côtier,10.06000,-12.87000,26.35,22.28,29.52,1.37,101.38,298.27,66.94,9.01,5,48.74,0.827,8,0.008,moyen
GN2025-02467,2025-06-11,2025,6,24,Kindia,Télimélé,soudano-guinéen,10.91000,-13.04000,28.85,23.70,33.40,0.92,122.11,277.91,67.57,7.00,6,56.67,0.858,5,0.005,moyen
GN2025-02468,2025-10-02,2025,10,40,Labé,Koubia,montagneux,11.59000,-11.90000,24.52,21.04,29.90,2.88,23.56,279.87,72.03,8.08,7,64.79,0.543,4,0.004,faible
GN2025-02469,2025-12-28,2025,12,52,Labé,Labé,montagneux,11.32000,-12.29000,24.47,19.76,28.89,0.17,117.09,541.88,70.62,5.29,6,77.10,0.825,6,0.006,moyen
GN2025-02470,2025-04-27,2025,4,17,Labé,Lélouma,montagneux,11.18000,-12.48000,24.12,20.07,28.21,0.38,2.89,75.42,66.81,11.41,0,43.08,0.130,2,0.002,faible
GN2025-02471,2025-04-17,2025,4,16,Labé,Mali,montagneux,12.08000,-12.30000,25.30,22.14,29.88,16.32,33.44,51.23,65.46,11.24,2,39.48,0.367,6,0.005,faible
GN2025-02472,2025-08-08,2025,8,32,Labé,Tougué,montagneux,11.45000,-11.67000,24.41,18.91,27.52,8.67,20.01,283.82,81.54,7.54,3,66.46,0.359,7,0.006,moyen
GN2025-02473,2025-11-04,2025,11,45,Mamou,Dalaba,montagneux,10.69000,-12.25000,24.11,19.97,29.50,79.25,125.52,498.53,94.73,8.77,6,84.03,1.000,8,0.007,eleve
GN2025-02474,2025-02-13,2025,2,7,Mamou,Mamou,montagneux,10.38000,-12.09000,25.43,20.97,29.37,0.16,2.07,44.40,57.39,12.22,0,41.60,0.050,3,0.003,faible
GN2025-02475,2025-12-17,2025,12,51,Mamou,Pita,montagneux,11.06000,-12.40000,22.20,19.11,26.02,0.99,87.21,548.46,83.65,6.62,5,80.10,0.767,7,0.007,moyen
GN2025-02476,2025-12-25,2025,12,52,Nzérékoré,Beyla,forestier,8.69000,-8.65000,25.24,21.16,28.66,10.98,161.12,605.81,74.22,6.02,5,80.32,1.000,12,0.012,eleve
GN2025-02477,2025-02-08,2025,2,6,Nzérékoré,Guéckédou,forestier,8.57000,-10.13000,28.08,23.67,32.44,0.33,2.59,48.95,52.23,7.97,0,40.76,0.125,2,0.002,faible
GN2025-02478,2025-03-17,2025,3,12,Nzérékoré,Lola,forestier,7.80000,-8.53000,26.80,21.57,29.94,0.17,2.54,107.07,63.12,6.90,0,43.34,0.090,4,0.004,faible
GN2025-02479,2025-12-24,2025,12,52,Nzérékoré,Macenta,forestier,8.54000,-9.47000,25.35,22.09,30.78,1.56,200.98,1042.96,71.85,5.48,6,98.00,1.000,11,0.012,eleve
GN2025-02480,2025-02-17,2025,2,8,Nzérékoré,Nzérékoré,forestier,7.76000,-8.82000,26.45,21.83,29.65,0.07,2.12,58.44,54.14,7.20,0,38.78,0.079,8,0.009,faible
GN2025-02481,2025-02-11,2025,2,7,Nzérékoré,Yomou,forestier,7.56000,-9.31000,27.06,22.82,32.49,0.19,7.10,30.70,61.77,9.87,1,46.86,0.156,3,0.003,faible
GN2025-02482,2025-08-15,2025,8,33,Conakry,Conakry,côtier,9.54000,-13.68000,27.74,23.52,31.54,25.62,149.42,966.63,83.54,6.55,6,96.13,1.000,12,0.014,eleve
GN2025-02483,2025-07-02,2025,7,27,Boké,Boffa,côtier,10.18000,-14.04000,26.80,22.35,29.87,73.20,104.03,334.67,82.83,9.15,6,65.75,0.908,10,0.010,eleve
GN2025-02484,2025-08-06,2025,8,32,Boké,Boké,côtier,10.94000,-14.29000,27.80,22.98,32.69,28.33,63.86,386.49,79.92,8.65,4,68.26,0.617,9,0.009,moyen
GN2025-02485,2025-05-11,2025,5,19,Boké,Fria,côtier,10.37000,-13.58000,28.57,23.82,31.64,23.43,125.09,264.64,70.64,7.12,7,50.29,0.934,13,0.013,eleve
GN2025-02486,2025-07-16,2025,7,29,Boké,Gaoual,soudano-guinéen,11.75000,-13.20000,28.35,23.69,32.12,0.46,56.60,283.61,74.36,5.85,6,47.55,0.617,7,0.007,moyen
GN2025-02487,2025-05-28,2025,5,22,Boké,Koundara,soudano-guinéen,12.48000,-13.30000,29.06,24.99,34.56,1.98,37.66,164.89,73.36,5.75,7,55.30,0.622,10,0.009,faible
GN2025-02488,2025-07-27,2025,7,30,Faranah,Dabola,soudano-guinéen,10.75000,-11.11000,28.82,24.69,33.56,2.71,76.45,320.92,75.90,8.80,7,56.89,0.765,6,0.006,moyen
GN2025-02489,2025-05-18,2025,5,20,Faranah,Dinguiraye,soudano-guinéen,11.30000,-10.72000,28.29,23.91,31.63,0.79,105.60,181.39,64.03,7.84,4,50.21,0.771,5,0.005,moyen
GN2025-02490,2025-04-03,2025,4,14,Faranah,Faranah,soudano-guinéen,10.04000,-10.74000,28.80,24.85,33.99,0.07,3.12,42.70,58.73,12.20,0,47.59,0.055,3,0.003,faible
GN2025-02491,2025-09-25,2025,9,39,Faranah,Kissidougou,forestier,9.18000,-10.10000,26.35,21.04,31.32,4.61,124.51,704.97,73.62,9.17,6,91.32,0.951,5,0.005,eleve
GN2025-02492,2025-12-14,2025,12,50,Kankan,Kankan,soudano-guinéen,10.39000,-9.31000,28.06,23.49,32.33,18.30,163.57,407.43,79.00,9.86,5,71.69,1.000,10,0.010,eleve
GN2025-02493,2025-10-02,2025,10,40,Kankan,Kérouané,forestier,9.27000,-9.01000,26.71,21.62,31.52,1.60,185.53,643.24,79.25,10.89,7,81.12,1.000,10,0.010,eleve
GN2025-02494,2025-01-16,2025,1,3,Kankan,Kouroussa,soudano-guinéen,10.65000,-9.89000,30.32,25.64,33.71,0.59,5.96,9.75,56.13,8.72,1,35.72,0.139,4,0.004,faible
GN2025-02495,2025-11-05,2025,11,45,Kankan,Mandiana,soudano-guinéen,10.63000,-8.68000,29.04,25.28,33.67,28.58,54.22,270.03,71.64,7.07,6,57.98,0.569,6,0.006,moyen
GN2025-02496,2025-10-31,2025,10,44,Kankan,Siguiri,soudano-guinéen,11.42000,-9.17000,29.28,24.17,34.99,0.67,71.06,203.69,76.50,8.57,5,56.79,0.633,9,0.008,moyen
GN2025-02497,2025-09-25,2025,9,39,Kindia,Coyah,côtier,9.71000,-13.38000,27.35,23.83,31.49,61.13,248.53,1042.61,83.56,7.63,6,98.00,1.000,10,0.011,eleve
GN2025-02498,2025-06-19,2025,6,25,Kindia,Dubréka,côtier,9.79000,-13.52000,27.88,23.90,31.72,0.47,145.05,438.76,66.15,7.48,5,64.60,0.977,8,0.009,eleve
GN2025-02499,2025-03-20,2025,3,12,Kindia,Forécariah,côtier,9.43000,-13.09000,27.28,23.49,31.57,0.52,20.03,98.00,57.92,11.11,1,47.92,0.231,1,0.001,faible
GN2025-02500,2025-01-01,2025,1,1,Kindia,Kindia,côtier,10.06000,-12.87000,27.87,24.78,33.29,0.63,0.63,0.63,53.15,9.52,0,37.37,0.054,3,0.003,faible
GN2025-02501,2025-08-06,2025,8,32,Kindia,Télimélé,soudano-guinéen,10.91000,-13.04000,26.66,22.80,31.48,29.18,78.06,479.03,80.21,14.55,6,74.63,0.753,6,0.006,eleve
GN2025-02502,2025-08-26,2025,8,35,Labé,Koubia,montagneux,11.59000,-11.90000,25.22,19.76,28.35,17.45,318.02,619.86,76.25,7.94,6,84.19,1.000,9,0.008,eleve
GN2025-02503,2025-03-24,2025,3,13,Labé,Labé,montagneux,11.32000,-12.29000,24.51,19.39,29.36,0.75,2.84,70.41,58.48,8.00,0,42.18,0.138,3,0.003,faible
GN2025-02504,2025-08-03,2025,8,31,Labé,Lélouma,montagneux,11.18000,-12.48000,24.00,20.08,28.16,0.78,18.40,500.49,72.93,5.32,4,66.75,0.349,5,0.005,faible
GN2025-02505,2025-07-09,2025,7,28,Labé,Mali,montagneux,12.08000,-12.30000,25.40,19.94,31.04,17.21,128.77,377.31,75.56,7.75,6,63.40,0.949,3,0.003,moyen
GN2025-02506,2025-03-31,2025,3,14,Labé,Tougué,montagneux,11.45000,-11.67000,25.90,22.60,30.05,0.63,15.63,44.18,53.24,9.82,1,31.25,0.134,2,0.002,faible
GN2025-02507,2025-11-16,2025,11,46,Mamou,Dalaba,montagneux,10.69000,-12.25000,24.07,18.79,27.41,32.02,114.50,399.00,79.99,5.46,7,67.29,0.972,9,0.008,moyen
GN2025-02508,2025-12-20,2025,12,51,Mamou,Mamou,montagneux,10.38000,-12.09000,24.78,21.73,28.66,73.20,140.79,556.33,78.88,8.58,7,70.80,1.000,11,0.010,moyen
GN2025-02509,2025-03-18,2025,3,12,Mamou,Pita,montagneux,11.06000,-12.40000,25.54,21.97,29.21,0.49,27.91,84.25,61.91,9.70,1,49.68,0.185,3,0.003,faible
GN2025-02510,2025-02-27,2025,2,9,Nzérékoré,Beyla,forestier,8.69000,-8.65000,27.44,23.55,30.66,0.12,20.55,78.36,62.92,9.61,1,50.13,0.239,5,0.005,faible
GN2025-02511,2025-10-18,2025,10,42,Nzérékoré,Guéckédou,forestier,8.57000,-10.13000,24.57,21.22,30.27,40.76,116.66,947.55,84.76,10.09,7,93.41,1.000,18,0.020,eleve
GN2025-02512,2025-12-21,2025,12,51,Nzérékoré,Lola,forestier,7.80000,-8.53000,23.93,18.72,28.70,34.66,231.76,1046.18,80.20,6.00,7,98.00,1.000,13,0.014,eleve
GN2025-02513,2025-02-03,2025,2,6,Nzérékoré,Macenta,forestier,8.54000,-9.47000,26.32,20.95,29.42,0.36,16.94,27.62,62.15,9.50,1,40.38,0.145,4,0.004,faible
GN2025-02514,2025-01-24,2025,1,4,Nzérékoré,Nzérékoré,forestier,7.76000,-8.82000,25.88,21.32,29.42,25.26,27.42,49.62,57.19,15.53,1,33.55,0.201,3,0.003,faible
GN2025-02515,2025-04-25,2025,4,17,Nzérékoré,Yomou,forestier,7.56000,-9.31000,26.38,22.95,29.87,0.49,45.34,154.96,63.47,9.18,3,48.54,0.381,7,0.007,faible
GN2025-02516,2025-02-23,2025,2,8,Conakry,Conakry,côtier,9.54000,-13.68000,28.43,23.85,32.33,49.32,52.23,80.07,67.35,12.73,1,41.43,0.300,3,0.003,moyen
GN2025-02517,2025-02-03,2025,2,6,Boké,Boffa,côtier,10.18000,-14.04000,28.55,24.21,33.84,0.39,17.35,26.83,56.35,11.10,1,42.69,0.219,4,0.004,faible
GN2025-02518,2025-12-27,2025,12,52,Boké,Boké,côtier,10.94000,-14.29000,28.62,25.31,33.63,2.37,81.29,254.76,74.06,12.19,6,65.63,0.774,9,0.009,moyen
GN2025-02519,2025-06-21,2025,6,25,Boké,Fria,côtier,10.37000,-13.58000,27.29,22.64,31.29,0.21,113.80,397.25,69.20,7.85,5,66.51,0.854,5,0.005,moyen
GN2025-02520,2025-04-27,2025,4,17,Boké,Gaoual,soudano-guinéen,11.75000,-13.20000,28.80,23.54,33.65,0.64,27.91,104.16,62.52,6.06,3,41.82,0.313,5,0.005,faible
GN2025-02521,2025-07-17,2025,7,29,Boké,Koundara,soudano-guinéen,12.48000,-13.30000,30.18,25.85,33.72,2.74,13.19,95.92,78.20,7.00,5,51.56,0.384,4,0.004,faible
GN2025-02522,2025-12-06,2025,12,49,Faranah,Dabola,soudano-guinéen,10.75000,-11.11000,27.53,24.00,31.38,3.39,60.89,399.89,76.93,8.09,6,69.36,0.733,10,0.010,moyen
GN2025-02523,2025-05-09,2025,5,19,Faranah,Dinguiraye,soudano-guinéen,11.30000,-10.72000,27.67,24.04,31.78,1.89,65.97,87.95,60.73,7.57,4,47.12,0.497,9,0.008,faible
GN2025-02524,2025-11-08,2025,11,45,Faranah,Faranah,soudano-guinéen,10.04000,-10.74000,28.03,22.99,33.44,0.17,76.31,394.71,69.46,4.11,6,61.54,0.697,9,0.009,moyen
GN2025-02525,2025-12-05,2025,12,49,Faranah,Kissidougou,forestier,9.18000,-10.10000,27.28,23.37,31.88,64.44,219.55,894.33,87.96,8.93,5,98.00,1.000,14,0.015,eleve
GN2025-02526,2025-09-06,2025,9,36,Kankan,Kankan,soudano-guinéen,10.39000,-9.31000,29.56,25.79,33.90,2.80,47.82,217.20,73.48,12.38,6,64.73,0.587,6,0.006,faible
GN2025-02527,2025-10-07,2025,10,41,Kankan,Kérouané,forestier,9.27000,-9.01000,26.49,21.98,31.09,2.92,134.33,524.34,78.15,8.04,7,68.70,1.000,9,0.009,eleve
GN2025-02528,2025-06-02,2025,6,23,Kankan,Kouroussa,soudano-guinéen,10.65000,-9.89000,28.61,25.26,32.64,31.99,38.90,116.27,74.00,9.76,3,47.56,0.355,6,0.006,faible
GN2025-02529,2025-10-26,2025,10,43,Kankan,Mandiana,soudano-guinéen,10.63000,-8.68000,28.42,24.51,32.17,1.18,107.15,270.80,77.63,9.77,7,68.25,0.927,4,0.004,moyen
GN2025-02530,2025-09-03,2025,9,36,Kankan,Siguiri,soudano-guinéen,11.42000,-9.17000,30.52,26.37,34.02,0.98,50.61,173.99,70.39,10.16,5,48.61,0.590,9,0.008,faible
GN2025-02531,2025-05-07,2025,5,19,Kindia,Coyah,côtier,9.71000,-13.38000,28.17,25.09,33.13,2.06,7.67,144.32,55.19,12.08,3,50.85,0.250,4,0.004,faible
GN2025-02532,2025-04-06,2025,4,14,Kindia,Dubréka,côtier,9.79000,-13.52000,29.75,25.93,35.14,0.27,3.80,16.53,60.62,11.13,0,41.17,0.084,0,0.000,faible
GN2025-02533,2025-10-22,2025,10,43,Kindia,Forécariah,côtier,9.43000,-13.09000,27.99,23.33,33.00,0.27,281.25,1061.52,75.23,7.21,6,98.00,1.000,22,0.024,eleve
GN2025-02534,2025-10-01,2025,10,40,Kindia,Kindia,côtier,10.06000,-12.87000,27.09,23.52,30.34,6.99,361.03,1099.22,78.06,8.29,7,98.00,1.000,13,0.014,eleve
GN2025-02535,2025-03-30,2025,3,13,Kindia,Télimélé,soudano-guinéen,10.91000,-13.04000,27.75,23.33,32.19,0.10,2.29,63.87,62.53,10.78,0,42.38,0.037,3,0.003,faible
GN2025-02536,2025-07-05,2025,7,27,Labé,Koubia,montagneux,11.59000,-11.90000,23.88,18.36,27.26,22.17,41.99,173.13,82.27,8.62,4,60.75,0.483,9,0.008,faible
GN2025-02537,2025-10-25,2025,10,43,Labé,Labé,montagneux,11.32000,-12.29000,24.44,19.21,28.37,7.32,160.60,437.42,74.24,6.96,7,73.72,1.000,14,0.013,eleve
GN2025-02538,2025-03-24,2025,3,13,Labé,Lélouma,montagneux,11.18000,-12.48000,24.52,19.70,30.16,0.44,17.18,39.79,54.73,12.42,1,35.50,0.170,2,0.002,faible
GN2025-02539,2025-01-07,2025,1,2,Labé,Mali,montagneux,12.08000,-12.30000,25.80,20.94,31.05,9.10,26.82,26.82,58.05,8.45,2,40.02,0.239,3,0.003,faible
GN2025-02540,2025-06-14,2025,6,24,Labé,Tougué,montagneux,11.45000,-11.67000,23.82,19.16,28.91,47.38,54.49,278.17,78.06,6.75,4,63.40,0.614,10,0.009,faible
GN2025-02541,2025-07-09,2025,7,28,Mamou,Dalaba,montagneux,10.69000,-12.25000,23.16,20.12,26.80,2.99,83.15,255.02,72.54,7.77,6,59.67,0.734,6,0.006,moyen
GN2025-02542,2025-01-10,2025,1,2,Mamou,Mamou,montagneux,10.38000,-12.09000,25.92,22.85,31.49,0.45,16.24,17.94,57.51,9.38,1,32.14,0.194,2,0.002,faible
GN2025-02543,2025-11-03,2025,11,45,Mamou,Pita,montagneux,11.06000,-12.40000,24.28,19.64,29.39,1.33,69.69,329.50,72.60,5.09,5,56.31,0.611,8,0.008,moyen
GN2025-02544,2025-05-03,2025,5,18,Nzérékoré,Beyla,forestier,8.69000,-8.65000,27.58,24.28,33.16,0.07,34.00,159.30,59.74,11.14,1,50.22,0.272,4,0.004,faible
GN2025-02545,2025-02-05,2025,2,6,Nzérékoré,Guéckédou,forestier,8.57000,-10.13000,25.78,21.51,29.62,0.49,2.20,48.97,64.24,9.69,0,40.50,0.139,3,0.003,faible
GN2025-02546,2025-10-16,2025,10,42,Nzérékoré,Lola,forestier,7.80000,-8.53000,26.11,22.98,29.12,56.85,267.89,1245.50,82.78,6.86,7,98.00,1.000,21,0.022,eleve
GN2025-02547,2025-12-01,2025,12,49,Nzérékoré,Macenta,forestier,8.54000,-9.47000,24.78,20.33,27.91,33.11,323.18,1430.83,67.51,7.35,7,98.00,1.000,11,0.012,eleve
GN2025-02548,2025-11-27,2025,11,48,Nzérékoré,Nzérékoré,forestier,7.76000,-8.82000,24.68,21.25,29.22,101.80,165.41,577.89,89.32,4.97,7,85.47,1.000,10,0.011,eleve
GN2025-02549,2025-06-06,2025,6,23,Nzérékoré,Yomou,forestier,7.56000,-9.31000,25.44,21.40,30.41,2.10,58.59,424.94,67.98,8.82,6,59.41,0.615,4,0.004,moyen
GN2025-02550,2025-05-25,2025,5,21,Conakry,Conakry,côtier,9.54000,-13.68000,27.71,23.98,33.22,22.60,130.71,258.41,75.73,11.17,7,62.06,1.000,7,0.008,eleve
GN2025-02551,2025-09-30,2025,9,40,Boké,Boffa,côtier,10.18000,-14.04000,27.83,24.14,31.11,1.21,166.94,861.86,76.85,9.18,7,95.16,1.000,15,0.016,eleve
GN2025-02552,2025-06-10,2025,6,24,Boké,Boké,côtier,10.94000,-14.29000,29.12,24.09,34.33,1.15,128.61,326.59,72.93,8.27,6,67.82,0.966,8,0.008,eleve
GN2025-02553,2025-03-09,2025,3,10,Boké,Fria,côtier,10.37000,-13.58000,28.33,23.38,32.33,15.68,22.60,81.32,60.19,9.25,2,40.35,0.329,5,0.005,faible
GN2025-02554,2025-03-02,2025,3,9,Boké,Gaoual,soudano-guinéen,11.75000,-13.20000,30.09,24.92,35.80,4.68,7.88,18.16,59.37,11.52,1,37.70,0.165,3,0.003,faible
GN2025-02555,2025-03-18,2025,3,12,Boké,Koundara,soudano-guinéen,12.48000,-13.30000,29.86,25.86,34.70,0.02,2.58,23.57,61.52,7.74,0,34.95,0.093,3,0.003,faible
GN2025-02556,2025-02-21,2025,2,8,Faranah,Dabola,soudano-guinéen,10.75000,-11.11000,29.55,26.55,33.45,0.41,2.41,28.47,55.89,10.44,0,33.87,0.000,1,0.001,faible
GN2025-02557,2025-01-31,2025,1,5,Faranah,Dinguiraye,soudano-guinéen,11.30000,-10.72000,28.41,23.18,32.00,0.63,3.93,31.81,62.62,10.70,0,46.07,0.062,0,0.000,faible
GN2025-02558,2025-05-06,2025,5,19,Faranah,Faranah,soudano-guinéen,10.04000,-10.74000,28.31,23.15,32.82,0.46,47.30,126.87,63.20,9.34,3,44.56,0.443,9,0.009,faible
GN2025-02559,2025-08-14,2025,8,33,Faranah,Kissidougou,forestier,9.18000,-10.10000,26.16,23.10,30.10,73.92,372.99,1018.38,74.47,10.26,6,96.25,1.000,8,0.008,eleve
GN2025-02560,2025-07-13,2025,7,28,Kankan,Kankan,soudano-guinéen,10.39000,-9.31000,28.10,25.08,33.37,0.98,57.75,273.99,67.26,6.92,4,54.48,0.567,6,0.006,moyen
GN2025-02561,2025-06-17,2025,6,25,Kankan,Kérouané,forestier,9.27000,-9.01000,27.86,22.47,33.06,2.59,152.17,393.90,70.12,4.52,7,57.23,1.000,10,0.010,eleve
GN2025-02562,2025-04-22,2025,4,17,Kankan,Kouroussa,soudano-guinéen,10.65000,-9.89000,28.17,24.72,33.30,0.66,63.09,83.45,56.62,11.74,2,41.34,0.426,7,0.007,faible
GN2025-02563,2025-11-05,2025,11,45,Kankan,Mandiana,soudano-guinéen,10.63000,-8.68000,29.04,25.28,33.67,28.58,54.22,270.03,71.64,7.07,6,63.79,0.549,5,0.005,moyen
GN2025-02564,2025-04-11,2025,4,15,Kankan,Siguiri,soudano-guinéen,11.42000,-9.17000,31.15,26.64,34.56,0.47,28.75,53.19,58.08,9.10,1,34.98,0.300,9,0.008,faible
GN2025-02565,2025-09-02,2025,9,36,Kindia,Coyah,côtier,9.71000,-13.38000,27.43,22.36,31.22,62.47,317.65,975.86,81.49,6.39,7,98.00,1.000,18,0.020,eleve
GN2025-02566,2025-03-02,2025,3,9,Kindia,Dubréka,côtier,9.79000,-13.52000,28.43,24.51,32.84,0.04,2.19,91.85,54.65,12.13,0,38.81,0.069,2,0.002,faible
GN2025-02567,2025-07-08,2025,7,28,Kindia,Forécariah,côtier,9.43000,-13.09000,27.46,22.91,32.29,133.31,277.36,892.41,89.24,3.93,6,98.00,1.000,18,0.019,eleve
GN2025-02568,2025-10-14,2025,10,42,Kindia,Kindia,côtier,10.06000,-12.87000,25.50,21.73,31.21,45.47,132.71,1055.75,81.15,2.38,6,98.00,1.000,20,0.021,eleve
GN2025-02569,2025-12-15,2025,12,51,Kindia,Télimélé,soudano-guinéen,10.91000,-13.04000,27.53,23.94,33.06,11.00,53.36,615.59,76.67,8.11,5,77.86,0.568,10,0.010,moyen
GN2025-02570,2025-10-11,2025,10,41,Labé,Koubia,montagneux,11.59000,-11.90000,23.34,19.54,26.87,55.86,133.14,342.90,82.01,8.80,7,72.71,1.000,2,0.002,moyen
GN2025-02571,2025-10-31,2025,10,44,Labé,Labé,montagneux,11.32000,-12.29000,24.39,19.08,28.32,7.35,50.90,447.37,72.55,10.87,6,63.73,0.576,6,0.006,moyen
GN2025-02572,2025-05-29,2025,5,22,Labé,Lélouma,montagneux,11.18000,-12.48000,23.56,20.04,27.43,2.08,28.60,85.35,65.51,6.43,6,41.74,0.547,6,0.006,faible
GN2025-02573,2025-04-19,2025,4,16,Labé,Mali,montagneux,12.08000,-12.30000,25.40,21.72,30.26,0.55,19.10,51.11,68.21,9.17,1,48.91,0.215,3,0.003,faible
GN2025-02574,2025-02-06,2025,2,6,Labé,Tougué,montagneux,11.45000,-11.67000,27.05,23.93,32.68,0.27,31.83,100.84,57.05,13.15,2,40.19,0.314,7,0.006,faible
GN2025-02575,2025-06-16,2025,6,25,Mamou,Dalaba,montagneux,10.69000,-12.25000,24.63,19.65,29.91,1.71,80.56,285.41,74.24,4.68,4,60.33,0.612,7,0.007,faible
GN2025-02576,2025-11-14,2025,11,46,Mamou,Mamou,montagneux,10.38000,-12.09000,24.58,20.02,29.36,1.32,32.02,425.46,71.59,6.44,7,62.00,0.608,2,0.002,faible
GN2025-02577,2025-06-02,2025,6,23,Mamou,Pita,montagneux,11.06000,-12.40000,23.81,20.76,27.34,0.88,24.04,178.84,66.26,9.01,4,48.55,0.390,4,0.004,faible
GN2025-02578,2025-01-14,2025,1,3,Nzérékoré,Beyla,forestier,8.69000,-8.65000,26.86,23.34,31.93,0.54,1.86,16.47,61.03,13.99,0,36.40,0.129,2,0.002,faible
GN2025-02579,2025-02-12,2025,2,7,Nzérékoré,Guéckédou,forestier,8.57000,-10.13000,27.36,23.44,32.25,0.42,10.21,56.93,53.38,6.61,1,40.83,0.165,2,0.002,faible
GN2025-02580,2025-10-16,2025,10,42,Nzérékoré,Lola,forestier,7.80000,-8.53000,26.11,22.98,29.12,56.85,267.89,1245.50,82.78,6.86,7,98.00,1.000,13,0.014,eleve
GN2025-02581,2025-09-07,2025,9,36,Nzérékoré,Macenta,forestier,8.54000,-9.47000,24.80,19.77,29.22,74.40,296.21,1446.73,88.39,4.31,6,98.00,1.000,17,0.018,eleve
GN2025-02582,2025-02-21,2025,2,8,Nzérékoré,Nzérékoré,forestier,7.76000,-8.82000,26.71,21.75,30.49,0.50,2.43,58.64,62.13,12.50,0,41.24,0.103,3,0.003,faible
GN2025-02583,2025-06-03,2025,6,23,Nzérékoré,Yomou,forestier,7.56000,-9.31000,25.27,19.77,30.51,15.52,68.49,423.18,64.96,11.15,6,69.00,0.674,6,0.006,moyen
GN2025-02584,2025-06-23,2025,6,26,Conakry,Conakry,côtier,9.54000,-13.68000,26.75,21.32,31.62,1.65,278.66,943.18,71.39,7.08,6,98.00,1.000,12,0.014,eleve
GN2025-02585,2025-04-16,2025,4,16,Boké,Boffa,côtier,10.18000,-14.04000,28.38,24.10,33.92,27.92,89.43,157.57,62.33,14.60,4,44.45,0.636,8,0.008,moyen
GN2025-02586,2025-11-08,2025,11,45,Boké,Boké,côtier,10.94000,-14.29000,27.58,24.48,32.29,28.53,75.98,389.28,82.00,12.51,5,69.01,0.756,13,0.013,moyen
GN2025-02587,2025-11-17,2025,11,47,Boké,Fria,côtier,10.37000,-13.58000,28.86,24.53,32.26,4.61,144.93,560.90,72.33,8.08,6,75.85,0.976,15,0.015,eleve
GN2025-02588,2025-11-06,2025,11,45,Boké,Gaoual,soudano-guinéen,11.75000,-13.20000,29.59,25.63,33.17,18.12,104.83,304.03,72.46,9.56,7,62.24,0.891,13,0.012,moyen
GN2025-02589,2025-01-23,2025,1,4,Boké,Koundara,soudano-guinéen,12.48000,-13.30000,30.22,26.33,36.01,0.04,2.07,20.68,65.05,9.74,0,40.72,0.000,2,0.002,faible
GN2025-02590,2025-05-30,2025,5,22,Faranah,Dabola,soudano-guinéen,10.75000,-11.11000,27.31,23.00,30.89,18.81,75.20,257.95,71.41,9.30,5,58.07,0.705,8,0.008,moyen
GN2025-02591,2025-06-30,2025,6,27,Faranah,Dinguiraye,soudano-guinéen,11.30000,-10.72000,29.27,23.83,34.81,2.29,65.82,490.17,65.69,7.89,6,73.49,0.633,9,0.008,moyen
GN2025-02592,2025-12-02,2025,12,49,Faranah,Faranah,soudano-guinéen,10.04000,-10.74000,27.71,24.44,30.73,2.40,95.00,479.73,70.38,8.69,5,66.91,0.753,16,0.016,moyen
GN2025-02593,2025-05-02,2025,5,18,Faranah,Kissidougou,forestier,9.18000,-10.10000,26.86,21.37,30.70,0.70,15.70,97.84,67.44,9.43,1,43.64,0.154,2,0.002,faible
GN2025-02594,2025-12-03,2025,12,49,Kankan,Kankan,soudano-guinéen,10.39000,-9.31000,29.29,24.21,32.34,1.47,61.47,229.29,76.86,6.14,7,55.62,0.744,7,0.007,moyen
GN2025-02595,2025-06-02,2025,6,23,Kankan,Kérouané,forestier,9.27000,-9.01000,28.04,22.44,31.51,11.70,33.47,307.24,74.09,7.74,5,56.79,0.518,5,0.005,moyen
GN2025-02596,2025-06-10,2025,6,24,Kankan,Kouroussa,soudano-guinéen,10.65000,-9.89000,29.30,25.52,32.58,50.82,111.47,193.15,80.50,5.25,5,56.28,0.873,13,0.013,moyen
GN2025-02597,2025-04-12,2025,4,15,Kankan,Mandiana,soudano-guinéen,10.63000,-8.68000,28.94,25.69,33.13,0.53,18.03,45.96,59.92,11.34,2,46.93,0.244,2,0.002,faible
GN2025-02598,2025-08-02,2025,8,31,Kankan,Siguiri,soudano-guinéen,11.42000,-9.17000,28.22,24.38,32.22,0.37,83.37,188.34,73.22,4.49,5,60.07,0.693,10,0.009,moyen
GN2025-02599,2025-10-22,2025,10,43,Kindia,Coyah,côtier,9.71000,-13.38000,27.20,22.49,31.65,2.54,47.49,1195.58,82.03,5.79,7,98.00,0.655,17,0.019,eleve
GN2025-02600,2025-08-30,2025,8,35,Kindia,Dubréka,côtier,9.79000,-13.52000,27.54,22.03,30.74,0.12,185.79,1052.28,73.05,7.73,5,98.00,1.000,20,0.022,eleve
GN2025-02601,2025-06-21,2025,6,25,Kindia,Forécariah,côtier,9.43000,-13.09000,27.04,21.68,30.64,14.49,139.27,526.44,81.22,8.23,7,70.78,1.000,12,0.013,eleve
GN2025-02602,2025-06-03,2025,6,23,Kindia,Kindia,côtier,10.06000,-12.87000,27.91,23.81,32.58,2.29,84.24,406.63,70.57,11.26,6,60.35,0.744,8,0.008,eleve
GN2025-02603,2025-07-18,2025,7,29,Kindia,Télimélé,soudano-guinéen,10.91000,-13.04000,27.25,21.89,32.65,1.03,220.61,596.89,67.87,4.57,7,77.94,1.000,12,0.012,eleve
GN2025-02604,2025-07-06,2025,7,27,Labé,Koubia,montagneux,11.59000,-11.90000,24.14,18.88,27.55,23.41,62.77,189.87,76.45,6.62,4,54.55,0.597,7,0.006,faible
GN2025-02605,2025-10-01,2025,10,40,Labé,Labé,montagneux,11.32000,-12.29000,23.46,18.93,27.07,1.93,33.84,406.45,75.31,7.41,6,69.32,0.497,9,0.008,faible
GN2025-02606,2025-09-23,2025,9,39,Labé,Lélouma,montagneux,11.18000,-12.48000,22.85,17.78,27.19,0.80,156.19,439.88,80.81,5.83,6,85.07,1.000,11,0.010,eleve
GN2025-02607,2025-12-16,2025,12,51,Labé,Mali,montagneux,12.08000,-12.30000,25.47,20.85,30.92,10.30,71.76,272.01,78.89,8.00,5,62.10,0.655,7,0.006,moyen
GN2025-02608,2025-04-03,2025,4,14,Labé,Tougué,montagneux,11.45000,-11.67000,25.68,20.42,30.56,0.79,2.70,36.23,64.59,12.34,0,43.93,0.069,3,0.003,faible
GN2025-02609,2025-01-31,2025,1,5,Mamou,Dalaba,montagneux,10.69000,-12.25000,25.67,20.41,28.99,0.28,1.40,54.77,63.05,12.20,0,38.64,0.038,3,0.003,faible
GN2025-02610,2025-07-06,2025,7,27,Mamou,Mamou,montagneux,10.38000,-12.09000,25.37,21.07,29.75,2.01,80.80,328.83,72.98,8.48,7,63.82,0.739,5,0.005,moyen
GN2025-02611,2025-05-19,2025,5,21,Mamou,Pita,montagneux,11.06000,-12.40000,25.44,21.70,29.75,2.03,14.89,226.78,71.42,6.70,5,56.37,0.347,3,0.003,faible
GN2025-02612,2025-03-19,2025,3,12,Nzérékoré,Beyla,forestier,8.69000,-8.65000,26.91,21.44,32.39,0.38,35.05,77.67,56.15,11.68,1,36.00,0.240,4,0.004,faible
GN2025-02613,2025-05-09,2025,5,19,Nzérékoré,Guéckédou,forestier,8.57000,-10.13000,26.31,22.95,30.50,54.18,148.56,319.90,71.50,10.47,6,64.61,1.000,17,0.019,eleve
GN2025-02614,2025-04-28,2025,4,18,Nzérékoré,Lola,forestier,7.80000,-8.53000,25.93,21.14,29.79,32.93,129.65,313.07,65.55,6.81,2,58.13,0.772,9,0.010,moyen
GN2025-02615,2025-03-19,2025,3,12,Nzérékoré,Macenta,forestier,8.54000,-9.47000,25.02,19.81,28.70,0.25,49.99,150.02,53.54,9.41,1,46.47,0.318,2,0.002,faible
GN2025-02616,2025-01-04,2025,1,1,Nzérékoré,Nzérékoré,forestier,7.76000,-8.82000,27.96,23.93,33.13,0.77,2.12,2.12,56.88,11.40,0,36.74,0.040,5,0.005,faible
GN2025-02617,2025-11-19,2025,11,47,Nzérékoré,Yomou,forestier,7.56000,-9.31000,25.10,22.09,30.62,22.93,286.54,1018.28,72.82,11.36,6,98.00,1.000,17,0.018,eleve
GN2025-02618,2025-07-20,2025,7,29,Conakry,Conakry,côtier,9.54000,-13.68000,27.35,22.85,31.46,29.88,171.93,882.23,77.59,4.43,6,98.00,1.000,20,0.023,eleve
GN2025-02619,2025-08-04,2025,8,32,Boké,Boffa,côtier,10.18000,-14.04000,27.32,24.21,31.93,37.14,116.69,713.19,76.01,8.59,5,92.70,0.903,5,0.005,eleve
GN2025-02620,2025-10-22,2025,10,43,Boké,Boké,côtier,10.94000,-14.29000,28.46,24.95,32.28,16.88,122.18,441.16,68.64,8.04,6,76.80,0.977,11,0.011,eleve
GN2025-02621,2025-04-28,2025,4,18,Boké,Fria,côtier,10.37000,-13.58000,28.57,24.75,33.94,0.47,48.07,130.98,61.18,10.32,1,46.59,0.395,6,0.006,faible
GN2025-02622,2025-11-20,2025,11,47,Boké,Gaoual,soudano-guinéen,11.75000,-13.20000,27.93,23.89,33.19,0.88,56.65,232.50,77.63,6.75,5,55.30,0.638,8,0.008,moyen
GN2025-02623,2025-09-14,2025,9,37,Boké,Koundara,soudano-guinéen,12.48000,-13.30000,28.76,23.37,32.45,1.37,25.87,222.90,77.62,8.21,6,57.41,0.454,4,0.004,faible
GN2025-02624,2025-02-01,2025,2,5,Faranah,Dabola,soudano-guinéen,10.75000,-11.11000,28.89,24.27,33.13,0.48,3.20,11.63,58.79,12.35,0,40.68,0.044,1,0.001,faible
GN2025-02625,2025-09-14,2025,9,37,Faranah,Dinguiraye,soudano-guinéen,11.30000,-10.72000,27.35,22.03,32.66,1.72,54.06,381.00,74.00,5.52,6,71.04,0.618,15,0.014,moyen
GN2025-02626,2025-11-28,2025,11,48,Faranah,Faranah,soudano-guinéen,10.04000,-10.74000,27.79,22.81,32.04,1.99,43.27,471.64,78.66,4.73,5,70.97,0.553,8,0.008,moyen
GN2025-02627,2025-01-27,2025,1,5,Faranah,Kissidougou,forestier,9.18000,-10.10000,27.59,23.53,30.95,0.43,2.71,11.50,60.42,11.43,0,37.79,0.100,4,0.004,faible
GN2025-02628,2025-12-11,2025,12,50,Kankan,Kankan,soudano-guinéen,10.39000,-9.31000,28.00,24.28,32.06,36.19,84.96,308.18,78.98,8.88,5,64.65,0.715,11,0.011,moyen
GN2025-02629,2025-12-03,2025,12,49,Kankan,Kérouané,forestier,9.27000,-9.01000,26.82,23.42,31.68,0.84,99.05,725.66,74.16,3.58,6,81.51,0.806,5,0.005,eleve
GN2025-02630,2025-03-25,2025,3,13,Kankan,Kouroussa,soudano-guinéen,10.65000,-9.89000,29.96,25.72,35.14,0.45,18.03,28.69,59.58,9.16,1,47.93,0.186,3,0.003,faible
GN2025-02631,2025-05-21,2025,5,21,Kankan,Mandiana,soudano-guinéen,10.63000,-8.68000,29.27,23.80,34.95,2.33,33.31,101.97,71.31,9.89,5,43.63,0.490,5,0.005,faible
GN2025-02632,2025-09-18,2025,9,38,Kankan,Siguiri,soudano-guinéen,11.42000,-9.17000,30.41,25.12,33.97,0.96,59.68,243.93,76.95,5.89,4,62.73,0.562,11,0.010,moyen
GN2025-02633,2025-04-21,2025,4,17,Kindia,Coyah,côtier,9.71000,-13.38000,28.82,23.89,33.28,29.95,32.52,82.30,67.17,10.96,1,51.20,0.235,6,0.007,faible
GN2025-02634,2025-08-22,2025,8,34,Kindia,Dubréka,côtier,9.79000,-13.52000,27.94,24.19,31.39,111.85,386.69,1133.44,86.17,5.67,7,98.00,1.000,12,0.013,eleve
GN2025-02635,2025-08-16,2025,8,33,Kindia,Forécariah,côtier,9.43000,-13.09000,28.36,24.26,32.33,0.10,183.48,1171.07,73.14,5.19,6,98.00,1.000,10,0.011,eleve
GN2025-02636,2025-10-03,2025,10,40,Kindia,Kindia,côtier,10.06000,-12.87000,26.27,21.92,30.72,59.47,391.06,1100.22,89.20,12.56,7,98.00,1.000,15,0.016,eleve
GN2025-02637,2025-12-13,2025,12,50,Kindia,Télimélé,soudano-guinéen,10.91000,-13.04000,27.81,22.78,32.86,0.04,109.97,783.20,77.71,11.80,6,87.50,0.865,17,0.017,eleve
GN2025-02638,2025-07-26,2025,7,30,Labé,Koubia,montagneux,11.59000,-11.90000,23.84,19.80,28.48,0.17,63.63,383.90,75.06,7.36,5,61.41,0.622,8,0.007,moyen
GN2025-02639,2025-06-05,2025,6,23,Labé,Labé,montagneux,11.32000,-12.29000,23.80,19.39,28.23,87.39,138.57,396.31,75.81,8.85,6,63.72,0.982,12,0.011,moyen
GN2025-02640,2025-07-20,2025,7,29,Labé,Lélouma,montagneux,11.18000,-12.48000,23.84,20.74,28.31,17.63,132.75,520.22,76.41,7.55,5,71.00,0.937,8,0.007,moyen
GN2025-02641,2025-02-11,2025,2,7,Labé,Mali,montagneux,12.08000,-12.30000,25.50,21.00,29.43,0.73,4.01,32.80,61.67,10.21,0,46.29,0.095,2,0.002,faible
GN2025-02642,2025-01-23,2025,1,4,Labé,Tougué,montagneux,11.45000,-11.67000,25.81,22.75,29.11,0.20,4.88,67.36,54.42,10.18,1,45.68,0.124,4,0.004,faible
GN2025-02643,2025-05-16,2025,5,20,Mamou,Dalaba,montagneux,10.69000,-12.25000,26.08,21.67,31.01,1.03,43.08,134.11,71.25,9.83,4,56.49,0.396,3,0.003,faible
GN2025-02644,2025-09-06,2025,9,36,Mamou,Mamou,montagneux,10.38000,-12.09000,25.28,21.58,29.06,22.42,151.60,457.97,80.49,8.00,7,61.11,1.000,12,0.011,eleve
GN2025-02645,2025-04-01,2025,4,14,Mamou,Pita,montagneux,11.06000,-12.40000,25.84,21.87,29.94,0.14,2.60,36.38,60.20,8.79,0,42.55,0.145,2,0.002,faible
GN2025-02646,2025-12-11,2025,12,50,Nzérékoré,Beyla,forestier,8.69000,-8.65000,25.95,22.31,30.34,10.44,149.46,514.89,75.59,8.74,7,65.53,1.000,15,0.015,eleve
GN2025-02647,2025-02-23,2025,2,8,Nzérékoré,Guéckédou,forestier,8.57000,-10.13000,26.29,22.96,29.35,0.10,9.02,92.02,65.58,7.78,1,50.39,0.139,1,0.001,faible
GN2025-02648,2025-02-19,2025,2,8,Nzérékoré,Lola,forestier,7.80000,-8.53000,26.16,22.66,30.37,0.79,3.68,13.33,57.71,8.65,1,40.76,0.128,8,0.008,faible
GN2025-02649,2025-06-19,2025,6,25,Nzérékoré,Macenta,forestier,8.54000,-9.47000,25.91,22.39,31.28,1.03,180.60,551.30,71.38,7.56,6,66.79,1.000,13,0.014,eleve
GN2025-02650,2025-11-13,2025,11,46,Nzérékoré,Nzérékoré,forestier,7.76000,-8.82000,25.47,20.05,29.74,47.69,141.66,636.12,78.75,9.68,6,81.66,1.000,5,0.005,eleve
GN2025-02651,2025-08-01,2025,8,31,Nzérékoré,Yomou,forestier,7.56000,-9.31000,24.98,21.47,29.39,24.95,225.38,916.72,74.03,3.00,6,92.76,1.000,17,0.018,eleve
GN2025-02652,2025-07-18,2025,7,29,Conakry,Conakry,côtier,9.54000,-13.68000,27.06,22.25,30.65,0.38,285.90,880.46,66.73,5.86,6,85.93,1.000,14,0.016,eleve
GN2025-02653,2025-01-18,2025,1,3,Boké,Boffa,côtier,10.18000,-14.04000,28.95,24.33,33.11,0.62,2.96,9.75,67.22,9.29,0,39.06,0.134,5,0.005,faible
GN2025-02654,2025-02-18,2025,2,8,Boké,Boké,côtier,10.94000,-14.29000,28.78,25.78,33.87,16.44,18.51,74.96,61.23,10.75,1,37.63,0.204,7,0.007,faible
GN2025-02655,2025-11-07,2025,11,45,Boké,Fria,côtier,10.37000,-13.58000,26.95,23.24,31.10,64.48,266.42,479.38,80.20,10.99,7,73.73,1.000,11,0.011,eleve
GN2025-02656,2025-07-27,2025,7,30,Boké,Gaoual,soudano-guinéen,11.75000,-13.20000,28.15,23.01,33.94,0.19,77.70,222.55,75.94,9.78,4,58.12,0.607,7,0.007,moyen
GN2025-02657,2025-09-09,2025,9,37,Boké,Koundara,soudano-guinéen,12.48000,-13.30000,28.60,24.02,33.91,13.87,44.86,258.17,71.71,3.21,7,58.54,0.555,8,0.007,faible
GN2025-02658,2025-11-24,2025,11,48,Faranah,Dabola,soudano-guinéen,10.75000,-11.11000,27.62,22.12,30.97,0.24,138.29,621.86,76.91,5.82,6,77.90,1.000,6,0.006,eleve
GN2025-02659,2025-07-31,2025,7,31,Faranah,Dinguiraye,soudano-guinéen,11.30000,-10.72000,28.57,23.70,33.62,53.49,123.24,279.26,84.39,6.15,4,55.89,0.914,11,0.010,moyen
GN2025-02660,2025-11-26,2025,11,48,Faranah,Faranah,soudano-guinéen,10.04000,-10.74000,27.50,23.86,31.87,1.95,61.76,490.08,82.71,7.44,6,72.44,0.725,13,0.013,moyen
GN2025-02661,2025-09-20,2025,9,38,Faranah,Kissidougou,forestier,9.18000,-10.10000,25.91,22.05,31.18,0.93,102.79,662.48,80.36,10.97,5,88.74,0.868,5,0.005,eleve
GN2025-02662,2025-04-06,2025,4,14,Kankan,Kankan,soudano-guinéen,10.39000,-9.31000,29.43,26.30,34.09,0.28,3.07,37.27,65.08,8.11,0,41.84,0.107,4,0.004,faible
GN2025-02663,2025-03-27,2025,3,13,Kankan,Kérouané,forestier,9.27000,-9.01000,28.21,24.26,33.05,0.40,16.98,33.68,59.74,11.18,1,40.63,0.230,2,0.002,faible
GN2025-02664,2025-08-01,2025,8,31,Kankan,Kouroussa,soudano-guinéen,10.65000,-9.89000,27.43,22.70,30.77,2.14,41.63,252.79,73.15,12.68,6,63.59,0.530,11,0.011,moyen
GN2025-02665,2025-01-04,2025,1,1,Kankan,Mandiana,soudano-guinéen,10.63000,-8.68000,30.17,25.00,33.74,0.26,1.51,1.51,57.21,11.38,0,35.36,0.090,0,0.000,faible
GN2025-02666,2025-05-08,2025,5,19,Kankan,Siguiri,soudano-guinéen,11.42000,-9.17000,31.79,27.36,34.87,1.23,16.56,73.34,64.21,11.99,4,53.29,0.368,3,0.003,faible
GN2025-02667,2025-10-07,2025,10,41,Kindia,Coyah,côtier,9.71000,-13.38000,27.40,24.26,31.52,110.22,401.38,1380.25,87.40,8.67,7,98.00,1.000,8,0.009,eleve
GN2025-02668,2025-06-18,2025,6,25,Kindia,Dubréka,côtier,9.79000,-13.52000,27.45,22.42,30.87,0.15,151.36,441.22,74.01,10.31,6,73.17,1.000,13,0.014,eleve
GN2025-02669,2025-07-28,2025,7,31,Kindia,Forécariah,côtier,9.43000,-13.09000,27.48,22.03,31.67,34.30,513.48,1240.74,82.20,5.05,7,98.00,1.000,19,0.021,eleve
GN2025-02670,2025-12-05,2025,12,49,Kindia,Kindia,côtier,10.06000,-12.87000,25.67,21.46,30.15,1.08,180.92,811.54,71.86,8.12,6,88.44,1.000,14,0.015,eleve
GN2025-02671,2025-05-16,2025,5,20,Kindia,Télimélé,soudano-guinéen,10.91000,-13.04000,27.66,22.09,32.53,2.68,89.23,151.50,65.66,5.49,5,50.27,0.776,10,0.010,moyen
GN2025-02672,2025-09-02,2025,9,36,Labé,Koubia,montagneux,11.59000,-11.90000,24.08,21.01,29.80,28.14,158.03,689.69,69.98,9.31,6,74.29,1.000,6,0.005,eleve
GN2025-02673,2025-02-21,2025,2,8,Labé,Labé,montagneux,11.32000,-12.29000,25.63,22.58,28.63,0.20,2.83,23.61,53.12,6.79,0,34.64,0.070,5,0.005,faible
GN2025-02674,2025-12-17,2025,12,51,Labé,Lélouma,montagneux,11.18000,-12.48000,24.24,19.05,28.86,1.01,66.48,483.90,75.20,8.23,7,75.41,0.736,6,0.006,moyen
GN2025-02675,2025-09-09,2025,9,37,Labé,Mali,montagneux,12.08000,-12.30000,25.01,20.41,28.90,5.04,134.79,490.43,67.32,7.62,5,64.79,0.954,10,0.009,moyen
GN2025-02676,2025-10-27,2025,10,44,Labé,Tougué,montagneux,11.45000,-11.67000,23.59,18.35,29.37,61.00,260.99,541.00,70.95,8.21,7,74.50,1.000,9,0.008,eleve
GN2025-02677,2025-01-16,2025,1,3,Mamou,Dalaba,montagneux,10.69000,-12.25000,25.07,20.44,28.77,0.21,6.78,9.56,52.92,9.74,1,35.74,0.176,5,0.005,faible
GN2025-02678,2025-11-14,2025,11,46,Mamou,Mamou,montagneux,10.38000,-12.09000,24.58,20.02,29.36,1.32,32.02,425.46,71.59,6.44,7,65.18,0.506,8,0.008,faible
GN2025-02679,2025-09-23,2025,9,39,Mamou,Pita,montagneux,11.06000,-12.40000,23.76,18.92,27.74,27.80,107.13,521.01,80.59,9.13,7,75.32,0.904,11,0.010,moyen
GN2025-02680,2025-11-20,2025,11,47,Nzérékoré,Beyla,forestier,8.69000,-8.65000,27.84,22.52,33.23,6.75,107.39,786.81,73.26,13.65,6,85.38,0.853,8,0.008,eleve
GN2025-02681,2025-10-14,2025,10,42,Nzérékoré,Guéckédou,forestier,8.57000,-10.13000,26.43,23.17,31.73,2.17,51.99,940.63,75.63,5.97,7,97.88,0.681,14,0.015,eleve
GN2025-02682,2025-03-26,2025,3,13,Nzérékoré,Lola,forestier,7.80000,-8.53000,25.74,20.27,30.24,48.32,74.54,178.97,69.67,10.27,3,55.54,0.518,8,0.008,moyen
GN2025-02683,2025-08-13,2025,8,33,Nzérékoré,Macenta,forestier,8.54000,-9.47000,26.34,23.18,29.58,66.76,330.31,1424.17,88.02,8.34,7,98.00,1.000,12,0.013,eleve
GN2025-02684,2025-09-06,2025,9,36,Nzérékoré,Nzérékoré,forestier,7.76000,-8.82000,26.80,23.61,30.88,14.82,158.59,964.16,80.30,11.91,6,98.00,1.000,12,0.013,eleve
GN2025-02685,2025-10-29,2025,10,44,Nzérékoré,Yomou,forestier,7.56000,-9.31000,25.97,20.60,29.19,33.15,268.95,1058.83,79.12,8.37,7,98.00,1.000,14,0.015,eleve
GN2025-02686,2025-01-05,2025,1,1,Conakry,Conakry,côtier,9.54000,-13.68000,28.94,23.86,32.81,0.59,1.23,1.23,55.59,11.96,0,50.04,0.091,3,0.003,faible
GN2025-02687,2025-01-10,2025,1,2,Boké,Boffa,côtier,10.18000,-14.04000,28.09,22.98,32.60,0.40,2.83,6.63,54.44,12.03,0,28.27,0.115,2,0.002,faible
GN2025-02688,2025-10-06,2025,10,41,Boké,Boké,côtier,10.94000,-14.29000,29.19,23.61,32.75,18.47,108.08,392.69,79.10,8.62,7,60.05,0.909,9,0.009,eleve
GN2025-02689,2025-06-10,2025,6,24,Boké,Fria,côtier,10.37000,-13.58000,28.40,23.40,32.24,3.00,108.14,367.43,65.61,8.81,6,60.35,0.849,6,0.006,moyen
GN2025-02690,2025-03-06,2025,3,10,Boké,Gaoual,soudano-guinéen,11.75000,-13.20000,30.11,27.11,34.15,0.71,6.64,18.22,58.02,9.16,1,41.10,0.132,0,0.000,faible
GN2025-02691,2025-06-05,2025,6,23,Boké,Koundara,soudano-guinéen,12.48000,-13.30000,28.14,25.03,31.79,2.86,36.21,181.16,68.82,8.52,5,56.45,0.484,10,0.009,faible
GN2025-02692,2025-11-10,2025,11,46,Faranah,Dabola,soudano-guinéen,10.75000,-11.11000,28.05,24.82,33.43,0.82,294.25,614.63,71.14,8.17,6,70.88,1.000,9,0.009,eleve
GN2025-02693,2025-08-28,2025,8,35,Faranah,Dinguiraye,soudano-guinéen,11.30000,-10.72000,25.53,20.51,29.37,6.50,57.41,465.42,71.99,7.96,6,65.69,0.693,11,0.010,moyen
GN2025-02694,2025-04-28,2025,4,18,Faranah,Faranah,soudano-guinéen,10.04000,-10.74000,27.72,24.70,31.55,54.47,55.77,82.79,70.92,10.30,1,48.13,0.305,6,0.006,faible
GN2025-02695,2025-08-02,2025,8,31,Faranah,Kissidougou,forestier,9.18000,-10.10000,26.55,22.43,30.57,12.06,240.02,960.01,80.98,7.14,6,98.00,1.000,14,0.015,eleve
GN2025-02696,2025-02-12,2025,2,7,Kankan,Kankan,soudano-guinéen,10.39000,-9.31000,28.83,25.42,33.71,0.23,2.58,45.64,59.69,12.18,0,33.42,0.071,3,0.003,faible
GN2025-02697,2025-05-08,2025,5,19,Kankan,Kérouané,forestier,9.27000,-9.01000,28.82,24.45,33.62,3.07,44.02,94.00,59.63,9.08,3,41.69,0.412,8,0.008,faible
GN2025-02698,2025-10-06,2025,10,41,Kankan,Kouroussa,soudano-guinéen,10.65000,-9.89000,28.32,24.33,33.35,0.15,75.59,324.23,74.67,8.18,5,58.58,0.636,9,0.009,moyen
GN2025-02699,2025-09-10,2025,9,37,Kankan,Mandiana,soudano-guinéen,10.63000,-8.68000,28.68,25.32,32.22,1.96,129.11,303.74,79.27,6.69,7,58.91,1.000,9,0.009,eleve
GN2025-02700,2025-10-26,2025,10,43,Kankan,Siguiri,soudano-guinéen,11.42000,-9.17000,28.82,25.70,33.86,2.69,10.58,170.85,70.91,11.47,5,46.49,0.423,6,0.006,faible
GN2025-02701,2025-10-07,2025,10,41,Kindia,Coyah,côtier,9.71000,-13.38000,27.40,24.26,31.52,110.22,401.38,1380.25,87.40,8.67,7,98.00,1.000,21,0.024,eleve
GN2025-02702,2025-11-25,2025,11,48,Kindia,Dubréka,côtier,9.79000,-13.52000,26.58,23.29,31.16,2.67,112.18,846.93,82.11,11.20,7,93.39,1.000,7,0.008,eleve
GN2025-02703,2025-07-07,2025,7,28,Kindia,Forécariah,côtier,9.43000,-13.09000,27.23,22.33,31.04,1.46,151.54,761.96,74.08,7.49,6,80.17,1.000,18,0.019,eleve
GN2025-02704,2025-09-26,2025,9,39,Kindia,Kindia,côtier,10.06000,-12.87000,26.03,20.73,31.41,27.06,204.89,1136.56,82.88,7.83,7,98.00,1.000,8,0.008,eleve
GN2025-02705,2025-06-27,2025,6,26,Kindia,Télimélé,soudano-guinéen,10.91000,-13.04000,28.71,24.21,33.32,1.32,152.05,378.46,71.21,8.88,7,66.24,1.000,8,0.008,moyen
GN2025-02706,2025-03-17,2025,3,12,Labé,Koubia,montagneux,11.59000,-11.90000,25.79,20.80,31.53,0.12,9.77,62.51,54.54,10.58,1,43.95,0.143,5,0.005,faible
GN2025-02707,2025-12-22,2025,12,52,Labé,Labé,montagneux,11.32000,-12.29000,24.18,19.63,28.75,30.99,156.48,517.05,87.28,6.65,7,76.00,1.000,14,0.013,eleve
GN2025-02708,2025-12-06,2025,12,49,Labé,Lélouma,montagneux,11.18000,-12.48000,23.69,18.40,28.31,60.36,98.40,515.65,90.22,8.48,4,66.22,0.796,8,0.007,moyen
GN2025-02709,2025-08-13,2025,8,33,Labé,Mali,montagneux,12.08000,-12.30000,23.85,19.27,28.43,0.90,130.25,413.71,74.48,11.47,6,59.00,1.000,8,0.007,moyen
GN2025-02710,2025-10-01,2025,10,40,Labé,Tougué,montagneux,11.45000,-11.67000,24.60,21.13,30.20,16.92,67.29,365.64,77.93,7.50,6,75.82,0.688,6,0.005,moyen
GN2025-02711,2025-10-31,2025,10,44,Mamou,Dalaba,montagneux,10.69000,-12.25000,24.28,18.72,27.35,1.91,98.51,446.40,68.55,9.58,6,68.76,0.802,10,0.009,moyen
GN2025-02712,2025-06-28,2025,6,26,Mamou,Mamou,montagneux,10.38000,-12.09000,25.29,20.31,30.58,0.08,102.03,279.26,73.62,6.99,4,53.05,0.725,7,0.007,moyen
GN2025-02713,2025-09-07,2025,9,36,Mamou,Pita,montagneux,11.06000,-12.40000,24.96,19.45,30.32,1.97,82.10,547.82,75.64,11.92,6,82.79,0.720,12,0.011,moyen
GN2025-02714,2025-09-19,2025,9,38,Nzérékoré,Beyla,forestier,8.69000,-8.65000,26.74,21.63,30.96,9.82,209.62,734.44,75.97,9.15,6,80.26,1.000,15,0.015,eleve
GN2025-02715,2025-04-24,2025,4,17,Nzérékoré,Guéckédou,forestier,8.57000,-10.13000,26.28,22.07,30.90,0.46,2.34,67.32,62.74,10.63,0,38.66,0.157,4,0.004,faible
GN2025-02716,2025-12-14,2025,12,50,Nzérékoré,Lola,forestier,7.80000,-8.53000,26.32,21.30,29.48,1.09,319.22,1200.37,76.28,3.75,7,98.00,1.000,13,0.014,eleve
GN2025-02717,2025-06-15,2025,6,24,Nzérékoré,Macenta,forestier,8.54000,-9.47000,24.03,18.86,29.34,20.62,147.64,473.85,69.09,9.04,5,71.53,1.000,12,0.013,moyen
GN2025-02718,2025-12-08,2025,12,50,Nzérékoré,Nzérékoré,forestier,7.76000,-8.82000,24.46,21.12,28.49,65.33,179.74,743.37,79.27,8.66,6,89.63,1.000,8,0.009,eleve
GN2025-02719,2025-02-01,2025,2,5,Nzérékoré,Yomou,forestier,7.56000,-9.31000,27.68,22.34,33.25,0.64,16.39,26.98,55.53,12.30,1,33.23,0.205,4,0.004,faible
GN2025-02720,2025-05-28,2025,5,22,Conakry,Conakry,côtier,9.54000,-13.68000,26.88,21.40,30.97,26.65,125.73,337.63,70.42,11.14,7,68.02,0.941,14,0.016,eleve
GN2025-02721,2025-03-05,2025,3,10,Boké,Boffa,côtier,10.18000,-14.04000,28.61,24.20,34.38,0.43,3.16,31.83,59.92,13.26,0,46.97,0.122,4,0.004,faible
GN2025-02722,2025-06-18,2025,6,25,Boké,Boké,côtier,10.94000,-14.29000,28.78,24.29,34.07,24.24,103.69,351.76,73.14,6.18,6,51.61,0.835,7,0.007,moyen
GN2025-02723,2025-04-23,2025,4,17,Boké,Fria,côtier,10.37000,-13.58000,28.67,25.66,33.64,0.56,38.57,109.84,61.72,9.82,1,43.61,0.303,5,0.005,faible
GN2025-02724,2025-11-27,2025,11,48,Boké,Gaoual,soudano-guinéen,11.75000,-13.20000,28.14,23.19,33.40,1.80,155.90,359.83,80.71,8.12,7,61.91,1.000,11,0.011,eleve
GN2025-02725,2025-12-09,2025,12,50,Boké,Koundara,soudano-guinéen,12.48000,-13.30000,27.82,23.38,33.54,7.76,74.72,255.58,78.69,11.37,6,73.62,0.729,9,0.008,moyen
GN2025-02726,2025-12-02,2025,12,49,Faranah,Dabola,soudano-guinéen,10.75000,-11.11000,27.76,22.69,31.41,1.57,53.84,564.75,73.69,6.19,6,76.83,0.571,8,0.008,moyen
GN2025-02727,2025-12-12,2025,12,50,Faranah,Dinguiraye,soudano-guinéen,11.30000,-10.72000,27.81,23.02,32.72,0.63,52.73,153.49,74.06,9.44,4,55.20,0.512,8,0.008,faible
GN2025-02728,2025-08-21,2025,8,34,Faranah,Faranah,soudano-guinéen,10.04000,-10.74000,28.47,24.93,32.15,2.08,126.71,477.30,76.46,6.00,6,67.86,0.969,13,0.013,eleve
GN2025-02729,2025-02-09,2025,2,6,Faranah,Kissidougou,forestier,9.18000,-10.10000,27.03,22.89,32.40,0.08,1.92,11.22,66.91,12.22,0,44.74,0.085,4,0.004,faible
GN2025-02730,2025-09-01,2025,9,36,Kankan,Kankan,soudano-guinéen,10.39000,-9.31000,28.77,25.61,34.50,11.30,33.60,190.15,77.40,7.43,5,48.60,0.532,12,0.012,moyen
GN2025-02731,2025-02-16,2025,2,7,Kankan,Kérouané,forestier,9.27000,-9.01000,29.60,25.11,33.25,0.54,3.75,18.05,59.25,14.70,0,36.77,0.096,2,0.002,faible
GN2025-02732,2025-04-09,2025,4,15,Kankan,Kouroussa,soudano-guinéen,10.65000,-9.89000,29.53,25.53,33.75,0.11,2.75,38.16,60.88,12.29,0,45.19,0.076,5,0.005,faible
GN2025-02733,2025-12-17,2025,12,51,Kankan,Mandiana,soudano-guinéen,10.63000,-8.68000,28.07,23.61,32.95,5.47,16.79,320.14,73.11,8.47,6,59.76,0.431,5,0.005,faible
GN2025-02734,2025-01-02,2025,1,1,Kankan,Siguiri,soudano-guinéen,11.42000,-9.17000,30.99,25.88,34.83,0.80,1.59,1.59,53.17,10.63,0,32.01,0.084,0,0.000,faible
GN2025-02735,2025-03-31,2025,3,14,Kindia,Coyah,côtier,9.71000,-13.38000,29.37,24.71,34.04,9.10,33.57,147.04,62.53,11.31,2,44.47,0.310,2,0.002,faible
GN2025-02736,2025-07-24,2025,7,30,Kindia,Dubréka,côtier,9.79000,-13.52000,27.54,24.19,33.12,60.89,513.13,992.70,81.97,5.44,6,97.81,1.000,20,0.022,eleve
GN2025-02737,2025-06-12,2025,6,24,Kindia,Forécariah,côtier,9.43000,-13.09000,27.12,22.46,32.87,33.05,167.78,604.12,75.37,4.56,5,69.32,1.000,16,0.017,eleve
GN2025-02738,2025-07-15,2025,7,29,Kindia,Kindia,côtier,10.06000,-12.87000,27.17,23.95,32.92,36.39,182.67,843.83,82.07,4.56,6,95.79,1.000,11,0.012,eleve
GN2025-02739,2025-05-30,2025,5,22,Kindia,Télimélé,soudano-guinéen,10.91000,-13.04000,27.02,21.94,31.50,1.13,33.20,178.37,71.28,7.07,7,47.18,0.556,4,0.004,faible
GN2025-02740,2025-06-18,2025,6,25,Labé,Koubia,montagneux,11.59000,-11.90000,24.40,20.07,28.30,1.83,72.20,226.23,68.80,9.26,6,45.68,0.722,6,0.005,faible
GN2025-02741,2025-03-30,2025,3,13,Labé,Labé,montagneux,11.32000,-12.29000,25.33,21.70,30.60,0.67,28.10,73.32,60.97,7.59,1,37.27,0.194,1,0.001,faible
GN2025-02742,2025-10-16,2025,10,42,Labé,Lélouma,montagneux,11.18000,-12.48000,22.78,19.15,27.90,23.73,113.97,649.28,83.56,6.28,6,86.69,0.998,11,0.010,moyen
GN2025-02743,2025-09-23,2025,9,39,Labé,Mali,montagneux,12.08000,-12.30000,24.08,19.92,28.02,0.87,167.71,393.65,67.84,8.68,6,63.87,1.000,5,0.005,moyen
GN2025-02744,2025-04-21,2025,4,17,Labé,Tougué,montagneux,11.45000,-11.67000,25.16,20.18,30.57,0.64,16.29,41.17,68.83,8.35,1,38.32,0.224,8,0.007,faible
GN2025-02745,2025-01-31,2025,1,5,Mamou,Dalaba,montagneux,10.69000,-12.25000,25.67,20.41,28.99,0.28,1.40,54.77,63.05,12.20,0,37.17,0.081,1,0.001,faible
GN2025-02746,2025-08-18,2025,8,34,Mamou,Mamou,montagneux,10.38000,-12.09000,23.72,18.50,28.00,2.39,156.67,469.46,71.53,8.21,6,72.55,1.000,11,0.010,moyen
GN2025-02747,2025-10-04,2025,10,40,Mamou,Pita,montagneux,11.06000,-12.40000,24.66,19.47,28.97,40.88,174.76,570.79,84.54,4.80,6,86.10,1.000,8,0.008,eleve
GN2025-02748,2025-06-08,2025,6,23,Nzérékoré,Beyla,forestier,8.69000,-8.65000,27.18,23.20,32.09,9.23,76.56,354.19,72.04,9.35,7,67.86,0.721,9,0.009,eleve
GN2025-02749,2025-02-14,2025,2,7,Nzérékoré,Guéckédou,forestier,8.57000,-10.13000,26.71,22.34,29.72,0.80,10.07,56.98,57.91,12.82,1,46.80,0.242,3,0.003,faible
GN2025-02750,2025-12-13,2025,12,50,Nzérékoré,Lola,forestier,7.80000,-8.53000,25.97,20.54,28.99,28.18,319.70,1289.02,75.62,5.24,7,98.00,1.000,10,0.011,eleve
GN2025-02751,2025-06-15,2025,6,24,Nzérékoré,Macenta,forestier,8.54000,-9.47000,24.03,18.86,29.34,20.62,147.64,473.85,69.09,9.04,5,65.89,0.922,9,0.010,eleve
GN2025-02752,2025-04-08,2025,4,15,Nzérékoré,Nzérékoré,forestier,7.76000,-8.82000,26.19,21.69,30.74,0.12,57.24,93.67,55.46,9.10,2,29.09,0.395,3,0.003,faible
GN2025-02753,2025-05-08,2025,5,19,Nzérékoré,Yomou,forestier,7.56000,-9.31000,26.85,23.64,31.89,1.33,54.96,205.40,66.66,6.47,5,52.22,0.555,7,0.007,moyen
GN2025-02754,2025-11-09,2025,11,45,Conakry,Conakry,côtier,9.54000,-13.68000,27.56,23.94,32.34,13.38,104.70,1084.53,75.23,10.15,7,98.00,0.936,11,0.013,eleve
GN2025-02755,2025-01-27,2025,1,5,Boké,Boffa,côtier,10.18000,-14.04000,29.37,25.50,33.40,0.02,2.68,13.47,55.38,12.18,0,33.99,0.067,2,0.002,faible
GN2025-02756,2025-11-08,2025,11,45,Boké,Boké,côtier,10.94000,-14.29000,27.58,24.48,32.29,28.53,75.98,389.28,82.00,12.51,5,68.97,0.714,11,0.011,moyen
GN2025-02757,2025-04-11,2025,4,15,Boké,Fria,côtier,10.37000,-13.58000,29.32,25.54,33.80,0.31,3.48,59.98,57.49,6.68,1,41.54,0.179,6,0.006,faible
GN2025-02758,2025-05-18,2025,5,20,Boké,Gaoual,soudano-guinéen,11.75000,-13.20000,30.26,26.74,35.32,6.37,18.02,95.10,72.76,11.02,6,43.06,0.509,7,0.007,faible
GN2025-02759,2025-06-24,2025,6,26,Boké,Koundara,soudano-guinéen,12.48000,-13.30000,27.52,22.32,30.63,20.25,29.94,133.59,78.88,8.14,6,51.80,0.526,4,0.004,faible
GN2025-02760,2025-08-03,2025,8,31,Faranah,Dabola,soudano-guinéen,10.75000,-11.11000,27.02,23.66,31.13,8.92,71.31,231.22,83.71,11.20,4,58.12,0.659,9,0.009,moyen
GN2025-02761,2025-03-28,2025,3,13,Faranah,Dinguiraye,soudano-guinéen,11.30000,-10.72000,29.22,26.01,33.90,0.01,3.53,45.05,60.61,7.48,0,44.63,0.114,4,0.004,faible
GN2025-02762,2025-01-29,2025,1,5,Faranah,Faranah,soudano-guinéen,10.04000,-10.74000,29.14,23.78,32.33,0.06,2.51,49.28,43.28,8.50,0,35.08,0.066,8,0.008,faible
GN2025-02763,2025-07-19,2025,7,29,Faranah,Kissidougou,forestier,9.18000,-10.10000,25.27,21.07,28.32,0.06,181.89,861.16,70.74,7.21,6,98.00,1.000,15,0.016,eleve
GN2025-02764,2025-09-04,2025,9,36,Kankan,Kankan,soudano-guinéen,10.39000,-9.31000,28.61,23.27,33.70,3.01,51.95,215.86,79.82,9.74,5,60.39,0.596,13,0.013,faible
GN2025-02765,2025-02-12,2025,2,7,Kankan,Kérouané,forestier,9.27000,-9.01000,28.49,24.74,31.93,0.68,3.25,17.38,54.17,9.29,0,48.94,0.125,6,0.006,faible
GN2025-02766,2025-04-06,2025,4,14,Kankan,Kouroussa,soudano-guinéen,10.65000,-9.89000,29.64,24.11,32.82,0.73,2.97,39.22,56.56,9.15,0,38.76,0.062,2,0.002,faible
GN2025-02767,2025-06-27,2025,6,26,Kankan,Mandiana,soudano-guinéen,10.63000,-8.68000,28.72,24.13,33.87,2.84,19.05,294.26,80.27,8.85,5,64.54,0.501,8,0.008,moyen
GN2025-02768,2025-05-31,2025,5,22,Kankan,Siguiri,soudano-guinéen,11.42000,-9.17000,30.44,26.77,34.04,11.63,41.75,106.23,64.46,5.81,3,44.13,0.373,5,0.005,faible
GN2025-02769,2025-02-18,2025,2,8,Kindia,Coyah,côtier,9.71000,-13.38000,27.61,22.39,32.17,0.60,34.48,44.61,55.83,10.04,1,40.73,0.295,6,0.007,faible
GN2025-02770,2025-02-09,2025,2,6,Kindia,Dubréka,côtier,9.79000,-13.52000,28.56,24.36,34.22,0.64,81.65,119.62,60.48,13.06,2,44.35,0.566,13,0.014,moyen
GN2025-02771,2025-12-21,2025,12,51,Kindia,Forécariah,côtier,9.43000,-13.09000,27.76,22.89,32.35,30.78,171.59,999.27,83.99,9.77,7,98.00,1.000,17,0.018,eleve
GN2025-02772,2025-05-20,2025,5,21,Kindia,Kindia,côtier,10.06000,-12.87000,26.26,20.90,31.03,0.36,110.05,336.71,68.34,14.87,6,62.27,0.811,9,0.010,moyen
GN2025-02773,2025-11-15,2025,11,46,Kindia,Télimélé,soudano-guinéen,10.91000,-13.04000,27.44,24.36,30.83,74.14,270.05,657.99,82.30,10.67,6,76.61,1.000,14,0.014,eleve
GN2025-02774,2025-12-27,2025,12,52,Labé,Koubia,montagneux,11.59000,-11.90000,24.83,21.18,28.71,1.51,75.15,389.16,74.08,8.19,5,61.48,0.701,10,0.009,moyen
GN2025-02775,2025-03-29,2025,3,13,Labé,Labé,montagneux,11.32000,-12.29000,27.09,21.96,32.47,0.60,27.92,78.68,58.44,11.07,1,35.18,0.316,3,0.003,faible
GN2025-02776,2025-06-27,2025,6,26,Labé,Lélouma,montagneux,11.18000,-12.48000,23.85,20.82,28.53,0.51,95.90,347.19,67.74,7.02,6,61.85,0.824,7,0.006,moyen
GN2025-02777,2025-08-23,2025,8,34,Labé,Mali,montagneux,12.08000,-12.30000,24.74,20.52,28.06,2.82,117.33,459.90,71.84,8.93,6,71.30,0.885,9,0.008,moyen
GN2025-02778,2025-12-09,2025,12,50,Labé,Tougué,montagneux,11.45000,-11.67000,24.21,19.40,28.23,45.48,88.41,431.31,79.76,6.17,6,74.34,0.732,10,0.009,moyen
GN2025-02779,2025-12-03,2025,12,49,Mamou,Dalaba,montagneux,10.69000,-12.25000,23.14,18.86,26.98,2.59,149.22,675.72,71.71,6.11,6,77.63,0.967,11,0.010,moyen
GN2025-02780,2025-03-29,2025,3,13,Mamou,Mamou,montagneux,10.38000,-12.09000,26.63,23.08,31.23,0.77,20.04,44.63,70.01,10.99,1,43.28,0.226,3,0.003,faible
GN2025-02781,2025-10-21,2025,10,43,Mamou,Pita,montagneux,11.06000,-12.40000,24.12,19.43,28.53,3.34,31.40,463.26,75.82,6.81,6,65.97,0.506,10,0.009,moyen
GN2025-02782,2025-03-29,2025,3,13,Nzérékoré,Beyla,forestier,8.69000,-8.65000,26.69,21.15,31.16,0.23,11.34,68.51,58.85,13.05,1,52.03,0.110,2,0.002,faible
GN2025-02783,2025-01-27,2025,1,5,Nzérékoré,Guéckédou,forestier,8.57000,-10.13000,27.92,23.99,33.45,27.12,29.88,48.24,60.79,11.43,1,36.62,0.254,5,0.006,faible
GN2025-02784,2025-09-22,2025,9,39,Nzérékoré,Lola,forestier,7.80000,-8.53000,25.44,20.11,29.24,36.99,515.28,1530.44,78.88,8.97,6,98.00,1.000,14,0.015,eleve
GN2025-02785,2025-11-12,2025,11,46,Nzérékoré,Macenta,forestier,8.54000,-9.47000,24.19,20.38,27.21,0.03,205.59,914.10,80.08,8.99,5,98.00,1.000,21,0.023,eleve
GN2025-02786,2025-11-13,2025,11,46,Nzérékoré,Nzérékoré,forestier,7.76000,-8.82000,25.47,20.05,29.74,47.69,141.66,636.12,78.75,9.68,6,84.23,1.000,14,0.015,eleve
GN2025-02787,2025-05-17,2025,5,20,Nzérékoré,Yomou,forestier,7.56000,-9.31000,25.36,20.44,29.26,17.81,89.33,251.86,67.68,10.94,5,62.11,0.717,3,0.003,moyen
GN2025-02788,2025-07-15,2025,7,29,Conakry,Conakry,côtier,9.54000,-13.68000,27.13,23.05,32.16,4.87,334.72,874.84,75.35,7.94,6,91.38,1.000,18,0.021,eleve
GN2025-02789,2025-06-20,2025,6,25,Boké,Boffa,côtier,10.18000,-14.04000,28.39,23.49,33.18,1.84,115.17,301.44,70.83,7.54,5,59.86,0.837,10,0.010,eleve
GN2025-02790,2025-08-01,2025,8,31,Boké,Boké,côtier,10.94000,-14.29000,28.57,23.71,34.37,0.21,118.03,369.55,76.52,8.67,6,65.05,0.963,8,0.008,eleve
GN2025-02791,2025-06-18,2025,6,25,Boké,Fria,côtier,10.37000,-13.58000,28.43,25.07,32.01,0.87,87.44,382.39,75.24,8.61,6,64.20,0.794,5,0.005,moyen
GN2025-02792,2025-03-29,2025,3,13,Boké,Gaoual,soudano-guinéen,11.75000,-13.20000,30.29,26.03,35.10,2.15,11.96,72.01,61.17,10.30,2,34.92,0.179,6,0.006,faible
GN2025-02793,2025-05-21,2025,5,21,Boké,Koundara,soudano-guinéen,12.48000,-13.30000,28.98,25.14,32.38,2.24,26.29,130.26,62.51,8.81,3,52.01,0.337,6,0.006,faible
GN2025-02794,2025-02-17,2025,2,8,Faranah,Dabola,soudano-guinéen,10.75000,-11.11000,29.70,25.29,34.50,0.24,1.63,27.89,53.00,9.50,0,32.89,0.069,1,0.001,faible
GN2025-02795,2025-02-20,2025,2,8,Faranah,Dinguiraye,soudano-guinéen,11.30000,-10.72000,27.68,24.31,32.08,7.44,27.65,50.79,59.00,12.17,2,45.13,0.225,3,0.003,faible
GN2025-02796,2025-12-24,2025,12,52,Faranah,Faranah,soudano-guinéen,10.04000,-10.74000,27.73,23.59,31.23,21.93,133.67,399.10,71.23,8.39,6,69.09,0.919,17,0.017,eleve
GN2025-02797,2025-02-22,2025,2,8,Faranah,Kissidougou,forestier,9.18000,-10.10000,28.12,22.95,32.11,0.05,41.13,49.76,49.87,8.73,1,30.85,0.280,1,0.001,faible
GN2025-02798,2025-12-28,2025,12,52,Kankan,Kankan,soudano-guinéen,10.39000,-9.31000,27.89,24.86,33.43,4.34,78.23,428.13,81.10,7.77,6,61.96,0.778,12,0.012,moyen
GN2025-02799,2025-07-27,2025,7,30,Kankan,Kérouané,forestier,9.27000,-9.01000,27.07,23.94,31.92,8.95,119.40,386.68,72.92,4.59,6,60.70,0.959,7,0.007,moyen
GN2025-02800,2025-11-18,2025,11,47,Kankan,Kouroussa,soudano-guinéen,10.65000,-9.89000,28.34,23.71,33.25,0.07,25.70,227.63,83.85,7.89,4,62.10,0.455,8,0.008,faible
GN2025-02801,2025-05-02,2025,5,18,Kankan,Mandiana,soudano-guinéen,10.63000,-8.68000,29.40,26.39,32.48,0.70,16.55,47.55,59.06,8.72,1,40.47,0.245,7,0.007,faible
GN2025-02802,2025-02-22,2025,2,8,Kankan,Siguiri,soudano-guinéen,11.42000,-9.17000,30.47,27.46,35.75,0.44,17.38,41.99,60.20,11.10,1,50.92,0.191,4,0.004,faible
GN2025-02803,2025-06-01,2025,6,22,Kindia,Coyah,côtier,9.71000,-13.38000,27.49,23.31,32.54,17.14,50.25,164.19,76.51,9.49,5,57.61,0.527,6,0.007,moyen
GN2025-02804,2025-06-25,2025,6,26,Kindia,Dubréka,côtier,9.79000,-13.52000,27.13,23.96,31.20,6.34,164.27,588.55,70.70,10.25,5,73.87,1.000,15,0.017,eleve
GN2025-02805,2025-08-26,2025,8,35,Kindia,Forécariah,côtier,9.43000,-13.09000,26.85,23.72,31.16,8.10,201.40,868.04,74.60,6.59,7,90.20,1.000,14,0.015,eleve
GN2025-02806,2025-04-14,2025,4,16,Kindia,Kindia,côtier,10.06000,-12.87000,28.48,25.38,31.66,9.52,43.49,118.11,67.14,10.53,3,51.85,0.385,9,0.010,faible
GN2025-02807,2025-03-20,2025,3,12,Kindia,Télimélé,soudano-guinéen,10.91000,-13.04000,29.17,23.63,33.95,0.39,43.79,64.50,59.84,6.46,3,41.51,0.365,5,0.005,faible
GN2025-02808,2025-07-19,2025,7,29,Labé,Koubia,montagneux,11.59000,-11.90000,25.18,20.57,30.00,30.92,71.81,347.06,80.11,8.06,5,64.04,0.686,13,0.012,moyen
GN2025-02809,2025-07-01,2025,7,27,Labé,Labé,montagneux,11.32000,-12.29000,25.00,20.26,28.08,1.01,79.57,391.03,72.25,9.38,6,72.96,0.742,8,0.008,moyen
GN2025-02810,2025-01-29,2025,1,5,Labé,Lélouma,montagneux,11.18000,-12.48000,23.99,19.03,27.81,0.03,2.07,82.85,60.41,12.47,0,44.68,0.109,3,0.003,faible
GN2025-02811,2025-11-11,2025,11,46,Labé,Mali,montagneux,12.08000,-12.30000,24.25,18.83,29.12,8.98,79.80,327.10,76.39,2.83,6,57.07,0.726,7,0.006,moyen
GN2025-02812,2025-05-18,2025,5,20,Labé,Tougué,montagneux,11.45000,-11.67000,25.04,21.07,30.53,51.07,87.66,178.77,74.50,13.82,5,46.43,0.727,7,0.006,moyen
GN2025-02813,2025-08-09,2025,8,32,Mamou,Dalaba,montagneux,10.69000,-12.25000,23.87,18.50,28.45,2.06,126.07,396.32,72.28,9.40,6,61.97,0.965,14,0.013,moyen
GN2025-02814,2025-02-21,2025,2,8,Mamou,Mamou,montagneux,10.38000,-12.09000,26.76,22.06,32.32,0.33,1.38,29.62,54.21,12.08,0,31.82,0.096,6,0.006,faible
GN2025-02815,2025-06-06,2025,6,23,Mamou,Pita,montagneux,11.06000,-12.40000,24.01,19.03,28.27,99.28,127.82,285.82,82.72,5.54,5,66.19,1.000,11,0.010,moyen
GN2025-02816,2025-07-30,2025,7,31,Nzérékoré,Beyla,forestier,8.69000,-8.65000,25.83,22.73,29.82,30.56,279.77,657.48,73.48,6.80,7,84.09,1.000,13,0.013,eleve
GN2025-02817,2025-05-29,2025,5,22,Nzérékoré,Guéckédou,forestier,8.57000,-10.13000,25.67,21.00,29.57,1.11,108.42,602.93,67.69,9.04,6,73.27,0.844,4,0.004,eleve
GN2025-02818,2025-01-17,2025,1,3,Nzérékoré,Lola,forestier,7.80000,-8.53000,27.27,23.59,30.71,0.71,3.15,7.23,54.96,6.05,0,33.50,0.094,6,0.006,faible
GN2025-02819,2025-12-13,2025,12,50,Nzérékoré,Macenta,forestier,8.54000,-9.47000,24.46,20.76,29.26,39.66,268.40,1410.05,78.29,9.72,7,98.00,1.000,8,0.009,eleve
GN2025-02820,2025-07-08,2025,7,28,Nzérékoré,Nzérékoré,forestier,7.76000,-8.82000,25.95,22.71,30.60,0.25,140.26,860.74,76.13,7.95,5,98.00,0.931,12,0.013,eleve
GN2025-02821,2025-06-29,2025,6,26,Nzérékoré,Yomou,forestier,7.56000,-9.31000,26.26,21.42,30.49,15.26,210.45,774.98,79.47,9.68,7,92.31,1.000,13,0.014,eleve
GN2025-02822,2025-07-13,2025,7,28,Conakry,Conakry,côtier,9.54000,-13.68000,26.20,22.45,31.42,90.08,345.92,923.90,85.80,9.57,6,98.00,1.000,13,0.015,eleve
GN2025-02823,2025-10-21,2025,10,43,Boké,Boffa,côtier,10.18000,-14.04000,27.96,23.78,30.99,2.08,155.26,674.95,75.50,8.17,7,80.17,1.000,11,0.011,eleve
GN2025-02824,2025-07-29,2025,7,31,Boké,Boké,côtier,10.94000,-14.29000,27.97,22.80,33.72,23.83,151.30,348.23,78.50,10.25,7,59.30,1.000,7,0.007,eleve
GN2025-02825,2025-07-08,2025,7,28,Boké,Fria,côtier,10.37000,-13.58000,27.95,22.72,33.29,2.21,217.16,592.07,70.68,8.21,6,78.60,1.000,10,0.010,eleve
GN2025-02826,2025-04-13,2025,4,15,Boké,Gaoual,soudano-guinéen,11.75000,-13.20000,30.20,24.86,33.85,0.06,1.49,40.13,60.83,11.82,0,46.17,0.087,2,0.002,faible
GN2025-02827,2025-07-02,2025,7,27,Boké,Koundara,soudano-guinéen,12.48000,-13.30000,28.22,24.70,32.33,2.98,32.92,159.68,79.69,8.56,6,57.72,0.563,5,0.005,moyen
GN2025-02828,2025-10-11,2025,10,41,Faranah,Dabola,soudano-guinéen,10.75000,-11.11000,27.22,23.09,30.55,1.23,58.56,471.70,78.43,5.83,7,76.17,0.723,5,0.005,moyen
GN2025-02829,2025-11-05,2025,11,45,Faranah,Dinguiraye,soudano-guinéen,11.30000,-10.72000,27.61,23.82,30.62,29.02,47.07,334.88,80.46,14.16,5,70.05,0.551,9,0.008,moyen
GN2025-02830,2025-10-14,2025,10,42,Faranah,Faranah,soudano-guinéen,10.04000,-10.74000,28.84,25.27,33.22,0.15,49.88,491.67,75.79,5.66,4,68.03,0.494,12,0.012,moyen
GN2025-02831,2025-07-23,2025,7,30,Faranah,Kissidougou,forestier,9.18000,-10.10000,25.93,22.36,29.17,8.10,287.29,969.52,78.30,9.43,6,98.00,1.000,18,0.019,eleve
GN2025-02832,2025-07-18,2025,7,29,Kankan,Kankan,soudano-guinéen,10.39000,-9.31000,28.70,23.74,33.85,2.89,42.06,252.66,75.64,11.54,5,65.98,0.507,2,0.002,moyen
GN2025-02833,2025-02-23,2025,2,8,Kankan,Kérouané,forestier,9.27000,-9.01000,28.82,23.43,32.11,0.44,2.05,17.60,61.65,9.71,0,43.76,0.096,5,0.005,faible
GN2025-02834,2025-11-18,2025,11,47,Kankan,Kouroussa,soudano-guinéen,10.65000,-9.89000,28.34,23.71,33.25,0.07,25.70,227.63,83.85,7.89,4,64.42,0.465,4,0.004,moyen
GN2025-02835,2025-05-12,2025,5,20,Kankan,Mandiana,soudano-guinéen,10.63000,-8.68000,29.06,24.03,32.93,2.48,24.72,69.37,71.29,5.42,7,47.88,0.507,6,0.006,faible
GN2025-02836,2025-04-25,2025,4,17,Kankan,Siguiri,soudano-guinéen,11.42000,-9.17000,31.05,26.70,35.91,7.96,9.17,69.45,62.68,7.90,1,36.54,0.203,3,0.003,faible
GN2025-02837,2025-01-13,2025,1,3,Kindia,Coyah,côtier,9.71000,-13.38000,29.74,26.22,34.24,0.69,3.50,6.86,50.78,9.44,0,32.86,0.118,3,0.003,faible
GN2025-02838,2025-03-26,2025,3,13,Kindia,Dubréka,côtier,9.79000,-13.52000,29.23,24.53,33.45,0.02,2.54,10.40,51.36,11.89,0,42.43,0.084,1,0.001,faible
GN2025-02839,2025-03-09,2025,3,10,Kindia,Forécariah,côtier,9.43000,-13.09000,29.14,25.94,32.27,0.45,17.58,93.48,61.02,10.78,1,32.78,0.212,3,0.003,faible
GN2025-02840,2025-07-28,2025,7,31,Kindia,Kindia,côtier,10.06000,-12.87000,25.84,21.95,30.21,28.83,264.50,932.35,68.79,7.16,7,96.75,1.000,14,0.015,eleve
GN2025-02841,2025-04-18,2025,4,16,Kindia,Télimélé,soudano-guinéen,10.91000,-13.04000,27.86,22.54,33.32,50.54,72.14,107.84,62.69,10.23,2,44.94,0.552,6,0.006,faible
GN2025-02842,2025-05-11,2025,5,19,Labé,Koubia,montagneux,11.59000,-11.90000,25.27,21.08,28.58,1.63,38.83,117.95,65.55,9.33,4,57.53,0.394,4,0.004,faible
GN2025-02843,2025-03-16,2025,3,11,Labé,Labé,montagneux,11.32000,-12.29000,26.38,21.97,31.72,0.64,20.74,72.48,54.02,13.31,1,33.32,0.193,4,0.004,faible
GN2025-02844,2025-02-08,2025,2,6,Labé,Lélouma,montagneux,11.18000,-12.48000,24.61,19.84,30.30,0.80,2.60,82.18,57.32,9.83,0,38.64,0.137,2,0.002,faible
GN2025-02845,2025-06-28,2025,6,26,Labé,Mali,montagneux,12.08000,-12.30000,24.71,19.18,29.30,28.07,147.37,281.59,80.31,4.70,6,64.42,1.000,11,0.010,eleve
GN2025-02846,2025-06-13,2025,6,24,Labé,Tougué,montagneux,11.45000,-11.67000,25.64,22.52,29.39,2.90,9.50,262.14,71.39,6.69,4,50.43,0.306,3,0.003,faible
GN2025-02847,2025-12-13,2025,12,50,Mamou,Dalaba,montagneux,10.69000,-12.25000,23.44,18.49,27.92,0.61,51.25,681.08,78.54,8.86,3,84.50,0.469,5,0.005,moyen
GN2025-02848,2025-05-27,2025,5,22,Mamou,Mamou,montagneux,10.38000,-12.09000,25.22,20.73,28.62,29.35,87.20,129.18,66.59,8.96,5,41.95,0.696,7,0.007,moyen
GN2025-02849,2025-02-28,2025,2,9,Mamou,Pita,montagneux,11.06000,-12.40000,25.52,20.29,30.38,0.40,42.63,105.56,67.58,9.04,1,52.50,0.280,6,0.006,faible
GN2025-02850,2025-06-16,2025,6,25,Nzérékoré,Beyla,forestier,8.69000,-8.65000,26.43,21.39,30.32,2.17,78.52,334.08,72.86,10.21,5,53.94,0.663,9,0.009,moyen
GN2025-02851,2025-03-18,2025,3,12,Nzérékoré,Guéckédou,forestier,8.57000,-10.13000,27.17,22.81,31.64,0.66,1.76,52.87,61.63,12.80,0,54.40,0.066,4,0.004,faible
GN2025-02852,2025-05-12,2025,5,20,Nzérékoré,Lola,forestier,7.80000,-8.53000,27.08,21.81,30.11,0.63,36.57,328.01,62.99,10.56,5,57.23,0.424,6,0.006,moyen
GN2025-02853,2025-10-20,2025,10,43,Nzérékoré,Macenta,forestier,8.54000,-9.47000,24.27,18.85,29.54,15.29,84.02,1035.56,82.90,8.76,6,98.00,0.759,9,0.010,eleve
GN2025-02854,2025-07-14,2025,7,29,Nzérékoré,Nzérékoré,forestier,7.76000,-8.82000,25.24,20.68,29.68,109.99,238.94,1073.56,81.94,10.23,5,98.00,1.000,13,0.014,eleve
GN2025-02855,2025-11-06,2025,11,45,Nzérékoré,Yomou,forestier,7.56000,-9.31000,25.90,22.83,29.84,2.67,325.13,1035.39,70.35,6.18,7,98.00,1.000,5,0.005,eleve
GN2025-02856,2025-06-23,2025,6,26,Conakry,Conakry,côtier,9.54000,-13.68000,26.75,21.32,31.62,1.65,278.66,943.18,71.39,7.08,6,93.02,1.000,14,0.016,eleve
GN2025-02857,2025-10-02,2025,10,40,Boké,Boffa,côtier,10.18000,-14.04000,27.30,23.95,32.15,5.84,121.70,823.31,87.95,11.07,7,98.00,1.000,8,0.008,eleve
GN2025-02858,2025-05-29,2025,5,22,Boké,Boké,côtier,10.94000,-14.29000,28.97,23.86,33.69,2.38,9.60,177.05,76.48,5.64,5,41.82,0.385,7,0.007,faible
GN2025-02859,2025-12-21,2025,12,51,Boké,Fria,côtier,10.37000,-13.58000,26.68,22.38,30.78,2.44,17.90,312.30,77.82,7.51,6,56.78,0.510,10,0.010,moyen
GN2025-02860,2025-10-24,2025,10,43,Boké,Gaoual,soudano-guinéen,11.75000,-13.20000,28.96,25.44,33.72,2.42,29.00,329.06,67.47,7.83,6,70.70,0.457,8,0.008,faible
GN2025-02861,2025-01-27,2025,1,5,Boké,Koundara,soudano-guinéen,12.48000,-13.30000,29.40,25.43,32.94,0.67,1.65,22.11,51.25,8.92,0,37.89,0.138,6,0.006,faible
GN2025-02862,2025-01-09,2025,1,2,Faranah,Dabola,soudano-guinéen,10.75000,-11.11000,28.78,23.48,34.15,0.76,2.68,3.06,60.61,8.14,0,38.65,0.086,2,0.002,faible
GN2025-02863,2025-05-17,2025,5,20,Faranah,Dinguiraye,soudano-guinéen,11.30000,-10.72000,28.49,23.42,32.64,1.27,105.01,186.32,69.64,8.60,4,52.22,0.744,6,0.006,moyen
GN2025-02864,2025-09-19,2025,9,38,Faranah,Faranah,soudano-guinéen,10.04000,-10.74000,27.69,23.43,32.87,16.03,131.36,409.83,76.36,7.56,7,68.98,1.000,14,0.014,eleve
GN2025-02865,2025-11-07,2025,11,45,Faranah,Kissidougou,forestier,9.18000,-10.10000,26.92,23.73,31.70,7.72,186.22,749.98,78.49,6.95,6,82.93,1.000,14,0.015,eleve
GN2025-02866,2025-06-03,2025,6,23,Kankan,Kankan,soudano-guinéen,10.39000,-9.31000,29.93,25.92,34.80,2.75,107.03,233.57,66.93,6.60,7,49.90,0.900,10,0.010,moyen
GN2025-02867,2025-12-24,2025,12,52,Kankan,Kérouané,forestier,9.27000,-9.01000,27.91,24.29,33.30,26.61,160.25,635.79,84.05,8.47,6,86.45,1.000,15,0.015,eleve
GN2025-02868,2025-01-22,2025,1,4,Kankan,Kouroussa,soudano-guinéen,10.65000,-9.89000,29.71,24.54,33.43,0.24,2.59,11.74,57.00,7.85,0,34.13,0.121,0,0.000,faible
GN2025-02869,2025-10-13,2025,10,42,Kankan,Mandiana,soudano-guinéen,10.63000,-8.68000,27.92,23.17,31.36,2.84,29.77,330.21,70.98,6.99,6,63.49,0.466,11,0.011,moyen
GN2025-02870,2025-07-30,2025,7,31,Kankan,Siguiri,soudano-guinéen,11.42000,-9.17000,30.28,27.13,34.20,2.94,59.65,170.15,71.22,11.72,5,58.67,0.512,4,0.004,faible
GN2025-02871,2025-02-28,2025,2,9,Kindia,Coyah,côtier,9.71000,-13.38000,29.04,23.72,32.69,0.43,2.99,44.25,62.15,11.52,0,40.67,0.066,4,0.004,faible
GN2025-02872,2025-07-31,2025,7,31,Kindia,Dubréka,côtier,9.79000,-13.52000,26.93,21.34,30.56,26.16,229.48,1155.26,80.85,8.33,7,98.00,1.000,13,0.014,eleve
GN2025-02873,2025-09-10,2025,9,37,Kindia,Forécariah,côtier,9.43000,-13.09000,26.24,22.78,30.50,18.70,492.55,1456.92,78.35,11.06,7,98.00,1.000,12,0.013,eleve
GN2025-02874,2025-06-30,2025,6,27,Kindia,Kindia,côtier,10.06000,-12.87000,26.55,22.18,31.14,41.73,250.58,1006.08,80.02,8.95,7,87.62,1.000,8,0.008,eleve
GN2025-02875,2025-05-24,2025,5,21,Kindia,Télimélé,soudano-guinéen,10.91000,-13.04000,27.27,23.13,32.30,2.92,48.00,150.14,79.49,7.91,7,55.26,0.681,9,0.009,moyen
GN2025-02876,2025-10-29,2025,10,44,Labé,Koubia,montagneux,11.59000,-11.90000,24.46,20.06,29.99,28.19,83.29,539.58,81.77,7.89,5,81.63,0.739,7,0.006,moyen
GN2025-02877,2025-10-18,2025,10,42,Labé,Labé,montagneux,11.32000,-12.29000,24.65,20.97,29.34,8.50,22.89,344.09,73.63,5.28,7,64.19,0.436,11,0.010,faible
GN2025-02878,2025-01-30,2025,1,5,Labé,Lélouma,montagneux,11.18000,-12.48000,24.29,18.97,28.91,0.22,1.98,83.07,59.26,10.04,0,36.17,0.026,3,0.003,faible
GN2025-02879,2025-09-20,2025,9,38,Labé,Mali,montagneux,12.08000,-12.30000,23.17,19.97,27.95,42.34,147.94,387.53,78.64,6.15,6,63.52,1.000,12,0.011,moyen
GN2025-02880,2025-12-05,2025,12,49,Labé,Tougué,montagneux,11.45000,-11.67000,25.14,20.16,30.23,15.41,64.64,427.44,71.43,9.76,7,74.07,0.689,10,0.009,moyen
GN2025-02881,2025-08-04,2025,8,32,Mamou,Dalaba,montagneux,10.69000,-12.25000,25.58,21.07,29.41,38.22,123.41,389.03,86.02,9.26,5,68.60,1.000,6,0.006,eleve
GN2025-02882,2025-05-26,2025,5,22,Mamou,Mamou,montagneux,10.38000,-12.09000,25.97,21.28,30.56,7.95,59.32,99.91,64.42,8.69,5,51.34,0.535,8,0.008,faible
GN2025-02883,2025-09-05,2025,9,36,Mamou,Pita,montagneux,11.06000,-12.40000,24.37,19.32,30.10,38.27,95.61,528.66,76.39,7.49,6,71.93,0.814,11,0.010,moyen
GN2025-02884,2025-02-14,2025,2,7,Nzérékoré,Beyla,forestier,8.69000,-8.65000,27.63,22.40,32.59,0.23,42.49,95.04,55.44,9.44,1,42.60,0.327,4,0.004,faible
GN2025-02885,2025-08-29,2025,8,35,Nzérékoré,Guéckédou,forestier,8.57000,-10.13000,25.75,20.48,28.95,100.77,197.59,1005.15,92.59,5.80,6,98.00,1.000,11,0.012,eleve
GN2025-02886,2025-07-21,2025,7,30,Nzérékoré,Lola,forestier,7.80000,-8.53000,24.46,19.22,30.18,41.49,139.35,797.59,73.89,7.34,6,83.82,1.000,17,0.018,eleve
GN2025-02887,2025-07-11,2025,7,28,Nzérékoré,Macenta,forestier,8.54000,-9.47000,24.95,21.05,29.31,0.47,332.64,869.17,73.03,9.62,6,96.09,1.000,15,0.016,eleve
GN2025-02888,2025-06-04,2025,6,23,Nzérékoré,Nzérékoré,forestier,7.76000,-8.82000,25.91,20.41,30.22,9.53,37.46,443.57,76.05,13.92,6,63.80,0.581,11,0.012,moyen
GN2025-02889,2025-02-17,2025,2,8,Nzérékoré,Yomou,forestier,7.56000,-9.31000,27.62,22.79,31.55,0.22,53.60,81.84,54.70,7.47,1,35.62,0.426,7,0.007,faible
GN2025-02890,2025-08-23,2025,8,34,Conakry,Conakry,côtier,9.54000,-13.68000,26.87,22.35,30.50,0.22,139.18,1011.55,78.88,4.67,4,98.00,0.934,10,0.012,eleve
GN2025-02891,2025-11-05,2025,11,45,Boké,Boffa,côtier,10.18000,-14.04000,27.56,23.42,30.63,41.83,98.79,545.90,75.67,6.27,5,72.48,0.748,4,0.004,moyen
GN2025-02892,2025-10-07,2025,10,41,Boké,Boké,côtier,10.94000,-14.29000,28.30,23.19,31.35,0.26,105.46,391.65,79.58,10.18,6,63.65,0.847,15,0.015,eleve
GN2025-02893,2025-12-19,2025,12,51,Boké,Fria,côtier,10.37000,-13.58000,27.12,23.62,31.65,2.91,90.18,332.19,81.24,7.55,6,69.71,0.772,10,0.010,moyen
GN2025-02894,2025-01-15,2025,1,3,Boké,Gaoual,soudano-guinéen,11.75000,-13.20000,30.51,27.22,35.00,3.45,56.79,68.48,54.06,9.66,3,40.29,0.450,1,0.001,faible
GN2025-02895,2025-07-06,2025,7,27,Boké,Koundara,soudano-guinéen,12.48000,-13.30000,29.68,24.58,34.78,2.64,25.47,136.34,70.68,7.15,7,40.43,0.470,7,0.007,faible
GN2025-02896,2025-07-29,2025,7,31,Faranah,Dabola,soudano-guinéen,10.75000,-11.11000,27.18,22.49,32.79,15.83,89.36,273.96,74.18,8.33,6,63.44,0.789,10,0.010,moyen
GN2025-02897,2025-09-02,2025,9,36,Faranah,Dinguiraye,soudano-guinéen,11.30000,-10.72000,28.20,23.38,31.52,0.14,83.75,396.96,73.81,11.22,5,73.83,0.675,7,0.007,moyen
GN2025-02898,2025-09-07,2025,9,36,Faranah,Faranah,soudano-guinéen,10.04000,-10.74000,27.60,23.99,30.60,2.69,42.47,448.28,75.30,11.83,5,71.00,0.548,9,0.009,moyen
GN2025-02899,2025-04-28,2025,4,18,Faranah,Kissidougou,forestier,9.18000,-10.10000,26.57,22.34,31.42,0.61,25.10,144.29,62.87,10.54,2,39.94,0.275,7,0.007,faible
GN2025-02900,2025-05-05,2025,5,19,Kankan,Kankan,soudano-guinéen,10.39000,-9.31000,29.51,24.45,34.90,0.15,8.30,33.82,70.08,12.19,1,33.67,0.103,4,0.004,faible
GN2025-02901,2025-01-29,2025,1,5,Kankan,Kérouané,forestier,9.27000,-9.01000,29.39,24.86,33.25,0.46,7.67,18.24,56.30,3.65,1,25.22,0.217,5,0.005,faible
GN2025-02902,2025-10-03,2025,10,40,Kankan,Kouroussa,soudano-guinéen,10.65000,-9.89000,28.47,24.69,33.88,0.91,94.98,354.39,77.35,7.12,5,72.43,0.795,6,0.006,moyen
GN2025-02903,2025-02-24,2025,2,9,Kankan,Mandiana,soudano-guinéen,10.63000,-8.68000,30.23,24.81,34.65,0.60,8.09,18.46,67.50,11.42,1,42.31,0.176,2,0.002,faible
GN2025-02904,2025-10-22,2025,10,43,Kankan,Siguiri,soudano-guinéen,11.42000,-9.17000,29.85,26.40,35.40,1.47,8.83,169.50,77.77,8.03,3,47.10,0.303,9,0.008,faible
GN2025-02905,2025-02-26,2025,2,9,Kindia,Coyah,côtier,9.71000,-13.38000,29.41,24.74,34.35,0.40,2.54,43.94,63.80,12.82,0,40.11,0.094,1,0.001,faible
GN2025-02906,2025-08-20,2025,8,34,Kindia,Dubréka,côtier,9.79000,-13.52000,27.38,22.55,31.09,51.44,255.19,1136.65,76.94,14.65,7,98.00,1.000,12,0.013,eleve
GN2025-02907,2025-08-09,2025,8,32,Kindia,Forécariah,côtier,9.43000,-13.09000,27.80,23.12,31.16,4.32,227.41,1210.10,72.90,7.71,6,98.00,1.000,14,0.015,eleve
GN2025-02908,2025-12-09,2025,12,50,Kindia,Kindia,côtier,10.06000,-12.87000,26.60,23.56,31.24,34.00,102.85,786.44,84.09,5.29,7,98.00,0.935,14,0.015,eleve
GN2025-02909,2025-08-02,2025,8,31,Kindia,Télimélé,soudano-guinéen,10.91000,-13.04000,27.61,22.31,31.88,14.36,92.94,543.93,67.74,5.64,7,80.76,0.851,11,0.011,eleve
GN2025-02910,2025-02-19,2025,2,8,Labé,Koubia,montagneux,11.59000,-11.90000,26.44,21.40,30.99,1.59,26.06,52.84,57.28,11.50,2,30.78,0.325,2,0.002,faible
GN2025-02911,2025-10-28,2025,10,44,Labé,Labé,montagneux,11.32000,-12.29000,23.64,19.42,27.51,1.68,75.53,419.38,74.36,6.26,7,63.56,0.739,6,0.006,moyen
GN2025-02912,2025-03-04,2025,3,10,Labé,Lélouma,montagneux,11.18000,-12.48000,24.54,19.89,30.11,0.54,8.45,22.17,57.85,10.43,1,34.93,0.170,1,0.001,faible
GN2025-02913,2025-02-22,2025,2,8,Labé,Mali,montagneux,12.08000,-12.30000,25.60,20.38,31.03,0.05,13.11,43.57,57.22,10.08,1,29.83,0.243,4,0.004,faible
GN2025-02914,2025-10-11,2025,10,41,Labé,Tougué,montagneux,11.45000,-11.67000,23.68,19.46,29.34,1.22,63.63,313.50,73.57,9.10,7,66.94,0.707,8,0.007,moyen
GN2025-02915,2025-02-13,2025,2,7,Mamou,Dalaba,montagneux,10.69000,-12.25000,24.68,21.28,28.76,0.72,2.58,58.94,54.58,9.98,0,43.83,0.144,4,0.004,faible
GN2025-02916,2025-03-19,2025,3,12,Mamou,Mamou,montagneux,10.38000,-12.09000,26.85,21.91,31.05,0.56,4.37,35.35,61.64,8.82,0,38.24,0.143,2,0.002,faible
GN2025-02917,2025-02-01,2025,2,5,Mamou,Pita,montagneux,11.06000,-12.40000,26.24,23.17,31.83,0.36,10.87,37.63,53.85,10.33,1,41.10,0.175,1,0.001,faible
GN2025-02918,2025-01-03,2025,1,1,Nzérékoré,Beyla,forestier,8.69000,-8.65000,28.74,24.24,34.00,0.05,1.52,1.52,53.89,9.85,0,22.41,0.103,2,0.002,faible
GN2025-02919,2025-09-06,2025,9,36,Nzérékoré,Guéckédou,forestier,8.57000,-10.13000,25.47,21.15,31.11,1.85,146.80,706.25,73.76,8.34,7,80.06,1.000,13,0.014,eleve
GN2025-02920,2025-03-18,2025,3,12,Nzérékoré,Lola,forestier,7.80000,-8.53000,26.40,21.62,30.70,0.78,2.86,107.57,57.03,12.36,0,42.73,0.049,4,0.004,faible
GN2025-02921,2025-02-08,2025,2,6,Nzérékoré,Macenta,forestier,8.54000,-9.47000,25.92,20.54,30.08,0.63,3.37,27.05,68.54,12.95,0,40.94,0.091,7,0.008,faible
GN2025-02922,2025-04-28,2025,4,18,Nzérékoré,Nzérékoré,forestier,7.76000,-8.82000,25.77,21.20,28.85,0.08,35.29,213.47,66.40,10.38,1,45.17,0.270,1,0.001,faible
GN2025-02923,2025-09-16,2025,9,38,Nzérékoré,Yomou,forestier,7.56000,-9.31000,25.28,22.18,30.86,1.04,403.30,1538.99,72.76,9.88,7,98.00,1.000,12,0.013,eleve
GN2025-02924,2025-11-04,2025,11,45,Conakry,Conakry,côtier,9.54000,-13.68000,27.83,24.69,33.19,4.96,305.67,1187.29,73.20,5.90,7,98.00,1.000,10,0.012,eleve
GN2025-02925,2025-07-04,2025,7,27,Boké,Boffa,côtier,10.18000,-14.04000,27.80,23.34,31.44,2.19,139.59,381.72,80.17,8.86,6,76.13,1.000,8,0.008,eleve
GN2025-02926,2025-11-25,2025,11,48,Boké,Boké,côtier,10.94000,-14.29000,27.58,22.29,31.07,4.25,138.67,572.30,75.23,6.84,7,70.95,0.977,16,0.016,eleve
GN2025-02927,2025-02-25,2025,2,9,Boké,Fria,côtier,10.37000,-13.58000,28.49,25.16,33.82,0.51,2.88,80.67,55.11,7.77,0,39.58,0.054,2,0.002,faible
GN2025-02928,2025-12-27,2025,12,52,Boké,Gaoual,soudano-guinéen,11.75000,-13.20000,27.93,24.22,31.42,18.26,52.98,341.40,75.40,8.00,6,64.59,0.597,9,0.009,moyen
GN2025-02929,2025-07-22,2025,7,30,Boké,Koundara,soudano-guinéen,12.48000,-13.30000,30.10,26.61,34.04,0.45,17.93,101.54,75.19,5.46,5,46.51,0.429,11,0.010,faible
GN2025-02930,2025-08-15,2025,8,33,Faranah,Dabola,soudano-guinéen,10.75000,-11.11000,27.39,22.50,32.18,0.40,20.92,252.90,70.52,5.10,4,55.43,0.403,5,0.005,faible
GN2025-02931,2025-03-05,2025,3,10,Faranah,Dinguiraye,soudano-guinéen,11.30000,-10.72000,28.44,23.20,33.48,0.72,12.49,46.23,61.29,9.88,1,46.61,0.158,2,0.002,faible
GN2025-02932,2025-09-21,2025,9,38,Faranah,Faranah,soudano-guinéen,10.04000,-10.74000,27.76,22.53,32.58,0.29,121.68,407.24,71.47,6.04,5,72.46,0.813,16,0.016,eleve
GN2025-02933,2025-08-01,2025,8,31,Faranah,Kissidougou,forestier,9.18000,-10.10000,26.50,21.06,31.84,98.54,230.23,983.89,97.79,9.17,6,98.00,1.000,12,0.013,eleve
GN2025-02934,2025-10-08,2025,10,41,Kankan,Kankan,soudano-guinéen,10.39000,-9.31000,28.83,24.48,34.22,1.50,11.19,272.29,74.90,8.75,5,57.57,0.378,9,0.009,faible
GN2025-02935,2025-01-22,2025,1,4,Kankan,Kérouané,forestier,9.27000,-9.01000,27.85,24.52,33.08,0.44,2.52,10.57,57.55,10.62,0,35.17,0.057,5,0.005,faible
GN2025-02936,2025-01-13,2025,1,3,Kankan,Kouroussa,soudano-guinéen,10.65000,-9.89000,29.54,25.78,32.55,0.41,5.51,8.11,56.46,6.63,1,43.76,0.168,2,0.002,faible
GN2025-02937,2025-12-20,2025,12,51,Kankan,Mandiana,soudano-guinéen,10.63000,-8.68000,28.12,25.10,31.67,23.45,35.09,332.46,75.89,9.23,4,65.68,0.501,7,0.007,faible
GN2025-02938,2025-11-06,2025,11,45,Kankan,Siguiri,soudano-guinéen,11.42000,-9.17000,28.41,24.31,34.18,1.92,17.07,168.21,66.54,11.46,5,52.71,0.345,6,0.006,faible
GN2025-02939,2025-12-05,2025,12,49,Kindia,Coyah,côtier,9.71000,-13.38000,28.01,23.99,32.97,16.97,149.09,705.13,74.30,10.95,6,86.74,1.000,12,0.013,eleve
GN2025-02940,2025-06-16,2025,6,25,Kindia,Dubréka,côtier,9.79000,-13.52000,28.26,23.80,31.47,42.83,303.21,420.03,76.27,7.06,7,59.23,1.000,17,0.019,eleve
GN2025-02941,2025-09-09,2025,9,37,Kindia,Forécariah,côtier,9.43000,-13.09000,26.97,23.59,31.26,1.66,510.16,1449.32,75.50,3.28,7,98.00,1.000,19,0.021,eleve
GN2025-02942,2025-03-03,2025,3,10,Kindia,Kindia,côtier,10.06000,-12.87000,28.48,24.26,33.90,0.57,3.06,29.11,61.89,10.15,0,39.98,0.142,5,0.005,faible
GN2025-02943,2025-07-15,2025,7,29,Kindia,Télimélé,soudano-guinéen,10.91000,-13.04000,26.66,22.85,31.46,66.48,259.92,598.70,81.97,11.35,7,80.44,1.000,17,0.017,eleve
GN2025-02944,2025-02-17,2025,2,8,Labé,Koubia,montagneux,11.59000,-11.90000,25.66,20.84,30.87,0.22,25.30,51.49,58.80,11.11,1,36.19,0.214,2,0.002,faible
GN2025-02945,2025-12-24,2025,12,52,Labé,Labé,montagneux,11.32000,-12.29000,24.25,20.19,27.60,2.64,150.24,501.59,77.57,10.87,7,69.28,1.000,9,0.008,eleve
GN2025-02946,2025-03-03,2025,3,10,Labé,Lélouma,montagneux,11.18000,-12.48000,26.05,21.05,29.54,0.32,13.75,21.99,57.61,11.34,2,45.81,0.224,2,0.002,faible
GN2025-02947,2025-12-31,2025,12,1,Labé,Mali,montagneux,12.08000,-12.30000,24.54,19.14,30.01,0.65,63.93,265.07,75.71,6.52,4,55.94,0.637,6,0.005,moyen
GN2025-02948,2025-08-15,2025,8,33,Labé,Tougué,montagneux,11.45000,-11.67000,24.43,20.26,28.90,40.80,136.99,318.23,77.14,8.34,7,53.94,1.000,11,0.010,moyen
GN2025-02949,2025-04-03,2025,4,14,Mamou,Dalaba,montagneux,10.69000,-12.25000,26.12,22.34,30.94,0.50,20.37,37.60,59.86,10.87,2,45.46,0.263,5,0.005,faible
GN2025-02950,2025-02-26,2025,2,9,Mamou,Mamou,montagneux,10.38000,-12.09000,25.55,21.11,30.91,0.66,2.95,14.41,54.52,10.92,0,36.68,0.143,2,0.002,faible
GN2025-02951,2025-05-08,2025,5,19,Mamou,Pita,montagneux,11.06000,-12.40000,25.42,20.63,29.41,51.48,97.13,224.39,62.48,10.51,5,57.04,0.770,7,0.007,moyen
GN2025-02952,2025-05-15,2025,5,20,Nzérékoré,Beyla,forestier,8.69000,-8.65000,27.27,23.56,31.38,13.48,101.68,239.13,69.65,11.92,6,64.03,0.846,13,0.013,moyen
GN2025-02953,2025-11-24,2025,11,48,Nzérékoré,Guéckédou,forestier,8.57000,-10.13000,24.70,20.10,28.03,26.97,119.31,1024.31,71.54,6.17,6,98.00,0.928,13,0.014,eleve
GN2025-02954,2025-09-04,2025,9,36,Nzérékoré,Lola,forestier,7.80000,-8.53000,25.00,20.03,29.88,78.28,307.12,1000.50,83.01,7.34,7,98.00,1.000,8,0.008,eleve
GN2025-02955,2025-08-27,2025,8,35,Nzérékoré,Macenta,forestier,8.54000,-9.47000,24.34,19.59,27.83,13.65,399.95,1499.00,73.92,9.17,7,98.00,1.000,15,0.016,eleve
GN2025-02956,2025-05-09,2025,5,19,Nzérékoré,Nzérékoré,forestier,7.76000,-8.82000,26.65,21.63,31.46,0.10,51.63,217.39,72.32,8.40,4,57.83,0.494,7,0.008,moyen
GN2025-02957,2025-07-12,2025,7,28,Nzérékoré,Yomou,forestier,7.56000,-9.31000,26.48,21.16,29.65,27.08,180.71,912.89,82.02,7.63,4,98.00,1.000,10,0.011,eleve
GN2025-02958,2025-11-28,2025,11,48,Conakry,Conakry,côtier,9.54000,-13.68000,27.64,22.55,31.85,3.28,172.59,1020.26,77.09,8.48,6,98.00,1.000,22,0.026,eleve
GN2025-02959,2025-10-08,2025,10,41,Boké,Boffa,côtier,10.18000,-14.04000,28.49,24.06,32.25,0.78,51.09,659.44,71.57,6.77,5,80.61,0.538,8,0.008,moyen
GN2025-02960,2025-08-22,2025,8,34,Boké,Boké,côtier,10.94000,-14.29000,28.23,24.24,31.56,16.39,188.06,446.44,72.30,6.97,6,71.71,1.000,10,0.010,eleve
GN2025-02961,2025-09-07,2025,9,36,Boké,Fria,côtier,10.37000,-13.58000,27.40,22.14,30.52,13.87,67.05,837.20,75.58,5.53,7,97.94,0.764,13,0.013,eleve
GN2025-02962,2025-10-24,2025,10,43,Boké,Gaoual,soudano-guinéen,11.75000,-13.20000,28.96,25.44,33.72,2.42,29.00,329.06,67.47,7.83,6,61.21,0.491,7,0.007,faible
GN2025-02963,2025-08-23,2025,8,34,Boké,Koundara,soudano-guinéen,12.48000,-13.30000,28.06,24.64,32.88,0.40,87.55,247.94,72.18,11.52,4,57.64,0.682,7,0.007,moyen
GN2025-02964,2025-10-31,2025,10,44,Faranah,Dabola,soudano-guinéen,10.75000,-11.11000,27.85,22.38,31.71,1.00,142.16,420.93,77.62,5.74,5,67.16,1.000,12,0.012,eleve
GN2025-02965,2025-09-07,2025,9,36,Faranah,Dinguiraye,soudano-guinéen,11.30000,-10.72000,26.95,23.18,31.79,83.53,207.83,463.60,83.60,5.77,6,74.15,1.000,13,0.012,eleve
GN2025-02966,2025-03-17,2025,3,12,Faranah,Faranah,soudano-guinéen,10.04000,-10.74000,29.67,25.99,35.34,0.55,33.68,55.52,52.82,11.67,1,41.20,0.342,2,0.002,faible
GN2025-02967,2025-06-07,2025,6,23,Faranah,Kissidougou,forestier,9.18000,-10.10000,26.34,20.89,29.79,46.60,101.50,359.21,76.68,6.76,7,68.67,0.942,13,0.014,eleve
GN2025-02968,2025-02-23,2025,2,8,Kankan,Kankan,soudano-guinéen,10.39000,-9.31000,29.89,25.11,34.30,0.04,2.68,47.06,55.26,10.40,0,37.35,0.148,1,0.001,faible
GN2025-02969,2025-02-22,2025,2,8,Kankan,Kérouané,forestier,9.27000,-9.01000,28.65,23.33,33.92,0.01,2.15,17.24,54.09,13.39,0,25.39,0.136,3,0.003,faible
GN2025-02970,2025-10-22,2025,10,43,Kankan,Kouroussa,soudano-guinéen,10.65000,-9.89000,28.08,23.03,31.69,0.83,101.84,249.67,69.31,7.56,6,56.47,0.839,5,0.005,moyen
GN2025-02971,2025-05-16,2025,5,20,Kankan,Mandiana,soudano-guinéen,10.63000,-8.68000,28.00,23.55,31.16,0.55,18.88,75.52,67.49,9.17,5,41.25,0.335,6,0.006,faible
GN2025-02972,2025-07-11,2025,7,28,Kankan,Siguiri,soudano-guinéen,11.42000,-9.17000,29.15,25.41,33.63,2.94,13.19,165.33,78.92,5.48,5,50.60,0.422,1,0.001,faible
GN2025-02973,2025-07-11,2025,7,28,Kindia,Coyah,côtier,9.71000,-13.38000,26.96,22.29,31.61,13.23,85.09,596.80,78.95,10.94,6,84.88,0.730,16,0.018,eleve
GN2025-02974,2025-12-12,2025,12,50,Kindia,Dubréka,côtier,9.79000,-13.52000,28.28,23.73,33.93,24.22,311.86,992.29,75.91,7.50,7,98.00,1.000,13,0.014,eleve
GN2025-02975,2025-05-14,2025,5,20,Kindia,Forécariah,côtier,9.43000,-13.09000,27.59,23.38,31.47,10.15,61.47,311.40,66.61,7.09,6,63.59,0.624,4,0.004,moyen
GN2025-02976,2025-04-26,2025,4,17,Kindia,Kindia,côtier,10.06000,-12.87000,27.42,22.69,31.49,0.72,24.15,133.63,62.28,11.87,2,45.85,0.254,6,0.006,faible
GN2025-02977,2025-03-24,2025,3,13,Kindia,Télimélé,soudano-guinéen,10.91000,-13.04000,28.52,23.75,32.41,0.56,3.41,64.01,52.64,12.76,0,35.23,0.000,5,0.005,faible
GN2025-02978,2025-12-22,2025,12,52,Labé,Koubia,montagneux,11.59000,-11.90000,23.56,18.36,26.90,0.07,12.52,337.18,75.13,10.73,3,52.31,0.334,6,0.005,faible
GN2025-02979,2025-04-11,2025,4,15,Labé,Labé,montagneux,11.32000,-12.29000,25.55,20.40,29.96,0.29,2.02,89.98,65.08,8.51,0,44.41,0.048,4,0.004,faible
GN2025-02980,2025-06-27,2025,6,26,Labé,Lélouma,montagneux,11.18000,-12.48000,23.85,20.82,28.53,0.51,95.90,347.19,67.74,7.02,6,56.47,0.763,7,0.006,moyen
GN2025-02981,2025-02-21,2025,2,8,Labé,Mali,montagneux,12.08000,-12.30000,25.55,20.48,30.22,0.38,13.55,44.23,59.83,12.12,1,49.48,0.247,3,0.003,faible
GN2025-02982,2025-05-24,2025,5,21,Labé,Tougué,montagneux,11.45000,-11.67000,25.38,21.19,29.81,2.05,57.43,152.84,67.99,8.18,4,49.94,0.530,9,0.008,faible
GN2025-02983,2025-07-16,2025,7,29,Mamou,Dalaba,montagneux,10.69000,-12.25000,25.17,21.02,29.17,14.01,146.53,320.99,77.15,7.25,7,70.27,1.000,16,0.015,moyen
GN2025-02984,2025-02-15,2025,2,7,Mamou,Mamou,montagneux,10.38000,-12.09000,26.50,22.14,31.81,0.20,1.61,29.92,54.86,10.20,0,46.91,0.125,1,0.001,faible
GN2025-02985,2025-03-23,2025,3,12,Mamou,Pita,montagneux,11.06000,-12.40000,26.73,22.46,32.00,0.54,2.44,76.47,59.20,8.14,0,38.01,0.091,5,0.005,faible
GN2025-02986,2025-12-28,2025,12,52,Nzérékoré,Beyla,forestier,8.69000,-8.65000,25.95,20.60,31.09,6.95,91.06,592.31,76.98,6.60,6,77.71,0.836,7,0.007,eleve
GN2025-02987,2025-06-03,2025,6,23,Nzérékoré,Guéckédou,forestier,8.57000,-10.13000,25.90,22.54,31.35,1.83,211.94,705.88,66.25,8.61,7,82.00,1.000,14,0.015,eleve
GN2025-02988,2025-12-05,2025,12,49,Nzérékoré,Lola,forestier,7.80000,-8.53000,25.35,21.87,30.13,36.09,288.44,1158.38,85.36,7.63,6,98.00,1.000,19,0.020,eleve
GN2025-02989,2025-05-17,2025,5,20,Nzérékoré,Macenta,forestier,8.54000,-9.47000,26.46,21.73,29.89,25.70,140.68,341.44,66.64,8.33,7,63.40,1.000,8,0.009,eleve
GN2025-02990,2025-12-13,2025,12,50,Nzérékoré,Nzérékoré,forestier,7.76000,-8.82000,25.84,20.41,29.81,79.91,221.04,756.85,82.60,9.09,6,90.52,1.000,14,0.015,eleve
GN2025-02991,2025-06-04,2025,6,23,Nzérékoré,Yomou,forestier,7.56000,-9.31000,25.99,20.91,30.53,21.42,68.66,443.17,68.56,8.67,6,65.97,0.687,11,0.012,moyen
GN2025-02992,2025-07-20,2025,7,29,Conakry,Conakry,côtier,9.54000,-13.68000,27.35,22.85,31.46,29.88,171.93,882.23,77.59,4.43,6,96.17,1.000,15,0.017,eleve
GN2025-02993,2025-06-20,2025,6,25,Boké,Boffa,côtier,10.18000,-14.04000,28.39,23.49,33.18,1.84,115.17,301.44,70.83,7.54,5,69.30,0.863,10,0.010,moyen
GN2025-02994,2025-03-11,2025,3,11,Boké,Boké,côtier,10.94000,-14.29000,28.75,23.78,33.92,0.43,12.83,65.74,58.48,11.12,1,41.17,0.192,4,0.004,faible
GN2025-02995,2025-12-15,2025,12,51,Boké,Fria,côtier,10.37000,-13.58000,27.15,21.99,31.40,5.01,117.48,374.85,75.60,8.62,7,57.69,0.965,8,0.008,eleve
GN2025-02996,2025-07-28,2025,7,31,Boké,Gaoual,soudano-guinéen,11.75000,-13.20000,27.70,23.04,31.79,54.37,81.04,262.92,76.28,7.84,4,59.54,0.676,4,0.004,moyen
GN2025-02997,2025-06-25,2025,6,26,Boké,Koundara,soudano-guinéen,12.48000,-13.30000,28.89,24.71,31.89,4.95,32.66,135.63,74.90,7.49,6,50.70,0.529,6,0.006,faible
GN2025-02998,2025-07-18,2025,7,29,Faranah,Dabola,soudano-guinéen,10.75000,-11.11000,28.16,22.62,31.23,2.90,42.98,253.24,79.02,7.58,4,53.96,0.475,4,0.004,moyen
GN2025-02999,2025-03-12,2025,3,11,Faranah,Dinguiraye,soudano-guinéen,11.30000,-10.72000,29.10,25.14,33.69,0.37,3.27,47.11,63.34,11.57,0,43.40,0.111,4,0.004,faible
GN2025-03000,2025-02-17,2025,2,8,Faranah,Faranah,soudano-guinéen,10.04000,-10.74000,28.77,24.89,31.88,0.37,2.29,31.69,52.44,12.90,0,34.84,0.059,3,0.003,faible
GN2025-03001,2025-07-29,2025,7,31,Faranah,Kissidougou,forestier,9.18000,-10.10000,26.35,21.86,29.99,26.56,155.69,911.49,76.15,8.76,7,93.64,1.000,11,0.012,eleve
GN2025-03002,2025-02-10,2025,2,7,Kankan,Kankan,soudano-guinéen,10.39000,-9.31000,30.07,26.53,33.94,0.73,2.40,45.17,56.48,10.26,0,39.57,0.112,3,0.003,faible
GN2025-03003,2025-10-11,2025,10,41,Kankan,Kérouané,forestier,9.27000,-9.01000,27.25,22.63,30.86,87.75,256.25,725.80,84.25,11.35,7,93.11,1.000,16,0.016,eleve
GN2025-03004,2025-02-22,2025,2,8,Kankan,Kouroussa,soudano-guinéen,10.65000,-9.89000,29.88,25.78,33.20,0.32,13.75,32.44,59.63,11.17,1,39.99,0.203,2,0.002,faible
GN2025-03005,2025-07-25,2025,7,30,Kankan,Mandiana,soudano-guinéen,10.63000,-8.68000,28.40,23.56,32.20,1.28,46.91,266.38,72.47,8.90,6,62.50,0.648,9,0.009,moyen
GN2025-03006,2025-06-28,2025,6,26,Kankan,Siguiri,soudano-guinéen,11.42000,-9.17000,28.99,25.80,33.73,2.69,16.55,172.63,73.48,13.31,4,52.86,0.243,4,0.004,faible
GN2025-03007,2025-01-20,2025,1,4,Kindia,Coyah,côtier,9.71000,-13.38000,30.43,26.60,33.70,0.33,30.29,37.15,50.50,5.78,1,39.11,0.212,5,0.006,faible
GN2025-03008,2025-02-28,2025,2,9,Kindia,Dubréka,côtier,9.79000,-13.52000,29.45,26.16,33.63,0.59,2.51,91.80,57.91,9.88,0,46.33,0.096,4,0.004,faible
GN2025-03009,2025-11-13,2025,11,46,Kindia,Forécariah,côtier,9.43000,-13.09000,26.63,22.67,31.65,3.24,99.15,1013.80,69.62,4.63,6,98.00,0.825,16,0.017,eleve
GN2025-03010,2025-04-19,2025,4,16,Kindia,Kindia,côtier,10.06000,-12.87000,26.86,22.99,31.47,28.04,39.54,112.45,68.32,9.23,2,51.04,0.367,8,0.008,faible
GN2025-03011,2025-03-20,2025,3,12,Kindia,Télimélé,soudano-guinéen,10.91000,-13.04000,29.17,23.63,33.95,0.39,43.79,64.50,59.84,6.46,3,38.03,0.393,5,0.005,faible
GN2025-03012,2025-09-27,2025,9,39,Labé,Koubia,montagneux,11.59000,-11.90000,25.42,20.35,30.47,9.72,46.84,359.58,73.39,8.06,6,61.35,0.583,3,0.003,moyen
GN2025-03013,2025-09-17,2025,9,38,Labé,Labé,montagneux,11.32000,-12.29000,23.48,18.55,28.80,8.80,205.86,653.91,74.85,8.81,7,77.24,1.000,12,0.011,eleve
GN2025-03014,2025-01-15,2025,1,3,Labé,Lélouma,montagneux,11.18000,-12.48000,25.13,21.76,29.34,15.87,17.90,21.31,59.44,14.22,1,42.05,0.212,3,0.003,faible
GN2025-03015,2025-03-29,2025,3,13,Labé,Mali,montagneux,12.08000,-12.30000,24.89,20.29,28.93,0.65,6.76,16.13,55.83,11.41,1,42.68,0.117,1,0.001,faible
GN2025-03016,2025-10-29,2025,10,44,Labé,Tougué,montagneux,11.45000,-11.67000,23.56,17.96,27.28,2.76,224.31,519.66,83.85,10.02,6,64.15,1.000,12,0.011,eleve
GN2025-03017,2025-04-12,2025,4,15,Mamou,Dalaba,montagneux,10.69000,-12.25000,24.71,20.87,28.44,0.13,2.61,47.51,63.33,10.36,0,40.17,0.094,5,0.005,faible
GN2025-03018,2025-11-01,2025,11,44,Mamou,Mamou,montagneux,10.38000,-12.09000,25.27,21.48,30.67,10.99,144.34,486.41,82.26,11.75,7,75.84,1.000,14,0.013,eleve
GN2025-03019,2025-04-13,2025,4,15,Mamou,Pita,montagneux,11.06000,-12.40000,26.06,20.70,29.31,0.65,3.54,11.91,60.96,13.47,0,32.54,0.180,7,0.007,faible
GN2025-03020,2025-01-27,2025,1,5,Nzérékoré,Beyla,forestier,8.69000,-8.65000,28.84,24.73,31.97,0.02,23.64,55.79,57.44,11.44,1,28.30,0.219,3,0.003,faible
GN2025-03021,2025-07-31,2025,7,31,Nzérékoré,Guéckédou,forestier,8.57000,-10.13000,25.57,21.29,29.07,14.69,211.85,1343.15,79.03,1.45,6,98.00,1.000,12,0.013,eleve
GN2025-03022,2025-03-31,2025,3,14,Nzérékoré,Lola,forestier,7.80000,-8.53000,26.63,22.66,31.52,0.40,54.43,183.08,51.69,6.85,2,42.75,0.371,8,0.008,faible
GN2025-03023,2025-04-02,2025,4,14,Nzérékoré,Macenta,forestier,8.54000,-9.47000,24.00,20.68,27.89,0.64,3.51,77.31,61.54,11.68,0,28.04,0.112,3,0.003,faible
GN2025-03024,2025-06-15,2025,6,24,Nzérékoré,Nzérékoré,forestier,7.76000,-8.82000,27.61,22.81,32.70,27.32,53.18,298.48,76.91,9.07,5,62.66,0.584,12,0.013,moyen
GN2025-03025,2025-09-01,2025,9,36,Nzérékoré,Yomou,forestier,7.56000,-9.31000,25.43,21.35,29.88,18.26,453.31,1298.83,80.31,6.42,7,98.00,1.000,15,0.016,eleve
GN2025-03026,2025-11-25,2025,11,48,Conakry,Conakry,côtier,9.54000,-13.68000,27.23,22.52,30.54,31.15,294.90,1226.86,81.38,8.30,7,98.00,1.000,16,0.019,eleve
GN2025-03027,2025-01-21,2025,1,4,Boké,Boffa,côtier,10.18000,-14.04000,29.28,24.50,33.95,0.24,3.06,11.02,56.34,9.36,0,37.69,0.085,5,0.005,faible
GN2025-03028,2025-04-26,2025,4,17,Boké,Boké,côtier,10.94000,-14.29000,29.83,26.61,35.54,6.71,32.37,54.41,70.37,9.76,2,39.27,0.327,5,0.005,faible
GN2025-03029,2025-08-17,2025,8,33,Boké,Fria,côtier,10.37000,-13.58000,28.33,23.67,32.25,11.21,289.67,686.80,70.42,5.05,7,78.35,1.000,10,0.010,eleve
GN2025-03030,2025-02-25,2025,2,9,Boké,Gaoual,soudano-guinéen,11.75000,-13.20000,29.51,25.52,34.32,0.48,5.97,13.08,65.42,10.92,1,50.04,0.201,2,0.002,faible
GN2025-03031,2025-08-13,2025,8,33,Boké,Koundara,soudano-guinéen,12.48000,-13.30000,29.58,23.99,34.52,1.12,47.49,159.91,78.45,9.48,6,56.46,0.547,5,0.005,faible
GN2025-03032,2025-07-15,2025,7,29,Faranah,Dabola,soudano-guinéen,10.75000,-11.11000,28.71,25.23,31.83,1.44,8.49,222.74,73.64,6.48,4,53.59,0.317,7,0.007,faible
GN2025-03033,2025-07-18,2025,7,29,Faranah,Dinguiraye,soudano-guinéen,11.30000,-10.72000,28.03,23.12,32.95,3.99,65.35,255.47,70.26,7.93,6,54.41,0.628,10,0.009,moyen
GN2025-03034,2025-07-18,2025,7,29,Faranah,Faranah,soudano-guinéen,10.04000,-10.74000,27.58,22.81,33.05,2.12,161.55,392.91,73.46,8.55,6,61.74,1.000,12,0.012,eleve
GN2025-03035,2025-09-27,2025,9,39,Faranah,Kissidougou,forestier,9.18000,-10.10000,27.06,22.08,30.61,20.30,226.29,732.87,77.64,9.60,7,80.98,1.000,13,0.014,eleve
GN2025-03036,2025-09-24,2025,9,39,Kankan,Kankan,soudano-guinéen,10.39000,-9.31000,29.10,24.49,32.21,2.71,116.74,293.42,75.25,6.25,7,70.57,0.984,13,0.013,eleve
GN2025-03037,2025-09-17,2025,9,38,Kankan,Kérouané,forestier,9.27000,-9.01000,27.59,24.36,31.94,1.72,106.43,727.47,75.48,7.23,6,77.77,0.823,12,0.012,eleve
GN2025-03038,2025-03-29,2025,3,13,Kankan,Kouroussa,soudano-guinéen,10.65000,-9.89000,29.32,24.30,34.54,8.14,14.06,39.49,59.51,7.25,2,50.44,0.249,4,0.004,faible
GN2025-03039,2025-02-15,2025,2,7,Kankan,Mandiana,soudano-guinéen,10.63000,-8.68000,30.83,26.51,33.98,0.78,4.22,20.65,58.20,8.10,0,34.52,0.115,6,0.006,faible
GN2025-03040,2025-02-18,2025,2,8,Kankan,Siguiri,soudano-guinéen,11.42000,-9.17000,31.32,27.31,35.08,0.07,18.11,42.50,62.33,7.94,1,38.34,0.219,1,0.001,faible
GN2025-03041,2025-11-17,2025,11,47,Kindia,Coyah,côtier,9.71000,-13.38000,28.12,25.03,32.02,103.75,278.49,740.25,84.07,9.82,7,89.37,1.000,12,0.013,eleve
GN2025-03042,2025-07-05,2025,7,27,Kindia,Dubréka,côtier,9.79000,-13.52000,27.65,24.58,33.10,7.83,83.03,618.37,77.40,12.37,7,71.53,0.806,12,0.013,eleve
GN2025-03043,2025-12-23,2025,12,52,Kindia,Forécariah,côtier,9.43000,-13.09000,28.09,23.57,31.16,2.29,57.18,874.18,82.20,6.12,7,98.00,0.675,15,0.016,eleve
GN2025-03044,2025-11-16,2025,11,46,Kindia,Kindia,côtier,10.06000,-12.87000,26.91,23.52,30.35,0.69,295.54,1023.11,84.03,2.80,6,98.00,1.000,9,0.010,eleve
GN2025-03045,2025-11-11,2025,11,46,Kindia,Télimélé,soudano-guinéen,10.91000,-13.04000,26.94,23.02,30.30,1.39,126.30,446.38,80.92,10.94,7,76.81,1.000,6,0.006,eleve
GN2025-03046,2025-10-17,2025,10,42,Labé,Koubia,montagneux,11.59000,-11.90000,24.65,20.84,29.23,3.25,152.72,371.90,74.43,12.02,7,62.35,1.000,11,0.010,eleve
GN2025-03047,2025-05-25,2025,5,21,Labé,Labé,montagneux,11.32000,-12.29000,25.54,20.03,30.45,43.27,84.94,233.51,71.05,12.97,5,51.07,0.712,7,0.007,moyen
GN2025-03048,2025-01-29,2025,1,5,Labé,Lélouma,montagneux,11.18000,-12.48000,23.99,19.03,27.81,0.03,2.07,82.85,60.41,12.47,0,40.30,0.132,5,0.005,faible
GN2025-03049,2025-03-02,2025,3,9,Labé,Mali,montagneux,12.08000,-12.30000,25.93,20.99,30.45,0.17,4.31,45.62,54.97,10.20,1,40.59,0.168,3,0.003,faible
GN2025-03050,2025-02-19,2025,2,8,Labé,Tougué,montagneux,11.45000,-11.67000,26.62,22.97,30.60,0.59,3.71,49.34,61.58,9.63,0,45.22,0.108,4,0.004,faible
GN2025-03051,2025-07-30,2025,7,31,Mamou,Dalaba,montagneux,10.69000,-12.25000,23.77,18.22,29.47,13.25,84.17,369.17,76.26,8.79,7,61.46,0.801,7,0.007,moyen
GN2025-03052,2025-06-05,2025,6,23,Mamou,Mamou,montagneux,10.38000,-12.09000,25.45,22.01,29.01,0.22,31.73,159.09,70.23,10.16,5,55.80,0.521,11,0.010,faible
GN2025-03053,2025-09-08,2025,9,37,Mamou,Pita,montagneux,11.06000,-12.40000,23.71,19.14,27.74,77.26,158.93,624.60,90.12,8.98,7,91.84,1.000,5,0.005,eleve
GN2025-03054,2025-03-25,2025,3,13,Nzérékoré,Beyla,forestier,8.69000,-8.65000,27.88,22.54,31.04,0.39,3.74,78.77,59.00,14.22,0,40.02,0.156,7,0.007,faible
GN2025-03055,2025-01-10,2025,1,2,Nzérékoré,Guéckédou,forestier,8.57000,-10.13000,27.51,24.29,30.51,0.06,1.86,3.56,61.98,9.41,0,43.03,0.080,2,0.002,faible
GN2025-03056,2025-04-09,2025,4,15,Nzérékoré,Lola,forestier,7.80000,-8.53000,26.30,21.55,29.68,0.42,26.13,149.11,57.41,10.60,1,48.54,0.352,8,0.008,faible
GN2025-03057,2025-05-28,2025,5,22,Nzérékoré,Macenta,forestier,8.54000,-9.47000,25.01,20.57,28.74,26.82,35.13,394.36,71.64,7.40,5,59.36,0.480,7,0.008,faible
GN2025-03058,2025-08-18,2025,8,34,Nzérékoré,Nzérékoré,forestier,7.76000,-8.82000,26.25,21.27,31.74,2.74,181.11,942.49,76.87,7.88,6,98.00,1.000,18,0.020,eleve
GN2025-03059,2025-04-23,2025,4,17,Nzérékoré,Yomou,forestier,7.56000,-9.31000,27.85,23.99,31.11,0.23,106.00,182.68,67.72,7.48,5,55.00,0.804,11,0.012,moyen
GN2025-03060,2025-05-16,2025,5,20,Conakry,Conakry,côtier,9.54000,-13.68000,27.69,24.51,31.47,0.53,20.67,171.31,64.07,11.85,3,48.68,0.275,7,0.008,faible
GN2025-03061,2025-03-08,2025,3,10,Boké,Boffa,côtier,10.18000,-14.04000,28.04,23.95,31.56,17.05,19.56,48.52,61.83,10.01,1,38.26,0.227,2,0.002,faible
GN2025-03062,2025-11-08,2025,11,45,Boké,Boké,côtier,10.94000,-14.29000,27.58,24.48,32.29,28.53,75.98,389.28,82.00,12.51,5,65.68,0.652,13,0.013,moyen
GN2025-03063,2025-04-24,2025,4,17,Boké,Fria,côtier,10.37000,-13.58000,28.36,25.12,33.62,0.71,38.60,110.03,62.13,11.37,1,47.86,0.352,0,0.000,faible
GN2025-03064,2025-09-17,2025,9,38,Boké,Gaoual,soudano-guinéen,11.75000,-13.20000,30.00,24.88,33.29,0.20,66.64,350.88,70.15,8.71,5,50.18,0.578,10,0.010,moyen
GN2025-03065,2025-03-16,2025,3,11,Boké,Koundara,soudano-guinéen,12.48000,-13.30000,30.56,25.36,34.16,0.45,3.16,23.99,60.74,6.97,0,38.47,0.097,3,0.003,faible
GN2025-03066,2025-11-05,2025,11,45,Faranah,Dabola,soudano-guinéen,10.75000,-11.11000,28.22,23.32,31.56,60.27,214.28,489.57,83.04,9.35,6,74.72,1.000,7,0.007,eleve
GN2025-03067,2025-12-23,2025,12,52,Faranah,Dinguiraye,soudano-guinéen,11.30000,-10.72000,26.12,21.77,29.74,0.27,69.27,246.02,80.87,10.92,6,49.89,0.772,5,0.005,moyen
GN2025-03068,2025-10-18,2025,10,42,Faranah,Faranah,soudano-guinéen,10.04000,-10.74000,26.37,22.32,31.83,30.31,78.51,464.43,78.19,8.45,4,73.02,0.687,9,0.009,moyen
GN2025-03069,2025-09-16,2025,9,38,Faranah,Kissidougou,forestier,9.18000,-10.10000,27.34,23.61,31.25,2.41,222.98,753.83,78.27,6.60,7,89.36,1.000,6,0.006,eleve
GN2025-03070,2025-04-26,2025,4,17,Kankan,Kankan,soudano-guinéen,10.39000,-9.31000,29.30,24.38,34.29,0.04,18.89,33.48,65.98,10.27,1,39.22,0.191,1,0.001,faible
GN2025-03071,2025-07-14,2025,7,29,Kankan,Kérouané,forestier,9.27000,-9.01000,26.96,21.73,31.92,1.47,70.61,299.81,71.91,8.40,5,64.91,0.636,12,0.012,moyen
GN2025-03072,2025-01-24,2025,1,4,Kankan,Kouroussa,soudano-guinéen,10.65000,-9.89000,29.76,26.22,33.92,0.14,2.51,12.42,57.81,12.34,0,35.24,0.062,3,0.003,faible
GN2025-03073,2025-10-27,2025,10,44,Kankan,Mandiana,soudano-guinéen,10.63000,-8.68000,28.19,23.51,33.44,13.53,65.09,254.01,69.90,9.15,7,51.62,0.697,6,0.006,moyen
GN2025-03074,2025-09-12,2025,9,37,Kankan,Siguiri,soudano-guinéen,11.42000,-9.17000,30.19,25.33,34.13,0.73,23.54,226.57,76.25,7.67,5,60.05,0.427,9,0.008,faible
GN2025-03075,2025-12-11,2025,12,50,Kindia,Coyah,côtier,9.71000,-13.38000,27.59,23.82,33.38,39.97,103.49,713.98,71.85,11.68,6,87.31,0.806,9,0.010,eleve
GN2025-03076,2025-04-14,2025,4,16,Kindia,Dubréka,côtier,9.79000,-13.52000,28.07,22.48,33.10,0.52,6.00,20.22,60.01,10.37,1,39.26,0.158,7,0.008,faible
GN2025-03077,2025-06-19,2025,6,25,Kindia,Forécariah,côtier,9.43000,-13.09000,26.67,22.40,29.69,1.27,164.73,544.49,68.95,9.08,7,70.05,1.000,10,0.011,eleve
GN2025-03078,2025-12-09,2025,12,50,Kindia,Kindia,côtier,10.06000,-12.87000,26.60,23.56,31.24,34.00,102.85,786.44,84.09,5.29,7,93.87,0.960,16,0.017,eleve
GN2025-03079,2025-09-21,2025,9,38,Kindia,Télimélé,soudano-guinéen,10.91000,-13.04000,26.46,20.92,31.79,0.99,178.03,619.86,73.83,6.16,6,75.99,1.000,14,0.014,eleve
GN2025-03080,2025-06-22,2025,6,25,Labé,Koubia,montagneux,11.59000,-11.90000,24.98,21.38,30.03,2.95,40.94,223.93,70.23,9.09,7,65.74,0.587,8,0.007,faible
GN2025-03081,2025-12-11,2025,12,50,Labé,Labé,montagneux,11.32000,-12.29000,24.81,20.69,28.36,2.32,125.57,532.45,80.33,5.29,5,82.73,0.922,11,0.010,eleve
GN2025-03082,2025-05-07,2025,5,19,Labé,Lélouma,montagneux,11.18000,-12.48000,25.17,19.84,30.45,2.60,12.03,55.94,63.62,10.98,4,43.51,0.269,6,0.006,faible
GN2025-03083,2025-05-09,2025,5,19,Labé,Mali,montagneux,12.08000,-12.30000,24.93,20.03,30.69,7.00,55.42,210.44,59.08,7.26,6,50.22,0.584,4,0.004,faible
GN2025-03084,2025-01-28,2025,1,5,Labé,Tougué,montagneux,11.45000,-11.67000,24.90,20.16,28.70,1.57,4.30,71.27,65.60,12.12,1,41.63,0.153,2,0.002,faible
GN2025-03085,2025-08-12,2025,8,33,Mamou,Dalaba,montagneux,10.69000,-12.25000,24.54,21.42,29.87,12.61,85.66,412.86,72.18,7.49,7,67.52,0.761,12,0.011,moyen
GN2025-03086,2025-12-20,2025,12,51,Mamou,Mamou,montagneux,10.38000,-12.09000,24.78,21.73,28.66,73.20,140.79,556.33,78.88,8.58,7,76.19,1.000,11,0.010,eleve
GN2025-03087,2025-02-27,2025,2,9,Mamou,Pita,montagneux,11.06000,-12.40000,25.79,21.24,28.87,40.92,42.93,105.96,58.46,9.88,1,50.33,0.351,2,0.002,faible
GN2025-03088,2025-12-24,2025,12,52,Nzérékoré,Beyla,forestier,8.69000,-8.65000,25.27,21.91,30.81,15.62,151.13,610.72,67.80,7.85,4,81.24,0.953,9,0.009,eleve
GN2025-03089,2025-10-23,2025,10,43,Nzérékoré,Guéckédou,forestier,8.57000,-10.13000,25.27,21.87,29.08,19.15,197.02,870.26,76.57,8.57,7,91.44,1.000,18,0.020,eleve
GN2025-03090,2025-05-04,2025,5,18,Nzérékoré,Lola,forestier,7.80000,-8.53000,27.34,23.10,30.54,0.23,97.08,331.85,64.26,11.05,3,57.12,0.665,9,0.010,moyen
GN2025-03091,2025-06-12,2025,6,24,Nzérékoré,Macenta,forestier,8.54000,-9.47000,23.81,20.18,27.24,0.70,242.62,450.40,75.09,7.68,6,63.05,1.000,16,0.017,eleve
GN2025-03092,2025-05-11,2025,5,19,Nzérékoré,Nzérékoré,forestier,7.76000,-8.82000,26.88,22.80,30.78,0.07,53.58,191.76,72.44,9.02,5,49.42,0.549,8,0.009,moyen
GN2025-03093,2025-01-11,2025,1,2,Nzérékoré,Yomou,forestier,7.56000,-9.31000,26.68,21.93,30.90,0.06,2.27,4.90,56.90,12.23,0,33.07,0.032,2,0.002,faible
GN2025-03094,2025-01-27,2025,1,5,Conakry,Conakry,côtier,9.54000,-13.68000,29.34,25.42,34.23,0.28,4.66,63.54,56.03,13.22,1,38.04,0.191,3,0.003,faible
GN2025-03095,2025-08-22,2025,8,34,Boké,Boffa,côtier,10.18000,-14.04000,27.30,22.88,31.26,0.27,143.86,598.17,74.04,8.17,5,82.92,0.960,14,0.015,eleve
GN2025-03096,2025-12-22,2025,12,52,Boké,Boké,côtier,10.94000,-14.29000,27.81,24.31,32.02,1.39,33.29,279.11,72.42,13.40,6,64.28,0.496,5,0.005,faible
GN2025-03097,2025-10-01,2025,10,40,Boké,Fria,côtier,10.37000,-13.58000,28.40,24.88,33.48,24.99,93.18,317.61,80.15,9.78,7,64.88,0.834,6,0.006,moyen
GN2025-03098,2025-07-29,2025,7,31,Boké,Gaoual,soudano-guinéen,11.75000,-13.20000,29.24,26.15,32.52,6.30,84.88,267.20,75.05,8.00,4,50.42,0.693,1,0.001,moyen
GN2025-03099,2025-12-11,2025,12,50,Boké,Koundara,soudano-guinéen,12.48000,-13.30000,27.90,22.59,33.47,51.54,135.12,342.16,81.80,8.49,6,70.80,0.961,16,0.015,moyen
GN2025-03100,2025-05-16,2025,5,20,Faranah,Dabola,soudano-guinéen,10.75000,-11.11000,28.08,24.38,31.18,2.16,10.72,240.23,63.43,10.14,5,51.24,0.362,9,0.009,faible
GN2025-03101,2025-10-15,2025,10,42,Faranah,Dinguiraye,soudano-guinéen,11.30000,-10.72000,26.15,22.07,30.47,2.98,106.39,234.06,74.86,10.31,6,58.53,0.886,9,0.008,moyen
GN2025-03102,2025-11-01,2025,11,44,Faranah,Faranah,soudano-guinéen,10.04000,-10.74000,28.48,23.61,32.45,32.87,131.44,391.55,72.63,6.65,7,64.49,1.000,10,0.010,eleve
GN2025-03103,2025-12-09,2025,12,50,Faranah,Kissidougou,forestier,9.18000,-10.10000,26.45,23.00,31.80,0.11,143.64,709.66,77.32,10.29,3,80.24,0.951,11,0.012,eleve
GN2025-03104,2025-05-10,2025,5,19,Kankan,Kankan,soudano-guinéen,10.39000,-9.31000,29.76,24.61,34.67,1.27,52.27,83.70,61.52,12.68,4,42.15,0.514,7,0.007,faible
GN2025-03105,2025-08-30,2025,8,35,Kankan,Kérouané,forestier,9.27000,-9.01000,26.91,23.17,31.27,81.23,195.26,593.10,84.08,7.80,6,80.25,1.000,16,0.016,eleve
GN2025-03106,2025-02-08,2025,2,6,Kankan,Kouroussa,soudano-guinéen,10.65000,-9.89000,30.76,25.18,35.14,0.48,2.54,14.33,55.73,4.53,0,34.81,0.077,2,0.002,faible
GN2025-03107,2025-02-19,2025,2,8,Kankan,Mandiana,soudano-guinéen,10.63000,-8.68000,30.09,25.63,34.34,0.16,4.04,13.17,53.05,8.77,0,36.97,0.090,1,0.001,faible
GN2025-03108,2025-02-05,2025,2,6,Kankan,Siguiri,soudano-guinéen,11.42000,-9.17000,29.85,26.22,33.89,0.45,9.95,32.24,60.07,12.88,1,40.97,0.224,1,0.001,faible
GN2025-03109,2025-04-07,2025,4,15,Kindia,Coyah,côtier,9.71000,-13.38000,28.35,23.52,32.67,0.51,9.92,153.95,52.25,9.10,1,42.42,0.153,5,0.006,faible
GN2025-03110,2025-12-06,2025,12,49,Kindia,Dubréka,côtier,9.79000,-13.52000,27.71,23.31,31.65,128.38,281.71,931.56,94.32,3.82,6,98.00,1.000,20,0.022,eleve
GN2025-03111,2025-04-22,2025,4,17,Kindia,Forécariah,côtier,9.43000,-13.09000,28.84,23.36,33.25,0.54,160.52,338.97,61.91,13.99,2,44.47,0.887,7,0.008,eleve
GN2025-03112,2025-08-01,2025,8,31,Kindia,Kindia,côtier,10.06000,-12.87000,26.62,22.35,29.83,2.88,288.79,945.45,76.58,4.47,7,98.00,1.000,11,0.012,eleve
GN2025-03113,2025-03-14,2025,3,11,Kindia,Télimélé,soudano-guinéen,10.91000,-13.04000,29.03,25.64,32.63,11.45,13.96,44.07,58.31,10.48,1,38.79,0.238,5,0.005,faible
GN2025-03114,2025-11-25,2025,11,48,Labé,Koubia,montagneux,11.59000,-11.90000,25.66,22.64,28.93,1.14,62.06,491.85,72.03,8.76,6,71.22,0.670,10,0.009,moyen
GN2025-03115,2025-08-20,2025,8,34,Labé,Labé,montagneux,11.32000,-12.29000,24.21,19.60,28.08,24.91,67.03,554.88,65.89,8.13,6,73.66,0.626,12,0.011,moyen
GN2025-03116,2025-09-07,2025,9,36,Labé,Lélouma,montagneux,11.18000,-12.48000,23.53,20.05,28.07,25.72,150.79,376.42,71.18,8.08,6,60.08,0.986,8,0.007,moyen
GN2025-03117,2025-07-22,2025,7,30,Labé,Mali,montagneux,12.08000,-12.30000,23.25,17.78,28.02,0.51,122.47,397.46,79.47,7.01,5,70.20,0.865,10,0.009,moyen
GN2025-03118,2025-04-11,2025,4,15,Labé,Tougué,montagneux,11.45000,-11.67000,26.65,21.96,30.12,0.10,3.19,28.81,54.53,8.61,0,39.56,0.083,1,0.001,faible
GN2025-03119,2025-06-23,2025,6,26,Mamou,Dalaba,montagneux,10.69000,-12.25000,24.67,20.32,29.45,7.63,15.47,285.14,69.55,11.32,3,61.46,0.286,10,0.009,faible
GN2025-03120,2025-10-13,2025,10,42,Mamou,Mamou,montagneux,10.38000,-12.09000,24.66,20.02,29.83,34.82,149.19,522.33,82.41,9.55,7,84.77,1.000,8,0.008,eleve
GN2025-03121,2025-02-06,2025,2,6,Mamou,Pita,montagneux,11.06000,-12.40000,26.24,22.00,29.76,0.79,31.66,49.55,65.89,11.89,1,39.13,0.231,6,0.006,faible
GN2025-03122,2025-12-23,2025,12,52,Nzérékoré,Beyla,forestier,8.69000,-8.65000,25.60,21.17,29.12,41.20,164.30,596.18,80.00,5.96,4,77.16,1.000,9,0.009,eleve
GN2025-03123,2025-07-25,2025,7,30,Nzérékoré,Guéckédou,forestier,8.57000,-10.13000,25.64,21.32,29.40,58.63,283.88,1409.35,80.05,8.47,7,98.00,1.000,17,0.019,eleve
GN2025-03124,2025-03-25,2025,3,13,Nzérékoré,Lola,forestier,7.80000,-8.53000,27.38,23.95,32.48,0.17,26.71,131.43,61.25,13.42,2,46.26,0.308,6,0.006,faible
GN2025-03125,2025-08-02,2025,8,31,Nzérékoré,Macenta,forestier,8.54000,-9.47000,24.79,21.23,28.99,37.92,326.63,1396.07,80.26,5.84,7,98.00,1.000,13,0.014,eleve
GN2025-03126,2025-02-21,2025,2,8,Nzérékoré,Nzérékoré,forestier,7.76000,-8.82000,26.71,21.75,30.49,0.50,2.43,58.64,62.13,12.50,0,39.23,0.081,5,0.005,faible
GN2025-03127,2025-01-09,2025,1,2,Nzérékoré,Yomou,forestier,7.56000,-9.31000,27.02,23.34,30.14,0.59,4.13,4.72,55.26,12.06,1,42.22,0.206,0,0.000,faible
GN2025-03128,2025-10-28,2025,10,44,Conakry,Conakry,côtier,9.54000,-13.68000,27.29,22.83,30.64,43.15,457.72,992.37,82.89,10.11,7,98.00,1.000,16,0.019,eleve
GN2025-03129,2025-01-30,2025,1,5,Boké,Boffa,côtier,10.18000,-14.04000,29.87,26.78,35.26,0.79,2.96,15.24,55.54,12.46,0,34.27,0.112,1,0.001,faible
GN2025-03130,2025-04-01,2025,4,14,Boké,Boké,côtier,10.94000,-14.29000,30.51,26.71,33.77,0.65,1.80,23.91,58.39,7.83,0,34.51,0.161,3,0.003,faible
GN2025-03131,2025-08-27,2025,8,35,Boké,Fria,côtier,10.37000,-13.58000,27.31,23.33,31.73,23.77,218.88,799.04,76.69,13.19,6,87.65,1.000,13,0.013,eleve
GN2025-03132,2025-04-06,2025,4,14,Boké,Gaoual,soudano-guinéen,11.75000,-13.20000,29.49,25.15,33.72,4.44,6.84,81.73,64.06,10.76,1,36.10,0.150,3,0.003,faible
GN2025-03133,2025-04-12,2025,4,15,Boké,Koundara,soudano-guinéen,12.48000,-13.30000,30.05,24.87,34.13,4.56,17.41,25.16,56.95,10.33,2,42.74,0.235,1,0.001,faible
GN2025-03134,2025-06-09,2025,6,24,Faranah,Dabola,soudano-guinéen,10.75000,-11.11000,28.18,23.27,32.56,0.48,52.70,194.75,73.27,8.82,6,60.43,0.529,8,0.008,faible
GN2025-03135,2025-10-09,2025,10,41,Faranah,Dinguiraye,soudano-guinéen,11.30000,-10.72000,27.28,23.27,30.34,1.09,12.40,181.15,74.93,11.74,5,48.20,0.392,2,0.002,faible
GN2025-03136,2025-08-26,2025,8,35,Faranah,Faranah,soudano-guinéen,10.04000,-10.74000,27.94,23.44,31.57,3.54,82.69,518.65,75.78,6.73,7,79.44,0.839,14,0.014,moyen
GN2025-03137,2025-09-03,2025,9,36,Faranah,Kissidougou,forestier,9.18000,-10.10000,25.00,20.15,29.00,0.66,193.13,871.56,72.90,6.21,6,96.21,1.000,20,0.021,eleve
GN2025-03138,2025-04-27,2025,4,17,Kankan,Kankan,soudano-guinéen,10.39000,-9.31000,29.21,25.80,32.45,0.01,1.67,31.32,70.20,7.00,0,50.88,0.095,3,0.003,faible
GN2025-03139,2025-02-01,2025,2,5,Kankan,Kérouané,forestier,9.27000,-9.01000,29.06,24.02,33.68,0.39,8.07,19.61,56.49,14.45,1,36.79,0.146,3,0.003,faible
GN2025-03140,2025-11-03,2025,11,45,Kankan,Kouroussa,soudano-guinéen,10.65000,-9.89000,28.08,22.58,32.13,38.56,85.15,232.79,81.13,8.64,5,53.36,0.788,10,0.010,moyen
GN2025-03141,2025-01-16,2025,1,3,Kankan,Mandiana,soudano-guinéen,10.63000,-8.68000,30.61,25.73,36.22,0.37,2.71,45.46,53.36,12.00,0,34.93,0.119,3,0.003,faible
GN2025-03142,2025-03-20,2025,3,12,Kankan,Siguiri,soudano-guinéen,11.42000,-9.17000,31.86,26.61,37.16,0.68,7.54,16.88,58.77,7.45,1,38.41,0.157,2,0.002,faible
GN2025-03143,2025-04-29,2025,4,18,Kindia,Coyah,côtier,9.71000,-13.38000,27.97,23.66,31.77,0.44,86.92,155.26,53.68,8.60,4,33.30,0.673,12,0.013,moyen
GN2025-03144,2025-09-22,2025,9,39,Kindia,Dubréka,côtier,9.79000,-13.52000,26.67,21.42,30.21,31.32,276.20,806.75,78.67,10.22,7,83.59,1.000,10,0.011,eleve
GN2025-03145,2025-03-10,2025,3,11,Kindia,Forécariah,côtier,9.43000,-13.09000,28.07,23.62,31.41,0.40,17.85,93.55,57.58,10.46,1,34.47,0.232,6,0.006,faible
GN2025-03146,2025-08-03,2025,8,31,Kindia,Kindia,côtier,10.06000,-12.87000,26.91,22.17,30.16,14.10,193.57,920.08,72.87,9.14,7,95.47,1.000,9,0.010,eleve
GN2025-03147,2025-10-30,2025,10,44,Kindia,Télimélé,soudano-guinéen,10.91000,-13.04000,27.64,23.73,31.43,2.17,91.05,546.84,75.47,11.00,6,68.86,0.860,9,0.009,eleve
GN2025-03148,2025-11-29,2025,11,48,Labé,Koubia,montagneux,11.59000,-11.90000,25.05,20.85,29.48,1.11,30.21,465.59,72.87,5.12,7,80.19,0.529,8,0.007,faible
GN2025-03149,2025-01-27,2025,1,5,Labé,Labé,montagneux,11.32000,-12.29000,25.53,22.11,30.34,0.21,2.87,57.22,64.07,8.76,0,44.98,0.060,4,0.004,faible
GN2025-03150,2025-03-21,2025,3,12,Labé,Lélouma,montagneux,11.18000,-12.48000,24.44,20.10,30.01,0.10,3.29,25.28,62.36,13.38,1,42.99,0.113,3,0.003,faible
GN2025-03151,2025-01-15,2025,1,3,Labé,Mali,montagneux,12.08000,-12.30000,26.67,21.95,31.48,0.36,2.72,30.31,55.10,10.91,0,47.49,0.106,5,0.005,faible
GN2025-03152,2025-11-06,2025,11,45,Labé,Tougué,montagneux,11.45000,-11.67000,24.40,19.01,29.36,41.13,93.63,491.76,80.13,7.32,5,71.70,0.782,2,0.002,moyen
GN2025-03153,2025-08-23,2025,8,34,Mamou,Dalaba,montagneux,10.69000,-12.25000,23.60,20.38,28.97,73.23,236.24,605.17,79.07,11.74,5,85.01,1.000,7,0.007,eleve
GN2025-03154,2025-08-04,2025,8,32,Mamou,Mamou,montagneux,10.38000,-12.09000,25.91,21.29,30.00,31.75,129.84,504.88,80.82,7.50,4,69.31,0.888,12,0.011,eleve
GN2025-03155,2025-10-11,2025,10,41,Mamou,Pita,montagneux,11.06000,-12.40000,24.66,19.28,29.60,2.12,94.56,515.55,76.18,10.26,6,71.54,0.837,7,0.007,moyen
GN2025-03156,2025-03-03,2025,3,10,Nzérékoré,Beyla,forestier,8.69000,-8.65000,27.68,22.76,30.86,0.15,36.83,84.80,59.09,9.27,2,43.30,0.314,11,0.011,faible
GN2025-03157,2025-07-13,2025,7,28,Nzérékoré,Guéckédou,forestier,8.57000,-10.13000,25.91,22.32,29.60,52.44,302.16,1093.35,86.66,5.86,7,98.00,1.000,10,0.011,eleve
GN2025-03158,2025-11-29,2025,11,48,Nzérékoré,Lola,forestier,7.80000,-8.53000,25.51,21.30,29.33,14.98,166.77,1001.57,74.13,9.36,6,98.00,1.000,9,0.010,eleve
GN2025-03159,2025-08-31,2025,8,35,Nzérékoré,Macenta,forestier,8.54000,-9.47000,24.80,20.64,30.03,31.84,355.28,1523.62,82.15,8.49,7,98.00,1.000,9,0.010,eleve
GN2025-03160,2025-04-29,2025,4,18,Nzérékoré,Nzérékoré,forestier,7.76000,-8.82000,26.25,21.84,30.94,0.07,35.26,212.79,57.10,7.67,1,56.29,0.250,8,0.009,faible
GN2025-03161,2025-12-22,2025,12,52,Nzérékoré,Yomou,forestier,7.56000,-9.31000,25.17,21.84,30.53,0.40,266.96,1179.02,78.75,6.65,6,98.00,1.000,19,0.020,eleve
GN2025-03162,2025-12-25,2025,12,52,Conakry,Conakry,côtier,9.54000,-13.68000,26.85,21.86,31.42,17.43,200.55,858.57,81.48,9.65,6,96.40,1.000,15,0.017,eleve
GN2025-03163,2025-04-12,2025,4,15,Boké,Boffa,côtier,10.18000,-14.04000,28.87,25.10,31.89,0.14,21.24,82.21,63.92,11.50,2,38.49,0.254,4,0.004,faible
GN2025-03164,2025-02-06,2025,2,6,Boké,Boké,côtier,10.94000,-14.29000,28.83,25.40,31.94,0.07,27.42,59.27,54.43,13.00,2,34.47,0.303,6,0.006,faible
GN2025-03165,2025-06-04,2025,6,23,Boké,Fria,côtier,10.37000,-13.58000,27.90,22.37,33.50,59.32,181.26,441.18,72.65,12.17,7,68.96,1.000,11,0.011,eleve
GN2025-03166,2025-12-01,2025,12,49,Boké,Gaoual,soudano-guinéen,11.75000,-13.20000,29.13,25.82,33.56,17.29,70.29,321.46,74.35,8.13,7,67.42,0.751,7,0.007,moyen
GN2025-03167,2025-12-19,2025,12,51,Boké,Koundara,soudano-guinéen,12.48000,-13.30000,28.97,25.26,34.72,0.19,29.82,336.29,78.08,6.00,4,66.48,0.395,5,0.005,moyen
GN2025-03168,2025-07-05,2025,7,27,Faranah,Dabola,soudano-guinéen,10.75000,-11.11000,27.56,23.23,31.46,4.36,132.47,237.77,67.48,10.24,7,57.91,1.000,12,0.012,moyen
GN2025-03169,2025-01-03,2025,1,1,Faranah,Dinguiraye,soudano-guinéen,11.30000,-10.72000,28.41,23.38,33.55,0.58,1.32,1.32,55.01,13.20,0,33.27,0.094,3,0.003,faible
GN2025-03170,2025-01-28,2025,1,5,Faranah,Faranah,soudano-guinéen,10.04000,-10.74000,28.44,23.22,34.09,0.67,2.90,49.22,52.23,9.11,0,38.98,0.087,2,0.002,faible
GN2025-03171,2025-11-17,2025,11,47,Faranah,Kissidougou,forestier,9.18000,-10.10000,26.12,22.36,30.31,44.83,249.74,928.76,80.83,7.94,6,94.80,1.000,11,0.012,eleve
GN2025-03172,2025-11-25,2025,11,48,Kankan,Kankan,soudano-guinéen,10.39000,-9.31000,27.81,22.23,32.70,6.61,42.15,194.06,80.16,6.07,6,63.37,0.573,7,0.007,moyen
GN2025-03173,2025-02-23,2025,2,8,Kankan,Kérouané,forestier,9.27000,-9.01000,28.82,23.43,32.11,0.44,2.05,17.60,61.65,9.71,0,41.06,0.043,5,0.005,faible
GN2025-03174,2025-06-08,2025,6,23,Kankan,Kouroussa,soudano-guinéen,10.65000,-9.89000,29.77,26.34,35.30,0.53,72.18,137.74,63.50,7.21,5,44.30,0.629,6,0.006,faible
GN2025-03175,2025-04-14,2025,4,16,Kankan,Mandiana,soudano-guinéen,10.63000,-8.68000,29.46,24.09,33.36,0.61,8.63,47.12,63.31,8.88,1,44.21,0.132,2,0.002,faible
GN2025-03176,2025-11-19,2025,11,47,Kankan,Siguiri,soudano-guinéen,11.42000,-9.17000,28.26,22.91,32.80,0.75,65.56,172.08,72.32,5.81,6,59.77,0.661,7,0.007,moyen
GN2025-03177,2025-06-26,2025,6,26,Kindia,Coyah,côtier,9.71000,-13.38000,26.86,23.46,32.42,52.03,173.98,467.59,82.67,6.35,6,65.61,1.000,13,0.015,eleve
GN2025-03178,2025-12-09,2025,12,50,Kindia,Dubréka,côtier,9.79000,-13.52000,27.24,22.41,32.94,9.48,281.34,1011.59,81.21,4.75,6,98.00,1.000,15,0.017,eleve
GN2025-03179,2025-01-02,2025,1,1,Kindia,Forécariah,côtier,9.43000,-13.09000,28.31,23.94,33.41,0.78,1.36,1.36,53.13,8.51,0,40.20,0.000,3,0.003,faible
GN2025-03180,2025-10-04,2025,10,40,Kindia,Kindia,côtier,10.06000,-12.87000,27.02,22.44,31.28,42.23,350.73,1142.03,90.12,6.43,7,98.00,1.000,19,0.020,eleve
GN2025-03181,2025-09-24,2025,9,39,Kindia,Télimélé,soudano-guinéen,10.91000,-13.04000,27.53,22.76,33.18,7.04,91.69,639.35,81.32,9.00,6,81.35,0.848,21,0.021,eleve
GN2025-03182,2025-09-27,2025,9,39,Labé,Koubia,montagneux,11.59000,-11.90000,25.42,20.35,30.47,9.72,46.84,359.58,73.39,8.06,6,63.91,0.656,5,0.005,moyen
GN2025-03183,2025-11-19,2025,11,47,Labé,Labé,montagneux,11.32000,-12.29000,23.80,19.86,29.49,1.32,69.84,361.54,70.26,5.04,7,64.00,0.683,4,0.004,faible
GN2025-03184,2025-10-20,2025,10,43,Labé,Lélouma,montagneux,11.18000,-12.48000,22.83,17.55,26.55,1.99,70.34,579.63,72.97,6.18,5,70.15,0.650,8,0.007,faible
GN2025-03185,2025-10-07,2025,10,41,Labé,Mali,montagneux,12.08000,-12.30000,26.37,22.35,30.80,1.35,113.03,367.09,75.49,9.60,6,60.58,0.893,8,0.007,moyen
GN2025-03186,2025-10-13,2025,10,42,Labé,Tougué,montagneux,11.45000,-11.67000,25.29,21.34,29.14,0.42,29.86,309.20,72.52,2.48,6,59.14,0.471,6,0.005,moyen
GN2025-03187,2025-04-05,2025,4,14,Mamou,Dalaba,montagneux,10.69000,-12.25000,24.03,20.21,28.49,10.62,21.73,47.43,58.42,9.09,2,41.49,0.328,2,0.002,faible
GN2025-03188,2025-01-30,2025,1,5,Mamou,Mamou,montagneux,10.38000,-12.09000,25.59,20.03,30.81,0.63,21.15,61.04,57.20,9.87,2,40.55,0.320,7,0.007,faible
GN2025-03189,2025-05-28,2025,5,22,Mamou,Pita,montagneux,11.06000,-12.40000,24.40,20.27,27.96,2.98,53.62,196.17,67.42,6.63,5,51.00,0.559,6,0.006,faible
GN2025-03190,2025-12-10,2025,12,50,Nzérékoré,Beyla,forestier,8.69000,-8.65000,26.17,21.21,30.19,86.99,140.64,546.87,81.87,9.98,7,76.84,1.000,15,0.015,eleve
GN2025-03191,2025-10-10,2025,10,41,Nzérékoré,Guéckédou,forestier,8.57000,-10.13000,24.90,19.87,28.38,11.31,97.59,976.04,75.86,5.91,7,98.00,0.856,14,0.015,eleve
GN2025-03192,2025-09-24,2025,9,39,Nzérékoré,Lola,forestier,7.80000,-8.53000,25.45,22.44,29.72,6.83,289.88,1516.46,81.54,7.04,6,98.00,1.000,17,0.018,eleve
GN2025-03193,2025-09-25,2025,9,39,Nzérékoré,Macenta,forestier,8.54000,-9.47000,24.04,20.62,29.81,43.75,244.69,1193.00,79.68,7.05,7,98.00,1.000,10,0.011,eleve
GN2025-03194,2025-02-08,2025,2,6,Nzérékoré,Nzérékoré,forestier,7.76000,-8.82000,26.26,23.09,30.96,21.85,24.82,59.00,54.33,12.51,1,37.60,0.231,4,0.004,faible
GN2025-03195,2025-04-05,2025,4,14,Nzérékoré,Yomou,forestier,7.56000,-9.31000,27.32,22.18,30.75,0.03,2.81,173.71,60.18,9.45,0,48.43,0.129,4,0.004,faible
GN2025-03196,2025-12-21,2025,12,51,Conakry,Conakry,côtier,9.54000,-13.68000,27.40,22.00,30.66,0.22,199.08,889.45,73.29,10.52,6,95.00,1.000,14,0.016,eleve
GN2025-03197,2025-05-16,2025,5,20,Boké,Boffa,côtier,10.18000,-14.04000,28.84,23.99,33.44,16.68,49.56,127.56,66.93,13.29,5,41.37,0.519,4,0.004,faible
GN2025-03198,2025-04-03,2025,4,14,Boké,Boké,côtier,10.94000,-14.29000,29.57,26.52,33.07,0.59,1.96,23.97,58.34,9.55,0,43.96,0.063,3,0.003,faible
GN2025-03199,2025-05-05,2025,5,19,Boké,Fria,côtier,10.37000,-13.58000,28.56,23.11,34.16,2.52,20.29,144.76,62.62,10.60,3,47.82,0.250,3,0.003,faible
GN2025-03200,2025-11-30,2025,11,48,Boké,Gaoual,soudano-guinéen,11.75000,-13.20000,28.73,25.19,32.81,1.76,54.19,351.42,79.04,9.30,7,72.36,0.754,10,0.010,moyen
GN2025-03201,2025-03-22,2025,3,12,Boké,Koundara,soudano-guinéen,12.48000,-13.30000,29.91,25.19,33.66,0.42,2.97,18.09,54.33,12.38,0,38.53,0.086,1,0.001,faible
GN2025-03202,2025-02-20,2025,2,8,Faranah,Dabola,soudano-guinéen,10.75000,-11.11000,29.25,24.88,34.37,0.41,2.01,28.24,52.41,9.96,0,33.91,0.058,4,0.004,faible
GN2025-03203,2025-11-02,2025,11,44,Faranah,Dinguiraye,soudano-guinéen,11.30000,-10.72000,27.04,23.58,31.39,0.82,71.16,309.40,68.24,9.37,6,59.66,0.691,8,0.008,moyen
GN2025-03204,2025-02-27,2025,2,9,Faranah,Faranah,soudano-guinéen,10.04000,-10.74000,29.85,24.84,34.86,0.45,10.64,34.74,45.56,14.13,1,33.16,0.202,2,0.002,faible
GN2025-03205,2025-11-11,2025,11,46,Faranah,Kissidougou,forestier,9.18000,-10.10000,25.95,22.83,31.18,23.14,242.48,928.55,81.66,8.08,7,98.00,1.000,16,0.017,eleve
GN2025-03206,2025-02-24,2025,2,9,Kankan,Kankan,soudano-guinéen,10.39000,-9.31000,29.49,26.43,34.50,0.44,2.50,47.49,55.95,11.39,0,37.22,0.074,4,0.004,faible
GN2025-03207,2025-09-11,2025,9,37,Kankan,Kérouané,forestier,9.27000,-9.01000,26.59,22.29,32.35,1.87,33.21,751.27,73.79,6.24,7,80.23,0.550,4,0.004,moyen
GN2025-03208,2025-01-05,2025,1,1,Kankan,Kouroussa,soudano-guinéen,10.65000,-9.89000,30.51,25.48,34.21,0.28,2.30,2.30,55.13,7.89,0,33.73,0.112,7,0.007,faible
GN2025-03209,2025-03-27,2025,3,13,Kankan,Mandiana,soudano-guinéen,10.63000,-8.68000,30.75,27.46,36.25,0.71,21.79,37.52,63.94,10.04,2,39.52,0.265,2,0.002,faible
GN2025-03210,2025-11-28,2025,11,48,Kankan,Siguiri,soudano-guinéen,11.42000,-9.17000,29.65,25.13,33.41,3.62,29.12,130.78,78.03,10.02,6,51.01,0.590,8,0.007,faible
GN2025-03211,2025-01-01,2025,1,1,Kindia,Coyah,côtier,9.71000,-13.38000,28.67,25.13,33.20,0.63,0.63,0.63,59.19,9.68,0,38.51,0.089,3,0.003,faible
GN2025-03212,2025-07-24,2025,7,30,Kindia,Dubréka,côtier,9.79000,-13.52000,27.54,24.19,33.12,60.89,513.13,992.70,81.97,5.44,6,98.00,1.000,16,0.018,eleve
GN2025-03213,2025-03-01,2025,3,9,Kindia,Forécariah,côtier,9.43000,-13.09000,28.56,23.58,31.56,0.65,14.19,95.02,58.10,13.16,1,43.02,0.241,5,0.005,faible
GN2025-03214,2025-05-22,2025,5,21,Kindia,Kindia,côtier,10.06000,-12.87000,27.36,21.84,30.84,0.26,81.62,344.97,69.16,7.48,5,51.16,0.646,8,0.008,moyen
GN2025-03215,2025-03-14,2025,3,11,Kindia,Télimélé,soudano-guinéen,10.91000,-13.04000,29.03,25.64,32.63,11.45,13.96,44.07,58.31,10.48,1,53.18,0.144,0,0.000,faible
GN2025-03216,2025-01-31,2025,1,5,Labé,Koubia,montagneux,11.59000,-11.90000,25.68,21.62,29.66,0.07,1.64,19.66,57.27,8.20,0,36.59,0.093,5,0.005,faible
GN2025-03217,2025-04-06,2025,4,14,Labé,Labé,montagneux,11.32000,-12.29000,26.15,21.97,29.46,0.20,38.86,91.53,56.30,10.11,1,35.88,0.379,5,0.005,faible
GN2025-03218,2025-04-19,2025,4,16,Labé,Lélouma,montagneux,11.18000,-12.48000,24.38,20.69,28.37,0.54,25.94,115.84,55.17,8.26,2,30.89,0.276,3,0.003,faible
GN2025-03219,2025-11-30,2025,11,48,Labé,Mali,montagneux,12.08000,-12.30000,23.28,20.21,27.40,25.39,57.63,307.01,80.03,7.05,7,69.23,0.717,11,0.010,faible
GN2025-03220,2025-04-21,2025,4,17,Labé,Tougué,montagneux,11.45000,-11.67000,25.16,20.18,30.57,0.64,16.29,41.17,68.83,8.35,1,50.83,0.167,3,0.003,faible
GN2025-03221,2025-09-23,2025,9,39,Mamou,Dalaba,montagneux,10.69000,-12.25000,24.48,20.73,30.25,1.92,77.75,574.18,74.09,8.74,5,79.69,0.687,10,0.009,moyen
GN2025-03222,2025-05-08,2025,5,19,Mamou,Mamou,montagneux,10.38000,-12.09000,25.95,22.06,29.76,0.43,20.60,41.26,62.58,11.29,2,44.89,0.255,4,0.004,faible
GN2025-03223,2025-05-16,2025,5,20,Mamou,Pita,montagneux,11.06000,-12.40000,25.27,22.22,28.35,1.53,16.45,225.07,64.37,11.41,5,54.94,0.377,6,0.006,faible
GN2025-03224,2025-01-18,2025,1,3,Nzérékoré,Beyla,forestier,8.69000,-8.65000,27.56,23.35,33.25,0.74,16.37,32.02,56.79,14.59,1,41.17,0.220,2,0.002,faible
GN2025-03225,2025-06-04,2025,6,23,Nzérékoré,Guéckédou,forestier,8.57000,-10.13000,25.95,21.69,29.88,24.08,233.62,700.16,70.31,11.88,7,84.62,1.000,8,0.009,eleve
GN2025-03226,2025-02-22,2025,2,8,Nzérékoré,Lola,forestier,7.80000,-8.53000,27.91,24.85,33.50,0.02,2.68,13.63,54.70,13.63,0,40.15,0.098,2,0.002,faible
GN2025-03227,2025-01-12,2025,1,2,Nzérékoré,Macenta,forestier,8.54000,-9.47000,26.21,20.71,31.75,0.13,4.17,6.67,59.35,10.54,0,47.60,0.104,3,0.003,faible
GN2025-03228,2025-02-15,2025,2,7,Nzérékoré,Nzérékoré,forestier,7.76000,-8.82000,27.94,24.31,33.51,0.22,2.39,58.66,56.41,10.22,0,37.68,0.079,4,0.004,faible
GN2025-03229,2025-07-04,2025,7,27,Nzérékoré,Yomou,forestier,7.56000,-9.31000,25.16,20.62,30.88,40.62,152.83,807.04,84.37,5.60,7,83.97,1.000,11,0.012,eleve
GN2025-03230,2025-07-06,2025,7,27,Conakry,Conakry,côtier,9.54000,-13.68000,28.11,23.84,33.04,0.87,37.00,823.85,83.02,6.48,3,91.37,0.464,13,0.015,eleve
GN2025-03231,2025-11-12,2025,11,46,Boké,Boffa,côtier,10.18000,-14.04000,27.50,22.44,32.53,61.13,169.24,572.13,77.64,8.17,5,75.64,1.000,14,0.015,eleve
GN2025-03232,2025-07-29,2025,7,31,Boké,Boké,côtier,10.94000,-14.29000,27.97,22.80,33.72,23.83,151.30,348.23,78.50,10.25,7,73.89,1.000,10,0.010,eleve
GN2025-03233,2025-06-21,2025,6,25,Boké,Fria,côtier,10.37000,-13.58000,27.29,22.64,31.29,0.21,113.80,397.25,69.20,7.85,5,58.44,0.767,15,0.015,moyen
GN2025-03234,2025-01-01,2025,1,1,Boké,Gaoual,soudano-guinéen,11.75000,-13.20000,30.83,26.12,35.77,0.20,0.20,0.20,58.07,8.57,0,38.87,0.045,0,0.000,faible
GN2025-03235,2025-08-09,2025,8,32,Boké,Koundara,soudano-guinéen,12.48000,-13.30000,28.76,24.92,33.43,4.45,35.37,126.49,73.63,7.98,5,48.60,0.464,2,0.002,faible
GN2025-03236,2025-11-03,2025,11,45,Faranah,Dabola,soudano-guinéen,10.75000,-11.11000,28.81,24.28,32.52,28.11,128.86,378.94,71.15,3.87,6,65.77,0.961,5,0.005,moyen
GN2025-03237,2025-02-13,2025,2,7,Faranah,Dinguiraye,soudano-guinéen,11.30000,-10.72000,28.80,24.22,34.51,0.72,2.97,30.43,59.65,9.85,0,37.78,0.125,3,0.003,faible
GN2025-03238,2025-05-09,2025,5,19,Faranah,Faranah,soudano-guinéen,10.04000,-10.74000,29.05,24.40,34.58,0.62,60.59,164.26,66.09,11.40,3,55.25,0.503,9,0.009,faible
GN2025-03239,2025-05-15,2025,5,20,Faranah,Kissidougou,forestier,9.18000,-10.10000,27.75,22.67,31.46,0.10,52.74,163.46,62.27,13.98,5,51.72,0.549,1,0.001,faible
GN2025-03240,2025-09-15,2025,9,38,Kankan,Kankan,soudano-guinéen,10.39000,-9.31000,28.18,24.45,31.65,8.00,58.73,300.74,75.19,6.60,5,65.68,0.613,11,0.011,moyen
GN2025-03241,2025-11-16,2025,11,46,Kankan,Kérouané,forestier,9.27000,-9.01000,26.43,21.71,31.73,41.97,243.48,631.41,82.66,10.07,7,86.34,1.000,13,0.013,eleve
GN2025-03242,2025-01-09,2025,1,2,Kankan,Kouroussa,soudano-guinéen,10.65000,-9.89000,30.04,26.89,34.60,0.51,2.84,3.78,48.85,10.74,0,33.08,0.071,3,0.003,faible
GN2025-03243,2025-06-09,2025,6,24,Kankan,Mandiana,soudano-guinéen,10.63000,-8.68000,28.90,25.51,33.58,19.35,172.33,247.07,71.35,9.67,7,58.61,1.000,4,0.004,moyen
GN2025-03244,2025-02-16,2025,2,7,Kankan,Siguiri,soudano-guinéen,11.42000,-9.17000,30.01,25.85,33.30,0.09,2.91,27.41,59.14,8.07,0,39.35,0.022,1,0.001,faible
GN2025-03245,2025-01-26,2025,1,4,Kindia,Coyah,côtier,9.71000,-13.38000,29.73,26.06,32.75,0.38,3.28,40.10,55.26,9.39,0,36.04,0.053,2,0.002,faible
GN2025-03246,2025-06-11,2025,6,24,Kindia,Dubréka,côtier,9.79000,-13.52000,27.94,24.88,32.50,110.48,225.10,363.35,77.90,9.35,6,63.92,1.000,16,0.018,eleve
GN2025-03247,2025-06-04,2025,6,23,Kindia,Forécariah,côtier,9.43000,-13.09000,27.66,23.56,32.11,22.95,92.44,551.92,75.17,9.11,6,81.54,0.807,12,0.013,eleve
GN2025-03248,2025-10-13,2025,10,42,Kindia,Kindia,côtier,10.06000,-12.87000,26.02,21.56,31.20,3.78,105.04,1031.38,78.01,5.21,6,98.00,0.867,12,0.013,eleve
GN2025-03249,2025-11-20,2025,11,47,Kindia,Télimélé,soudano-guinéen,10.91000,-13.04000,27.50,23.74,33.08,4.17,378.90,747.72,75.56,9.76,6,82.35,1.000,12,0.012,eleve
GN2025-03250,2025-12-03,2025,12,49,Labé,Koubia,montagneux,11.59000,-11.90000,25.30,21.47,30.47,0.77,101.43,482.90,72.06,9.49,6,76.65,0.860,8,0.007,moyen
GN2025-03251,2025-11-25,2025,11,48,Labé,Labé,montagneux,11.32000,-12.29000,25.35,22.14,31.06,2.91,148.51,393.65,73.94,8.01,7,64.73,1.000,11,0.010,eleve
GN2025-03252,2025-12-29,2025,12,1,Labé,Lélouma,montagneux,11.18000,-12.48000,23.35,18.64,27.23,0.94,46.57,446.17,72.67,9.61,5,68.22,0.514,7,0.006,faible
GN2025-03253,2025-11-27,2025,11,48,Labé,Mali,montagneux,12.08000,-12.30000,23.34,20.16,27.84,1.96,13.43,272.09,74.06,8.46,6,64.78,0.472,10,0.009,faible
GN2025-03254,2025-08-21,2025,8,34,Labé,Tougué,montagneux,11.45000,-11.67000,23.87,20.52,28.43,0.57,112.69,285.36,72.31,8.15,4,62.19,0.719,15,0.014,moyen
GN2025-03255,2025-02-01,2025,2,5,Mamou,Dalaba,montagneux,10.69000,-12.25000,25.89,20.45,30.11,0.58,1.47,55.06,66.25,10.11,0,41.60,0.045,8,0.007,faible
GN2025-03256,2025-05-29,2025,5,22,Mamou,Mamou,montagneux,10.38000,-12.09000,26.16,21.28,29.57,2.68,51.80,132.77,61.77,11.99,5,53.87,0.563,9,0.009,faible
GN2025-03257,2025-09-14,2025,9,37,Mamou,Pita,montagneux,11.06000,-12.40000,24.03,18.84,27.05,2.78,110.12,506.23,75.28,8.71,7,71.54,0.961,6,0.006,moyen
GN2025-03258,2025-03-02,2025,3,9,Nzérékoré,Beyla,forestier,8.69000,-8.65000,27.82,24.09,30.96,0.04,36.77,84.86,60.78,7.42,2,46.54,0.268,3,0.003,faible
GN2025-03259,2025-03-08,2025,3,10,Nzérékoré,Guéckédou,forestier,8.57000,-10.13000,27.33,22.92,30.68,0.77,3.17,101.72,62.13,13.72,0,45.53,0.112,4,0.004,faible
GN2025-03260,2025-11-13,2025,11,46,Nzérékoré,Lola,forestier,7.80000,-8.53000,24.91,19.98,30.65,92.10,182.17,886.82,90.10,6.02,7,98.00,1.000,22,0.023,eleve
GN2025-03261,2025-05-21,2025,5,21,Nzérékoré,Macenta,forestier,8.54000,-9.47000,26.00,20.49,30.24,2.11,61.58,363.99,64.90,8.87,6,55.91,0.660,5,0.005,moyen
GN2025-03262,2025-06-30,2025,6,27,Nzérékoré,Nzérékoré,forestier,7.76000,-8.82000,27.05,23.47,31.03,2.05,258.15,730.35,67.84,3.81,7,82.96,1.000,17,0.019,eleve
GN2025-03263,2025-10-25,2025,10,43,Nzérékoré,Yomou,forestier,7.56000,-9.31000,24.56,21.37,30.30,23.94,268.69,1047.41,78.65,9.26,6,98.00,1.000,14,0.015,eleve
GN2025-03264,2025-07-17,2025,7,29,Conakry,Conakry,côtier,9.54000,-13.68000,26.04,22.96,30.15,29.20,382.06,881.50,74.68,8.06,7,83.20,1.000,20,0.023,eleve
GN2025-03265,2025-12-09,2025,12,50,Boké,Boffa,côtier,10.18000,-14.04000,28.04,24.43,32.90,44.46,60.04,639.08,77.00,8.96,6,89.91,0.662,11,0.011,eleve
GN2025-03266,2025-10-20,2025,10,43,Boké,Boké,côtier,10.94000,-14.29000,27.53,22.55,32.19,14.40,70.74,505.12,77.95,9.36,6,73.11,0.659,9,0.009,moyen
GN2025-03267,2025-11-20,2025,11,47,Boké,Fria,côtier,10.37000,-13.58000,27.99,22.72,32.04,12.24,101.67,610.98,75.09,9.00,7,83.55,0.854,12,0.012,eleve
GN2025-03268,2025-07-23,2025,7,30,Boké,Gaoual,soudano-guinéen,11.75000,-13.20000,29.33,23.75,32.69,0.56,67.33,306.68,82.85,6.66,3,64.26,0.606,7,0.007,moyen
GN2025-03269,2025-02-01,2025,2,5,Boké,Koundara,soudano-guinéen,12.48000,-13.30000,30.28,24.75,33.43,0.08,2.77,22.44,54.24,9.37,0,33.83,0.099,1,0.001,faible
GN2025-03270,2025-10-05,2025,10,40,Faranah,Dabola,soudano-guinéen,10.75000,-11.11000,27.08,22.15,30.60,17.13,182.47,563.04,82.13,7.61,7,80.63,1.000,17,0.016,eleve
GN2025-03271,2025-08-11,2025,8,33,Faranah,Dinguiraye,soudano-guinéen,11.30000,-10.72000,26.63,23.00,30.47,54.72,182.33,486.68,80.71,5.22,7,79.85,1.000,14,0.013,eleve
GN2025-03272,2025-03-03,2025,3,10,Faranah,Faranah,soudano-guinéen,10.04000,-10.74000,30.09,26.44,33.89,4.56,6.55,38.90,54.68,14.78,1,32.36,0.166,2,0.002,faible
GN2025-03273,2025-12-20,2025,12,51,Faranah,Kissidougou,forestier,9.18000,-10.10000,26.73,21.51,30.20,36.39,235.39,776.40,74.44,8.32,6,88.67,1.000,13,0.014,eleve
GN2025-03274,2025-07-06,2025,7,27,Kankan,Kankan,soudano-guinéen,10.39000,-9.31000,28.48,22.92,31.88,20.23,93.71,272.25,74.09,8.34,7,60.37,0.790,12,0.012,moyen
GN2025-03275,2025-09-11,2025,9,37,Kankan,Kérouané,forestier,9.27000,-9.01000,26.59,22.29,32.35,1.87,33.21,751.27,73.79,6.24,7,85.25,0.498,9,0.009,moyen
GN2025-03276,2025-07-22,2025,7,30,Kankan,Kouroussa,soudano-guinéen,10.65000,-9.89000,28.99,25.42,34.67,5.25,50.00,362.41,76.64,10.15,7,68.22,0.683,10,0.010,moyen
GN2025-03277,2025-04-26,2025,4,17,Kankan,Mandiana,soudano-guinéen,10.63000,-8.68000,28.89,23.68,34.06,14.52,23.07,47.29,61.56,8.96,2,37.03,0.275,3,0.003,faible
GN2025-03278,2025-11-02,2025,11,44,Kankan,Siguiri,soudano-guinéen,11.42000,-9.17000,29.36,24.22,32.95,6.80,73.75,194.10,75.12,7.84,5,59.99,0.707,8,0.007,moyen
GN2025-03279,2025-11-17,2025,11,47,Kindia,Coyah,côtier,9.71000,-13.38000,28.12,25.03,32.02,103.75,278.49,740.25,84.07,9.82,7,89.56,1.000,19,0.021,eleve
GN2025-03280,2025-06-10,2025,6,24,Kindia,Dubréka,côtier,9.79000,-13.52000,27.47,23.92,30.70,65.97,115.82,255.59,85.31,7.15,6,59.43,0.918,12,0.013,eleve
GN2025-03281,2025-10-07,2025,10,41,Kindia,Forécariah,côtier,9.43000,-13.09000,28.22,24.75,31.65,18.25,363.32,1025.82,72.75,7.05,7,98.00,1.000,18,0.019,eleve
GN2025-03282,2025-08-02,2025,8,31,Kindia,Kindia,côtier,10.06000,-12.87000,26.92,23.24,30.31,33.40,247.56,950.08,83.07,10.27,7,95.91,1.000,15,0.016,eleve
GN2025-03283,2025-05-22,2025,5,21,Kindia,Télimélé,soudano-guinéen,10.91000,-13.04000,27.70,23.21,32.83,1.52,29.52,126.73,69.89,9.68,7,53.69,0.543,6,0.006,faible
GN2025-03284,2025-05-11,2025,5,19,Labé,Koubia,montagneux,11.59000,-11.90000,25.27,21.08,28.58,1.63,38.83,117.95,65.55,9.33,4,46.47,0.423,6,0.005,faible
GN2025-03285,2025-12-14,2025,12,50,Labé,Labé,montagneux,11.32000,-12.29000,23.80,19.61,29.14,10.00,72.40,514.50,76.27,6.86,5,75.59,0.658,7,0.007,moyen
GN2025-03286,2025-09-03,2025,9,36,Labé,Lélouma,montagneux,11.18000,-12.48000,23.75,19.62,27.68,19.80,97.00,420.62,82.80,10.24,6,74.29,0.768,10,0.009,moyen
GN2025-03287,2025-01-07,2025,1,2,Labé,Mali,montagneux,12.08000,-12.30000,25.80,20.94,31.05,9.10,26.82,26.82,58.05,8.45,2,33.74,0.320,1,0.001,faible
GN2025-03288,2025-03-02,2025,3,9,Labé,Tougué,montagneux,11.45000,-11.67000,25.68,21.46,31.19,8.12,13.30,59.35,61.87,16.70,2,40.37,0.263,4,0.004,faible
GN2025-03289,2025-03-14,2025,3,11,Mamou,Dalaba,montagneux,10.69000,-12.25000,25.22,20.26,28.95,0.76,2.73,47.53,60.07,13.10,0,45.61,0.069,4,0.004,faible
GN2025-03290,2025-01-24,2025,1,4,Mamou,Mamou,montagneux,10.38000,-12.09000,27.25,23.71,30.40,16.32,17.66,56.21,60.64,6.94,1,38.28,0.199,4,0.004,faible
GN2025-03291,2025-11-14,2025,11,46,Mamou,Pita,montagneux,11.06000,-12.40000,25.04,21.34,29.14,1.41,33.87,316.28,80.82,8.52,5,59.86,0.550,10,0.009,moyen
GN2025-03292,2025-02-18,2025,2,8,Nzérékoré,Beyla,forestier,8.69000,-8.65000,28.93,25.29,33.85,0.74,41.60,80.95,49.71,10.49,1,45.16,0.314,3,0.003,faible
GN2025-03293,2025-01-26,2025,1,4,Nzérékoré,Guéckédou,forestier,8.57000,-10.13000,27.97,24.48,32.40,0.23,2.92,21.12,54.47,9.50,0,42.51,0.080,4,0.004,faible
GN2025-03294,2025-08-26,2025,8,35,Nzérékoré,Lola,forestier,7.80000,-8.53000,24.76,19.80,28.58,2.91,113.16,695.22,73.67,6.85,7,84.79,0.979,10,0.011,eleve
GN2025-03295,2025-11-14,2025,11,46,Nzérékoré,Macenta,forestier,8.54000,-9.47000,25.33,20.18,30.23,61.29,222.85,1026.86,88.14,6.34,5,98.00,1.000,12,0.013,eleve
GN2025-03296,2025-06-05,2025,6,23,Nzérékoré,Nzérékoré,forestier,7.76000,-8.82000,26.77,23.52,32.35,1.59,38.08,419.83,71.14,8.26,7,62.23,0.551,9,0.010,moyen
GN2025-03297,2025-12-25,2025,12,52,Nzérékoré,Yomou,forestier,7.56000,-9.31000,26.41,21.09,31.98,143.89,323.44,1260.37,90.03,7.70,6,98.00,1.000,13,0.014,eleve
GN2025-03298,2025-07-29,2025,7,31,Conakry,Conakry,côtier,9.54000,-13.68000,28.20,24.67,32.43,27.34,356.63,913.26,77.72,10.86,7,97.25,1.000,21,0.024,eleve
GN2025-03299,2025-04-02,2025,4,14,Boké,Boffa,côtier,10.18000,-14.04000,28.22,23.19,33.67,0.13,25.10,80.71,66.52,7.78,1,47.36,0.188,6,0.006,faible
GN2025-03300,2025-01-11,2025,1,2,Boké,Boké,côtier,10.94000,-14.29000,30.07,25.23,33.95,0.28,2.98,4.43,55.61,9.84,0,35.11,0.070,4,0.004,faible
GN2025-03301,2025-04-09,2025,4,15,Boké,Fria,côtier,10.37000,-13.58000,28.43,23.09,33.44,1.44,4.16,67.85,64.93,7.88,1,43.75,0.126,2,0.002,faible
GN2025-03302,2025-10-08,2025,10,41,Boké,Gaoual,soudano-guinéen,11.75000,-13.20000,28.32,23.66,31.92,47.34,113.33,358.63,75.70,6.59,5,64.24,0.811,5,0.005,moyen
GN2025-03303,2025-07-08,2025,7,28,Boké,Koundara,soudano-guinéen,12.48000,-13.30000,28.28,24.91,32.66,0.50,16.20,137.06,83.14,8.01,6,55.65,0.542,8,0.007,faible
GN2025-03304,2025-01-15,2025,1,3,Faranah,Dabola,soudano-guinéen,10.75000,-11.11000,29.32,24.21,34.91,0.40,3.57,5.86,60.01,11.47,0,38.84,0.087,2,0.002,faible
GN2025-03305,2025-02-18,2025,2,8,Faranah,Dinguiraye,soudano-guinéen,11.30000,-10.72000,27.28,22.84,31.90,0.63,21.06,43.48,51.85,10.68,1,44.29,0.182,3,0.003,faible
GN2025-03306,2025-07-19,2025,7,29,Faranah,Faranah,soudano-guinéen,10.04000,-10.74000,28.31,23.06,33.83,3.63,106.70,395.74,75.46,7.87,6,66.33,0.841,9,0.009,moyen
GN2025-03307,2025-04-20,2025,4,16,Faranah,Kissidougou,forestier,9.18000,-10.10000,27.24,22.80,33.04,0.61,18.49,153.68,63.69,8.32,1,54.82,0.201,4,0.004,faible
GN2025-03308,2025-07-02,2025,7,27,Kankan,Kankan,soudano-guinéen,10.39000,-9.31000,29.45,24.42,32.57,9.78,16.87,212.26,74.93,9.65,4,62.03,0.400,4,0.004,faible
GN2025-03309,2025-05-05,2025,5,19,Kankan,Kérouané,forestier,9.27000,-9.01000,27.60,22.01,30.61,2.95,5.78,58.86,70.34,9.73,1,50.63,0.145,3,0.003,faible
GN2025-03310,2025-02-03,2025,2,6,Kankan,Kouroussa,soudano-guinéen,10.65000,-9.89000,30.06,26.36,34.88,0.43,2.57,14.51,58.24,9.21,0,35.38,0.076,3,0.003,faible
GN2025-03311,2025-08-19,2025,8,34,Kankan,Mandiana,soudano-guinéen,10.63000,-8.68000,29.07,23.72,34.79,2.52,61.80,223.07,77.72,8.56,6,60.10,0.687,6,0.006,moyen
GN2025-03312,2025-06-01,2025,6,22,Kankan,Siguiri,soudano-guinéen,11.42000,-9.17000,29.81,24.98,34.13,1.41,17.08,107.28,74.01,7.82,3,51.69,0.332,4,0.004,faible
GN2025-03313,2025-12-06,2025,12,49,Kindia,Coyah,côtier,9.71000,-13.38000,27.45,22.42,32.13,12.82,131.04,717.07,75.52,8.58,6,86.56,0.941,7,0.008,eleve
GN2025-03314,2025-10-12,2025,10,41,Kindia,Dubréka,côtier,9.79000,-13.52000,27.56,22.72,31.96,69.63,161.17,858.34,83.99,3.70,5,97.25,1.000,14,0.015,eleve
GN2025-03315,2025-11-13,2025,11,46,Kindia,Forécariah,côtier,9.43000,-13.09000,26.63,22.67,31.65,3.24,99.15,1013.80,69.62,4.63,6,95.06,0.779,8,0.009,eleve
GN2025-03316,2025-05-12,2025,5,20,Kindia,Kindia,côtier,10.06000,-12.87000,27.32,23.54,30.74,0.71,148.95,269.52,70.47,7.14,5,53.26,1.000,10,0.011,eleve
GN2025-03317,2025-11-12,2025,11,46,Kindia,Télimélé,soudano-guinéen,10.91000,-13.04000,26.06,21.24,29.55,67.14,151.43,499.00,83.17,9.64,7,78.69,1.000,11,0.011,eleve
GN2025-03318,2025-11-06,2025,11,45,Labé,Koubia,montagneux,11.59000,-11.90000,24.69,20.08,28.67,7.57,83.11,516.37,80.74,10.11,7,64.61,0.816,10,0.009,moyen
GN2025-03319,2025-06-10,2025,6,24,Labé,Labé,montagneux,11.32000,-12.29000,24.40,20.52,28.11,44.79,153.42,420.11,79.43,9.52,7,72.79,1.000,9,0.008,moyen
GN2025-03320,2025-10-24,2025,10,43,Labé,Lélouma,montagneux,11.18000,-12.48000,23.43,18.96,28.53,27.91,46.01,508.58,79.58,8.49,5,72.40,0.570,16,0.015,faible
GN2025-03321,2025-04-05,2025,4,14,Labé,Mali,montagneux,12.08000,-12.30000,25.94,20.98,31.67,0.61,7.07,20.30,59.11,10.22,2,44.21,0.218,0,0.000,faible
GN2025-03322,2025-05-15,2025,5,20,Labé,Tougué,montagneux,11.45000,-11.67000,24.61,20.08,29.38,31.35,62.47,139.41,71.77,10.59,5,50.59,0.575,5,0.005,faible
GN2025-03323,2025-07-30,2025,7,31,Mamou,Dalaba,montagneux,10.69000,-12.25000,23.77,18.22,29.47,13.25,84.17,369.17,76.26,8.79,7,67.08,0.828,10,0.009,moyen
GN2025-03324,2025-02-27,2025,2,9,Mamou,Mamou,montagneux,10.38000,-12.09000,26.43,23.11,31.92,8.22,11.06,22.18,56.08,12.85,1,35.27,0.183,5,0.005,faible
GN2025-03325,2025-07-14,2025,7,29,Mamou,Pita,montagneux,11.06000,-12.40000,24.27,19.21,29.34,0.80,91.25,489.47,77.99,6.04,6,70.19,0.852,5,0.005,moyen
GN2025-03326,2025-11-17,2025,11,47,Nzérékoré,Beyla,forestier,8.69000,-8.65000,26.12,20.57,29.62,29.38,132.16,861.61,81.89,8.31,5,98.00,0.960,11,0.011,eleve
GN2025-03327,2025-11-03,2025,11,45,Nzérékoré,Guéckédou,forestier,8.57000,-10.13000,25.56,21.25,30.00,44.72,270.98,710.29,84.69,5.63,7,93.75,1.000,17,0.019,eleve
GN2025-03328,2025-10-29,2025,10,44,Nzérékoré,Lola,forestier,7.80000,-8.53000,25.06,20.74,29.87,84.56,167.19,1040.06,85.99,9.42,6,98.00,1.000,11,0.012,eleve
GN2025-03329,2025-06-08,2025,6,23,Nzérékoré,Macenta,forestier,8.54000,-9.47000,25.12,21.97,29.18,121.11,165.38,441.92,83.62,9.30,6,61.00,1.000,8,0.009,eleve
GN2025-03330,2025-09-08,2025,9,37,Nzérékoré,Nzérékoré,forestier,7.76000,-8.82000,25.06,20.75,29.20,19.50,197.42,980.83,82.05,5.89,6,98.00,1.000,14,0.015,eleve
GN2025-03331,2025-09-01,2025,9,36,Nzérékoré,Yomou,forestier,7.56000,-9.31000,25.43,21.35,29.88,18.26,453.31,1298.83,80.31,6.42,7,98.00,1.000,14,0.015,eleve
GN2025-03332,2025-12-19,2025,12,51,Conakry,Conakry,côtier,9.54000,-13.68000,27.67,23.21,31.72,22.15,172.87,961.87,77.39,8.43,6,98.00,1.000,14,0.016,eleve
GN2025-03333,2025-10-20,2025,10,43,Boké,Boffa,côtier,10.18000,-14.04000,27.75,24.00,32.04,34.71,181.23,688.73,79.35,4.50,7,90.48,1.000,10,0.010,eleve
GN2025-03334,2025-12-19,2025,12,51,Boké,Boké,côtier,10.94000,-14.29000,28.11,22.61,32.20,9.51,18.89,328.46,71.63,6.61,6,62.65,0.410,10,0.010,moyen
GN2025-03335,2025-01-26,2025,1,4,Boké,Fria,côtier,10.37000,-13.58000,30.03,26.40,34.99,0.49,11.96,51.14,58.97,11.74,2,44.63,0.267,5,0.005,faible
GN2025-03336,2025-12-19,2025,12,51,Boké,Gaoual,soudano-guinéen,11.75000,-13.20000,29.74,26.41,34.06,18.33,92.54,444.36,78.83,7.22,5,73.39,0.760,11,0.011,eleve
GN2025-03337,2025-11-25,2025,11,48,Boké,Koundara,soudano-guinéen,12.48000,-13.30000,27.88,22.59,32.19,0.97,25.09,151.42,75.62,3.79,4,53.86,0.420,7,0.007,faible
GN2025-03338,2025-09-07,2025,9,36,Faranah,Dabola,soudano-guinéen,10.75000,-11.11000,26.74,21.75,31.47,25.69,89.73,294.98,78.73,6.53,6,60.70,0.867,10,0.010,moyen
GN2025-03339,2025-09-17,2025,9,38,Faranah,Dinguiraye,soudano-guinéen,11.30000,-10.72000,25.79,21.33,29.64,2.59,49.99,388.25,73.02,3.25,6,67.99,0.605,7,0.007,moyen
GN2025-03340,2025-07-08,2025,7,28,Faranah,Faranah,soudano-guinéen,10.04000,-10.74000,26.92,22.57,29.99,60.56,65.95,478.43,81.73,10.22,5,77.08,0.679,8,0.008,moyen
GN2025-03341,2025-12-06,2025,12,49,Faranah,Kissidougou,forestier,9.18000,-10.10000,25.63,22.48,30.08,0.52,192.99,891.02,75.42,8.27,4,94.97,1.000,23,0.024,eleve
GN2025-03342,2025-06-10,2025,6,24,Kankan,Kankan,soudano-guinéen,10.39000,-9.31000,27.96,23.43,32.79,8.30,36.31,217.27,73.57,9.26,4,54.05,0.421,4,0.004,faible
GN2025-03343,2025-01-01,2025,1,1,Kankan,Kérouané,forestier,9.27000,-9.01000,29.63,24.40,33.89,0.22,0.22,0.22,58.95,8.26,0,35.41,0.029,3,0.003,faible
GN2025-03344,2025-12-03,2025,12,49,Kankan,Kouroussa,soudano-guinéen,10.65000,-9.89000,28.65,25.20,32.28,0.97,39.56,345.22,76.56,5.73,5,61.71,0.496,6,0.006,moyen
GN2025-03345,2025-02-20,2025,2,8,Kankan,Mandiana,soudano-guinéen,10.63000,-8.68000,30.31,26.96,35.34,0.15,3.60,13.23,61.26,13.69,0,34.31,0.068,2,0.002,faible
GN2025-03346,2025-03-05,2025,3,10,Kankan,Siguiri,soudano-guinéen,11.42000,-9.17000,31.31,27.89,36.68,0.23,3.76,31.94,56.34,10.53,0,38.69,0.104,5,0.005,faible
GN2025-03347,2025-11-22,2025,11,47,Kindia,Coyah,côtier,9.71000,-13.38000,27.70,23.39,30.77,5.44,132.83,746.60,78.74,6.23,4,96.63,0.921,10,0.011,eleve
GN2025-03348,2025-08-03,2025,8,31,Kindia,Dubréka,côtier,9.79000,-13.52000,26.46,21.40,31.45,96.15,245.89,1242.69,83.60,3.37,7,98.00,1.000,14,0.015,eleve
GN2025-03349,2025-06-06,2025,6,23,Kindia,Forécariah,côtier,9.43000,-13.09000,27.87,23.69,32.69,0.91,74.23,488.56,70.12,9.96,5,70.79,0.659,9,0.010,moyen
GN2025-03350,2025-09-20,2025,9,38,Kindia,Kindia,côtier,10.06000,-12.87000,27.08,23.21,31.66,20.23,274.13,1174.67,76.10,7.95,7,98.00,1.000,18,0.019,eleve
GN2025-03351,2025-12-08,2025,12,50,Kindia,Télimélé,soudano-guinéen,10.91000,-13.04000,26.20,21.32,31.25,38.53,157.60,832.27,81.99,5.46,6,93.12,1.000,10,0.010,eleve
GN2025-03352,2025-10-31,2025,10,44,Labé,Koubia,montagneux,11.59000,-11.90000,24.59,19.16,30.33,22.43,93.75,569.92,78.85,9.36,6,79.28,0.832,13,0.012,moyen
GN2025-03353,2025-10-29,2025,10,44,Labé,Labé,montagneux,11.32000,-12.29000,23.60,18.32,28.36,0.73,44.70,417.86,70.61,7.09,6,68.30,0.591,14,0.013,faible
GN2025-03354,2025-01-06,2025,1,2,Labé,Lélouma,montagneux,11.18000,-12.48000,25.41,21.39,28.85,0.56,2.65,2.65,53.07,9.35,0,36.61,0.081,1,0.001,faible
GN2025-03355,2025-01-15,2025,1,3,Labé,Mali,montagneux,12.08000,-12.30000,26.67,21.95,31.48,0.36,2.72,30.31,55.10,10.91,0,31.83,0.085,5,0.005,faible
GN2025-03356,2025-04-16,2025,4,16,Labé,Tougué,montagneux,11.45000,-11.67000,26.16,20.77,29.58,0.64,4.98,31.21,58.32,11.35,1,37.09,0.110,2,0.002,faible
GN2025-03357,2025-04-09,2025,4,15,Mamou,Dalaba,montagneux,10.69000,-12.25000,26.18,21.72,29.59,0.58,12.97,47.94,62.26,10.92,1,43.62,0.274,4,0.004,faible
GN2025-03358,2025-05-24,2025,5,21,Mamou,Mamou,montagneux,10.38000,-12.09000,24.85,20.04,27.98,0.51,51.94,92.01,68.35,5.39,5,49.05,0.504,7,0.007,faible
GN2025-03359,2025-11-19,2025,11,47,Mamou,Pita,montagneux,11.06000,-12.40000,22.98,17.62,26.82,68.21,142.49,427.90,84.83,14.16,6,70.41,1.000,6,0.006,moyen
GN2025-03360,2025-11-15,2025,11,46,Nzérékoré,Beyla,forestier,8.69000,-8.65000,24.67,21.61,28.40,2.43,181.11,875.62,73.91,8.74,6,98.00,1.000,12,0.012,eleve
GN2025-03361,2025-03-31,2025,3,14,Nzérékoré,Guéckédou,forestier,8.57000,-10.13000,26.71,23.44,29.91,0.27,2.62,26.82,58.29,10.92,0,37.41,0.117,7,0.008,faible
GN2025-03362,2025-03-14,2025,3,11,Nzérékoré,Lola,forestier,7.80000,-8.53000,26.16,21.63,30.95,0.15,3.00,108.15,65.91,8.32,0,42.76,0.053,10,0.011,faible
GN2025-03363,2025-07-21,2025,7,30,Nzérékoré,Macenta,forestier,8.54000,-9.47000,25.65,21.20,31.40,17.22,312.60,1194.65,69.69,11.14,7,98.00,1.000,12,0.013,eleve
GN2025-03364,2025-06-29,2025,6,26,Nzérékoré,Nzérékoré,forestier,7.76000,-8.82000,25.53,21.45,28.94,71.44,273.55,733.69,80.36,10.99,7,98.00,1.000,12,0.013,eleve
GN2025-03365,2025-12-21,2025,12,51,Nzérékoré,Yomou,forestier,7.56000,-9.31000,26.55,20.95,30.94,36.98,388.73,1190.72,79.11,9.25,7,98.00,1.000,11,0.012,eleve
GN2025-03366,2025-07-10,2025,7,28,Conakry,Conakry,côtier,9.54000,-13.68000,27.15,21.78,32.46,0.21,102.58,756.47,73.06,8.34,4,88.13,0.795,13,0.015,eleve
GN2025-03367,2025-11-22,2025,11,47,Boké,Boffa,côtier,10.18000,-14.04000,28.15,24.10,32.12,2.46,177.06,647.29,72.32,7.78,6,77.65,1.000,6,0.006,eleve
GN2025-03368,2025-03-02,2025,3,9,Boké,Boké,côtier,10.94000,-14.29000,29.71,26.15,34.45,10.23,12.72,62.86,62.92,12.02,1,35.33,0.237,4,0.004,faible
GN2025-03369,2025-08-20,2025,8,34,Boké,Fria,côtier,10.37000,-13.58000,28.50,23.88,33.45,1.48,126.16,679.37,68.56,9.14,7,80.07,1.000,10,0.010,eleve
GN2025-03370,2025-06-03,2025,6,23,Boké,Gaoual,soudano-guinéen,11.75000,-13.20000,29.09,24.64,34.89,22.97,29.67,72.40,66.89,12.68,4,42.53,0.387,3,0.003,faible
GN2025-03371,2025-04-25,2025,4,17,Boké,Koundara,soudano-guinéen,12.48000,-13.30000,29.34,25.27,33.66,0.06,2.65,42.76,65.13,11.97,1,45.07,0.098,1,0.001,faible
GN2025-03372,2025-07-05,2025,7,27,Faranah,Dabola,soudano-guinéen,10.75000,-11.11000,27.56,23.23,31.46,4.36,132.47,237.77,67.48,10.24,7,53.51,1.000,10,0.010,moyen
GN2025-03373,2025-05-09,2025,5,19,Faranah,Dinguiraye,soudano-guinéen,11.30000,-10.72000,27.67,24.04,31.78,1.89,65.97,87.95,60.73,7.57,4,45.11,0.550,11,0.010,faible
GN2025-03374,2025-01-10,2025,1,2,Faranah,Faranah,soudano-guinéen,10.04000,-10.74000,29.05,25.18,33.32,0.36,2.24,8.04,59.83,12.36,0,36.40,0.128,1,0.001,faible
GN2025-03375,2025-01-09,2025,1,2,Faranah,Kissidougou,forestier,9.18000,-10.10000,27.91,23.08,32.36,0.65,3.57,4.11,52.91,10.06,0,28.67,0.085,2,0.002,faible
GN2025-03376,2025-09-20,2025,9,38,Kankan,Kankan,soudano-guinéen,10.39000,-9.31000,28.41,24.79,34.18,2.37,55.62,239.79,70.95,6.81,6,66.08,0.679,9,0.009,moyen
GN2025-03377,2025-01-02,2025,1,1,Kankan,Kérouané,forestier,9.27000,-9.01000,29.34,24.17,34.38,0.15,0.37,0.37,58.43,11.83,0,40.47,0.160,5,0.005,faible
GN2025-03378,2025-12-31,2025,12,1,Kankan,Kouroussa,soudano-guinéen,10.65000,-9.89000,28.16,24.39,33.81,0.91,41.40,148.40,74.70,9.09,4,51.02,0.466,6,0.006,faible
GN2025-03379,2025-07-19,2025,7,29,Kankan,Mandiana,soudano-guinéen,10.63000,-8.68000,28.02,23.93,33.36,2.49,65.39,238.69,73.09,8.61,6,53.74,0.637,5,0.005,moyen
GN2025-03380,2025-04-17,2025,4,16,Kankan,Siguiri,soudano-guinéen,11.42000,-9.17000,32.17,26.78,36.89,0.29,17.51,63.20,65.18,9.03,1,43.60,0.208,4,0.004,faible
GN2025-03381,2025-03-14,2025,3,11,Kindia,Coyah,côtier,9.71000,-13.38000,28.76,24.85,34.28,5.04,14.04,55.32,59.05,10.68,2,39.34,0.155,2,0.002,faible
GN2025-03382,2025-02-05,2025,2,6,Kindia,Dubréka,côtier,9.79000,-13.52000,28.87,24.19,33.34,27.74,81.87,119.96,62.01,11.73,2,39.98,0.546,6,0.007,moyen
GN2025-03383,2025-01-31,2025,1,5,Kindia,Forécariah,côtier,9.43000,-13.09000,28.37,23.57,33.11,0.47,1.96,17.69,57.41,14.21,0,33.90,0.081,3,0.003,faible
GN2025-03384,2025-12-18,2025,12,51,Kindia,Kindia,côtier,10.06000,-12.87000,26.77,21.98,32.37,1.91,324.46,812.45,75.52,12.93,7,84.63,1.000,9,0.010,eleve
GN2025-03385,2025-12-27,2025,12,52,Kindia,Télimélé,soudano-guinéen,10.91000,-13.04000,27.79,24.12,32.22,15.48,50.76,533.28,69.48,5.68,7,82.18,0.606,15,0.015,moyen
GN2025-03386,2025-01-23,2025,1,4,Labé,Koubia,montagneux,11.59000,-11.90000,26.27,21.97,30.25,0.40,3.13,18.11,57.02,12.14,0,44.91,0.073,5,0.005,faible
GN2025-03387,2025-04-22,2025,4,17,Labé,Labé,montagneux,11.32000,-12.29000,25.84,21.70,30.92,0.52,3.79,73.18,62.23,12.45,0,41.81,0.112,2,0.002,faible
GN2025-03388,2025-12-31,2025,12,1,Labé,Lélouma,montagneux,11.18000,-12.48000,24.95,20.99,30.16,2.63,45.77,430.83,73.18,5.96,5,64.20,0.529,8,0.007,faible
GN2025-03389,2025-02-02,2025,2,5,Labé,Mali,montagneux,12.08000,-12.30000,25.70,22.53,30.89,21.25,23.48,41.77,67.34,9.61,1,45.94,0.327,3,0.003,faible
GN2025-03390,2025-05-26,2025,5,22,Labé,Tougué,montagneux,11.45000,-11.67000,24.63,19.43,29.90,0.02,8.18,154.01,66.20,7.11,4,45.29,0.280,6,0.005,faible
GN2025-03391,2025-11-24,2025,11,48,Mamou,Dalaba,montagneux,10.69000,-12.25000,22.68,17.60,28.29,25.09,194.20,576.97,78.24,8.96,6,74.66,1.000,9,0.008,eleve
GN2025-03392,2025-10-20,2025,10,43,Mamou,Mamou,montagneux,10.38000,-12.09000,25.87,21.60,30.36,23.38,124.89,564.87,78.98,4.82,6,80.89,1.000,8,0.008,eleve
GN2025-03393,2025-07-03,2025,7,27,Mamou,Pita,montagneux,11.06000,-12.40000,24.13,19.43,29.83,2.07,133.43,517.46,69.65,5.18,6,79.69,0.938,12,0.011,moyen
GN2025-03394,2025-06-13,2025,6,24,Nzérékoré,Beyla,forestier,8.69000,-8.65000,26.10,21.20,29.70,22.74,113.70,413.93,73.74,13.00,6,69.28,0.859,11,0.011,moyen
GN2025-03395,2025-12-01,2025,12,49,Nzérékoré,Guéckédou,forestier,8.57000,-10.13000,25.98,20.52,29.31,40.81,444.08,1169.89,78.79,6.74,6,98.00,1.000,12,0.013,eleve
GN2025-03396,2025-07-02,2025,7,27,Nzérékoré,Lola,forestier,7.80000,-8.53000,25.66,20.73,29.37,0.98,346.63,903.46,68.63,4.77,6,97.83,1.000,12,0.013,eleve
GN2025-03397,2025-05-05,2025,5,19,Nzérékoré,Macenta,forestier,8.54000,-9.47000,26.08,22.04,30.31,2.91,161.61,224.23,65.06,6.68,5,54.60,1.000,15,0.016,eleve
GN2025-03398,2025-10-26,2025,10,43,Nzérékoré,Nzérékoré,forestier,7.76000,-8.82000,24.94,21.03,28.45,0.60,173.37,865.16,68.89,4.06,6,94.78,1.000,11,0.012,eleve
GN2025-03399,2025-05-15,2025,5,20,Nzérékoré,Yomou,forestier,7.56000,-9.31000,26.57,23.36,31.47,41.99,74.90,277.41,75.25,6.85,5,55.41,0.654,8,0.009,moyen
GN2025-03400,2025-12-30,2025,12,1,Conakry,Conakry,côtier,9.54000,-13.68000,28.00,22.40,33.72,51.61,314.35,968.29,81.72,10.63,7,96.33,1.000,19,0.022,eleve
GN2025-03401,2025-02-18,2025,2,8,Boké,Boffa,côtier,10.18000,-14.04000,28.50,24.38,32.01,0.23,2.41,27.04,63.63,10.67,0,37.78,0.024,3,0.003,faible
GN2025-03402,2025-06-06,2025,6,23,Boké,Boké,côtier,10.94000,-14.29000,28.22,23.61,33.54,44.89,151.48,289.47,73.68,9.56,6,57.53,1.000,8,0.008,eleve
GN2025-03403,2025-10-16,2025,10,42,Boké,Fria,côtier,10.37000,-13.58000,26.18,21.49,29.33,17.06,48.51,217.20,78.45,9.93,5,60.71,0.646,10,0.010,moyen
GN2025-03404,2025-07-22,2025,7,30,Boké,Gaoual,soudano-guinéen,11.75000,-13.20000,28.20,23.06,32.61,2.46,67.23,308.11,74.69,5.57,3,55.15,0.535,13,0.012,moyen
GN2025-03405,2025-10-20,2025,10,43,Boké,Koundara,soudano-guinéen,12.48000,-13.30000,27.83,23.77,33.46,29.86,39.88,148.00,73.46,10.17,6,49.53,0.536,12,0.011,faible
GN2025-03406,2025-08-08,2025,8,32,Faranah,Dabola,soudano-guinéen,10.75000,-11.11000,27.87,23.97,31.16,2.54,72.48,274.95,72.02,8.88,5,62.27,0.632,8,0.008,moyen
GN2025-03407,2025-07-07,2025,7,28,Faranah,Dinguiraye,soudano-guinéen,11.30000,-10.72000,26.91,21.47,31.86,6.64,16.09,353.31,67.02,10.16,5,64.85,0.338,11,0.010,faible
GN2025-03408,2025-11-16,2025,11,46,Faranah,Faranah,soudano-guinéen,10.04000,-10.74000,27.77,24.35,32.32,15.24,172.37,510.78,76.30,8.85,6,74.78,1.000,14,0.014,eleve
GN2025-03409,2025-09-28,2025,9,39,Faranah,Kissidougou,forestier,9.18000,-10.10000,26.75,21.44,31.54,21.15,221.02,752.55,72.62,13.15,7,84.73,1.000,8,0.008,eleve
GN2025-03410,2025-08-20,2025,8,34,Kankan,Kankan,soudano-guinéen,10.39000,-9.31000,29.19,25.14,34.25,0.77,85.16,210.87,76.89,11.66,5,60.25,0.732,9,0.009,moyen
GN2025-03411,2025-06-20,2025,6,25,Kankan,Kérouané,forestier,9.27000,-9.01000,26.10,20.92,30.71,2.59,156.56,346.66,73.21,10.67,7,64.14,1.000,9,0.009,eleve
GN2025-03412,2025-07-29,2025,7,31,Kankan,Kouroussa,soudano-guinéen,10.65000,-9.89000,28.78,24.45,34.29,1.83,36.05,324.46,73.89,6.35,6,60.99,0.553,5,0.005,moyen
GN2025-03413,2025-03-11,2025,3,11,Kankan,Mandiana,soudano-guinéen,10.63000,-8.68000,29.89,25.01,34.14,0.12,1.68,24.89,61.94,9.56,0,37.45,0.090,3,0.003,faible
GN2025-03414,2025-12-08,2025,12,50,Kankan,Siguiri,soudano-guinéen,11.42000,-9.17000,29.02,25.71,32.82,4.25,20.02,133.17,69.70,6.96,4,45.97,0.318,3,0.003,faible
GN2025-03415,2025-12-04,2025,12,49,Kindia,Coyah,côtier,9.71000,-13.38000,27.39,23.29,33.05,2.37,164.83,688.86,70.68,8.38,6,76.23,1.000,13,0.015,eleve
GN2025-03416,2025-10-10,2025,10,41,Kindia,Dubréka,côtier,9.79000,-13.52000,26.66,23.02,31.85,0.43,194.52,792.20,78.67,7.97,6,96.59,1.000,14,0.015,eleve
GN2025-03417,2025-06-04,2025,6,23,Kindia,Forécariah,côtier,9.43000,-13.09000,27.66,23.56,32.11,22.95,92.44,551.92,75.17,9.11,6,69.63,0.762,8,0.009,eleve
GN2025-03418,2025-11-06,2025,11,45,Kindia,Kindia,côtier,10.06000,-12.87000,28.14,24.84,31.81,24.80,209.44,854.48,81.08,6.29,7,92.57,1.000,21,0.022,eleve
GN2025-03419,2025-05-28,2025,5,22,Kindia,Télimélé,soudano-guinéen,10.91000,-13.04000,27.80,23.31,31.95,1.19,52.96,175.98,68.70,11.29,7,49.19,0.595,3,0.003,moyen
GN2025-03420,2025-09-03,2025,9,36,Labé,Koubia,montagneux,11.59000,-11.90000,25.47,20.55,30.10,11.33,148.51,681.15,71.94,3.40,6,74.73,1.000,9,0.008,eleve
GN2025-03421,2025-12-03,2025,12,49,Labé,Labé,montagneux,11.32000,-12.29000,23.37,19.35,28.20,1.73,162.27,468.95,76.82,11.80,6,74.38,1.000,12,0.011,eleve
GN2025-03422,2025-05-29,2025,5,22,Labé,Lélouma,montagneux,11.18000,-12.48000,23.56,20.04,27.43,2.08,28.60,85.35,65.51,6.43,6,38.23,0.487,5,0.005,faible
GN2025-03423,2025-02-01,2025,2,5,Labé,Mali,montagneux,12.08000,-12.30000,25.28,21.60,30.20,0.43,2.64,21.17,60.62,11.04,0,47.95,0.083,1,0.001,faible
GN2025-03424,2025-10-20,2025,10,43,Labé,Tougué,montagneux,11.45000,-11.67000,24.18,18.96,27.37,26.53,99.92,290.03,77.55,7.69,6,53.57,0.834,8,0.007,moyen
GN2025-03425,2025-08-11,2025,8,33,Mamou,Dalaba,montagneux,10.69000,-12.25000,23.83,19.45,27.11,17.44,106.96,413.00,75.86,10.39,7,69.40,0.932,15,0.014,moyen
GN2025-03426,2025-06-12,2025,6,24,Mamou,Mamou,montagneux,10.38000,-12.09000,25.07,21.15,28.42,20.15,47.46,177.11,72.97,11.02,5,52.57,0.499,3,0.003,faible
GN2025-03427,2025-05-27,2025,5,22,Mamou,Pita,montagneux,11.06000,-12.40000,25.61,21.83,31.27,0.36,51.91,193.90,67.72,8.74,5,55.21,0.497,7,0.007,faible
GN2025-03428,2025-11-01,2025,11,44,Nzérékoré,Beyla,forestier,8.69000,-8.65000,26.21,21.44,29.60,35.52,223.17,1110.32,79.29,9.24,7,98.00,1.000,16,0.016,eleve
GN2025-03429,2025-01-05,2025,1,1,Nzérékoré,Guéckédou,forestier,8.57000,-10.13000,27.53,23.84,30.92,0.19,2.06,2.06,54.64,12.47,0,36.35,0.133,5,0.006,faible
GN2025-03430,2025-02-10,2025,2,7,Nzérékoré,Lola,forestier,7.80000,-8.53000,26.78,22.03,29.96,0.09,3.41,12.64,53.63,12.39,0,38.95,0.089,1,0.001,faible
GN2025-03431,2025-09-03,2025,9,36,Nzérékoré,Macenta,forestier,8.54000,-9.47000,25.42,22.26,28.63,0.57,259.46,1291.70,75.52,7.55,6,98.00,1.000,14,0.015,eleve
GN2025-03432,2025-10-28,2025,10,44,Nzérékoré,Nzérékoré,forestier,7.76000,-8.82000,25.19,21.38,28.40,37.63,179.59,869.21,82.74,9.63,6,98.00,1.000,19,0.021,eleve
GN2025-03433,2025-11-16,2025,11,46,Nzérékoré,Yomou,forestier,7.56000,-9.31000,25.52,21.39,28.99,120.97,335.77,1009.98,78.08,6.98,6,98.00,1.000,12,0.013,eleve
GN2025-03434,2025-11-01,2025,11,44,Conakry,Conakry,côtier,9.54000,-13.68000,25.59,21.15,31.10,56.00,513.21,1138.85,85.05,8.14,7,98.00,1.000,18,0.021,eleve
GN2025-03435,2025-01-24,2025,1,4,Boké,Boffa,côtier,10.18000,-14.04000,29.03,24.65,34.33,0.37,3.53,12.66,62.17,14.35,0,33.20,0.074,3,0.003,faible
GN2025-03436,2025-07-09,2025,7,28,Boké,Boké,côtier,10.94000,-14.29000,28.06,23.13,31.40,0.84,28.57,205.46,79.18,10.86,4,59.72,0.448,9,0.009,faible
GN2025-03437,2025-08-11,2025,8,33,Boké,Fria,côtier,10.37000,-13.58000,28.45,25.14,32.35,26.85,175.69,430.73,73.99,6.35,6,68.73,1.000,12,0.012,eleve
GN2025-03438,2025-12-18,2025,12,51,Boké,Gaoual,soudano-guinéen,11.75000,-13.20000,28.45,25.44,33.55,1.10,75.02,466.20,68.75,4.94,4,59.17,0.594,9,0.009,moyen
GN2025-03439,2025-09-28,2025,9,39,Boké,Koundara,soudano-guinéen,12.48000,-13.30000,29.60,24.66,34.02,2.24,12.53,125.46,77.66,10.82,6,49.23,0.427,8,0.007,faible
GN2025-03440,2025-01-18,2025,1,3,Faranah,Dabola,soudano-guinéen,10.75000,-11.11000,28.72,24.10,31.77,0.09,3.15,7.03,57.62,8.84,0,37.99,0.130,6,0.006,faible
GN2025-03441,2025-07-02,2025,7,27,Faranah,Dinguiraye,soudano-guinéen,11.30000,-10.72000,28.15,22.94,31.58,2.60,36.59,412.64,66.64,9.80,6,69.08,0.479,5,0.005,moyen
GN2025-03442,2025-04-09,2025,4,15,Faranah,Faranah,soudano-guinéen,10.04000,-10.74000,28.88,25.09,33.78,0.24,19.21,59.85,58.96,12.54,1,37.48,0.177,4,0.004,faible
GN2025-03443,2025-08-16,2025,8,33,Faranah,Kissidougou,forestier,9.18000,-10.10000,25.90,21.46,30.61,3.60,389.64,1032.39,79.01,7.87,6,98.00,1.000,6,0.006,eleve
GN2025-03444,2025-01-28,2025,1,5,Kankan,Kankan,soudano-guinéen,10.39000,-9.31000,29.24,25.98,35.02,0.08,36.06,44.25,60.77,15.52,1,32.93,0.298,6,0.006,faible
GN2025-03445,2025-11-10,2025,11,46,Kankan,Kérouané,forestier,9.27000,-9.01000,26.61,22.69,30.12,11.90,121.01,574.36,77.67,7.05,7,67.87,0.920,9,0.009,eleve
GN2025-03446,2025-07-08,2025,7,28,Kankan,Kouroussa,soudano-guinéen,10.65000,-9.89000,27.57,23.42,31.13,1.32,35.96,353.10,70.91,11.80,6,57.98,0.530,8,0.008,moyen
GN2025-03447,2025-05-24,2025,5,21,Kankan,Mandiana,soudano-guinéen,10.63000,-8.68000,29.13,23.55,34.64,3.31,50.66,117.80,66.58,9.60,6,49.33,0.641,4,0.004,faible
GN2025-03448,2025-12-18,2025,12,51,Kankan,Siguiri,soudano-guinéen,11.42000,-9.17000,29.57,25.40,33.46,4.05,11.85,73.55,78.45,9.04,6,44.99,0.417,5,0.005,faible
GN2025-03449,2025-04-08,2025,4,15,Kindia,Coyah,côtier,9.71000,-13.38000,29.74,25.20,34.22,1.52,10.66,155.46,59.38,11.20,2,42.31,0.260,5,0.006,faible
GN2025-03450,2025-05-20,2025,5,21,Kindia,Dubréka,côtier,9.79000,-13.52000,28.04,23.80,32.84,2.92,73.62,339.62,65.50,11.82,6,54.13,0.696,6,0.007,moyen
GN2025-03451,2025-05-20,2025,5,21,Kindia,Forécariah,côtier,9.43000,-13.09000,27.68,24.43,31.16,20.94,224.35,498.81,63.80,10.22,6,75.09,1.000,12,0.013,eleve
GN2025-03452,2025-03-05,2025,3,10,Kindia,Kindia,côtier,10.06000,-12.87000,28.53,23.48,33.13,0.64,3.25,29.94,53.19,11.93,0,40.96,0.181,4,0.004,faible
GN2025-03453,2025-12-26,2025,12,52,Kindia,Télimélé,soudano-guinéen,10.91000,-13.04000,27.75,22.64,31.25,1.14,110.24,519.70,74.87,9.15,7,83.51,0.920,9,0.009,eleve
GN2025-03454,2025-09-10,2025,9,37,Labé,Koubia,montagneux,11.59000,-11.90000,25.41,22.39,29.80,0.52,118.51,699.89,79.53,12.17,6,77.01,0.921,6,0.005,moyen
GN2025-03455,2025-08-25,2025,8,35,Labé,Labé,montagneux,11.32000,-12.29000,23.52,19.60,28.60,117.22,210.22,692.88,91.02,7.27,6,89.88,1.000,13,0.012,eleve
GN2025-03456,2025-11-17,2025,11,47,Labé,Lélouma,montagneux,11.18000,-12.48000,22.72,17.20,28.30,1.22,127.47,605.89,77.81,4.49,6,79.85,0.940,13,0.012,eleve
GN2025-03457,2025-10-04,2025,10,40,Labé,Mali,montagneux,12.08000,-12.30000,24.63,20.86,28.69,14.18,69.07,309.45,81.20,6.49,5,65.65,0.686,9,0.008,moyen
GN2025-03458,2025-05-20,2025,5,21,Labé,Tougué,montagneux,11.45000,-11.67000,25.91,20.93,29.40,0.96,87.75,179.56,71.39,13.20,4,53.40,0.639,6,0.005,faible
GN2025-03459,2025-01-13,2025,1,3,Mamou,Dalaba,montagneux,10.69000,-12.25000,25.42,21.69,31.04,5.52,6.73,8.79,61.23,11.61,1,32.71,0.170,1,0.001,faible
GN2025-03460,2025-08-25,2025,8,35,Mamou,Mamou,montagneux,10.38000,-12.09000,24.51,20.52,28.07,13.49,119.97,496.04,70.24,8.48,7,82.21,0.975,9,0.009,eleve
GN2025-03461,2025-11-25,2025,11,48,Mamou,Pita,montagneux,11.06000,-12.40000,23.73,20.68,29.13,13.50,195.85,472.83,77.42,7.51,7,73.11,1.000,13,0.012,eleve
GN2025-03462,2025-10-06,2025,10,41,Nzérékoré,Beyla,forestier,8.69000,-8.65000,26.65,23.30,31.17,96.41,227.15,794.28,79.80,8.08,6,93.04,1.000,9,0.009,eleve
GN2025-03463,2025-02-08,2025,2,6,Nzérékoré,Guéckédou,forestier,8.57000,-10.13000,28.08,23.67,32.44,0.33,2.59,48.95,52.23,7.97,0,36.83,0.109,3,0.003,faible
GN2025-03464,2025-06-06,2025,6,23,Nzérékoré,Lola,forestier,7.80000,-8.53000,26.36,21.00,29.59,1.78,310.86,612.83,69.32,7.45,7,73.21,1.000,15,0.016,eleve
GN2025-03465,2025-09-08,2025,9,37,Nzérékoré,Macenta,forestier,8.54000,-9.47000,25.04,20.79,29.75,18.02,307.26,1402.80,71.43,9.20,6,98.00,1.000,15,0.016,eleve
GN2025-03466,2025-01-05,2025,1,1,Nzérékoré,Nzérékoré,forestier,7.76000,-8.82000,26.84,21.54,32.26,0.14,2.25,2.25,65.76,12.38,0,46.14,0.073,7,0.008,faible
GN2025-03467,2025-07-10,2025,7,28,Nzérékoré,Yomou,forestier,7.56000,-9.31000,26.10,22.52,30.51,1.34,196.16,887.05,75.13,10.83,5,96.96,1.000,9,0.010,eleve
GN2025-03468,2025-02-04,2025,2,6,Conakry,Conakry,côtier,9.54000,-13.68000,28.43,23.22,31.63,0.53,2.00,65.02,57.36,7.49,0,38.08,0.078,2,0.002,faible
GN2025-03469,2025-03-31,2025,3,14,Boké,Boffa,côtier,10.18000,-14.04000,28.22,24.43,33.18,0.20,25.16,81.24,63.27,13.58,1,45.93,0.239,8,0.008,faible
GN2025-03470,2025-10-22,2025,10,43,Boké,Boké,côtier,10.94000,-14.29000,28.46,24.95,32.28,16.88,122.18,441.16,68.64,8.04,6,81.13,0.929,3,0.003,eleve
GN2025-03471,2025-07-02,2025,7,27,Boké,Fria,côtier,10.37000,-13.58000,27.77,24.62,32.89,1.35,29.35,491.34,71.38,3.62,6,61.74,0.488,8,0.008,moyen
GN2025-03472,2025-09-14,2025,9,37,Boké,Gaoual,soudano-guinéen,11.75000,-13.20000,28.33,23.02,31.48,2.23,54.17,346.23,75.68,6.25,6,56.71,0.638,4,0.004,moyen
GN2025-03473,2025-09-17,2025,9,38,Boké,Koundara,soudano-guinéen,12.48000,-13.30000,28.24,23.12,32.47,1.03,19.88,212.50,68.92,7.90,6,50.56,0.431,8,0.007,faible
GN2025-03474,2025-09-07,2025,9,36,Faranah,Dabola,soudano-guinéen,10.75000,-11.11000,26.74,21.75,31.47,25.69,89.73,294.98,78.73,6.53,6,66.18,0.769,5,0.005,moyen
GN2025-03475,2025-04-10,2025,4,15,Faranah,Dinguiraye,soudano-guinéen,11.30000,-10.72000,27.91,24.00,32.39,0.04,3.39,73.67,61.83,12.51,0,44.34,0.113,5,0.005,faible
GN2025-03476,2025-02-01,2025,2,5,Faranah,Faranah,soudano-guinéen,10.04000,-10.74000,28.03,22.91,32.49,0.63,2.23,49.48,60.15,13.90,0,43.58,0.092,3,0.003,faible
GN2025-03477,2025-04-17,2025,4,16,Faranah,Kissidougou,forestier,9.18000,-10.10000,25.32,21.60,29.01,0.07,31.06,184.69,59.97,7.70,2,43.62,0.299,7,0.007,faible
GN2025-03478,2025-10-26,2025,10,43,Kankan,Kankan,soudano-guinéen,10.39000,-9.31000,28.43,22.99,32.74,1.75,87.73,279.82,75.67,10.33,7,56.79,0.795,3,0.003,moyen
GN2025-03479,2025-01-29,2025,1,5,Kankan,Kérouané,forestier,9.27000,-9.01000,29.39,24.86,33.25,0.46,7.67,18.24,56.30,3.65,1,32.27,0.169,2,0.002,faible
GN2025-03480,2025-08-03,2025,8,31,Kankan,Kouroussa,soudano-guinéen,10.65000,-9.89000,29.28,24.44,34.29,1.43,39.80,252.44,74.26,9.54,6,58.18,0.582,9,0.009,moyen
GN2025-03481,2025-06-10,2025,6,24,Kankan,Mandiana,soudano-guinéen,10.63000,-8.68000,28.25,24.38,31.37,1.00,96.48,245.74,73.97,4.70,6,64.71,0.768,9,0.009,moyen
GN2025-03482,2025-02-21,2025,2,8,Kankan,Siguiri,soudano-guinéen,11.42000,-9.17000,31.89,28.82,37.23,0.05,16.98,41.89,61.53,11.83,1,41.63,0.190,3,0.003,faible
GN2025-03483,2025-10-28,2025,10,44,Kindia,Coyah,côtier,9.71000,-13.38000,27.77,24.64,33.25,22.85,134.55,959.42,82.58,8.39,6,98.00,0.977,23,0.026,eleve
GN2025-03484,2025-08-21,2025,8,34,Kindia,Dubréka,côtier,9.79000,-13.52000,27.97,23.16,31.44,23.13,275.93,1159.46,77.27,8.72,7,98.00,1.000,15,0.017,eleve
GN2025-03485,2025-03-12,2025,3,11,Kindia,Forécariah,côtier,9.43000,-13.09000,27.55,22.54,31.02,0.74,18.13,94.27,62.69,13.92,1,44.68,0.231,2,0.002,faible
GN2025-03486,2025-06-14,2025,6,24,Kindia,Kindia,côtier,10.06000,-12.87000,26.37,22.23,30.46,7.63,299.65,563.04,68.39,8.70,7,73.86,1.000,16,0.017,eleve
GN2025-03487,2025-11-22,2025,11,47,Kindia,Télimélé,soudano-guinéen,10.91000,-13.04000,27.08,22.32,30.90,16.74,253.36,781.00,70.87,9.54,6,89.00,1.000,13,0.013,eleve
GN2025-03488,2025-02-09,2025,2,6,Labé,Koubia,montagneux,11.59000,-11.90000,26.95,22.97,31.82,12.67,21.45,37.74,56.71,10.27,2,44.40,0.292,2,0.002,faible
GN2025-03489,2025-02-24,2025,2,9,Labé,Labé,montagneux,11.32000,-12.29000,26.03,21.27,31.12,0.70,21.04,42.14,55.72,8.64,2,38.17,0.262,3,0.003,faible
GN2025-03490,2025-07-28,2025,7,31,Labé,Lélouma,montagneux,11.18000,-12.48000,23.37,18.03,27.86,2.94,172.80,597.55,75.28,9.24,6,72.33,1.000,14,0.013,eleve
GN2025-03491,2025-04-13,2025,4,15,Labé,Mali,montagneux,12.08000,-12.30000,25.09,20.92,29.22,0.46,17.40,34.76,57.21,9.84,1,43.97,0.224,4,0.004,faible
GN2025-03492,2025-07-12,2025,7,28,Labé,Tougué,montagneux,11.45000,-11.67000,25.38,21.97,30.92,1.58,92.14,295.26,69.13,9.74,7,64.00,0.787,7,0.006,moyen
GN2025-03493,2025-02-18,2025,2,8,Mamou,Dalaba,montagneux,10.69000,-12.25000,26.66,22.58,30.56,0.07,27.82,59.49,49.00,11.41,1,40.53,0.306,2,0.002,faible
GN2025-03494,2025-10-23,2025,10,43,Mamou,Mamou,montagneux,10.38000,-12.09000,24.76,19.66,29.85,0.44,80.52,565.54,68.92,7.95,6,74.51,0.722,7,0.007,moyen
GN2025-03495,2025-10-21,2025,10,43,Mamou,Pita,montagneux,11.06000,-12.40000,24.12,19.43,28.53,3.34,31.40,463.26,75.82,6.81,6,64.75,0.618,9,0.008,faible
GN2025-03496,2025-05-13,2025,5,20,Nzérékoré,Beyla,forestier,8.69000,-8.65000,26.62,23.23,30.65,1.82,97.51,275.02,75.89,7.68,5,53.43,0.821,15,0.015,moyen
GN2025-03497,2025-06-24,2025,6,26,Nzérékoré,Guéckédou,forestier,8.57000,-10.13000,25.77,21.30,31.48,42.14,169.10,881.27,74.42,9.50,7,96.84,1.000,13,0.014,eleve
GN2025-03498,2025-10-11,2025,10,41,Nzérékoré,Lola,forestier,7.80000,-8.53000,25.87,20.28,31.17,2.21,149.68,1288.88,74.17,8.89,7,98.00,1.000,14,0.015,eleve
GN2025-03499,2025-01-06,2025,1,2,Nzérékoré,Macenta,forestier,8.54000,-9.47000,27.04,21.89,32.63,0.71,3.22,3.22,53.15,9.24,0,35.58,0.108,2,0.002,faible
GN2025-03500,2025-03-31,2025,3,14,Nzérékoré,Nzérékoré,forestier,7.76000,-8.82000,26.77,21.36,31.38,0.64,30.91,38.26,66.77,10.73,1,47.07,0.230,6,0.007,faible
GN2025-03501,2025-02-22,2025,2,8,Nzérékoré,Yomou,forestier,7.56000,-9.31000,27.12,23.27,30.52,0.11,3.79,82.75,65.25,10.15,0,52.74,0.002,1,0.001,faible
GN2025-03502,2025-08-09,2025,8,32,Conakry,Conakry,côtier,9.54000,-13.68000,26.10,22.35,29.41,0.76,245.55,1170.83,64.49,8.56,6,98.00,1.000,14,0.016,eleve
GN2025-03503,2025-06-30,2025,6,27,Boké,Boffa,côtier,10.18000,-14.04000,28.49,25.41,32.86,2.59,57.73,286.26,71.01,10.32,6,60.28,0.637,11,0.011,moyen
GN2025-03504,2025-01-09,2025,1,2,Boké,Boké,côtier,10.94000,-14.29000,29.37,25.86,35.13,0.34,2.54,3.36,53.85,5.03,0,35.42,0.119,4,0.004,faible
GN2025-03505,2025-02-20,2025,2,8,Boké,Fria,côtier,10.37000,-13.58000,29.14,23.92,34.58,0.40,2.51,90.14,55.16,11.09,0,42.99,0.088,5,0.005,faible
GN2025-03506,2025-08-08,2025,8,32,Boké,Gaoual,soudano-guinéen,11.75000,-13.20000,28.98,23.40,32.60,35.89,101.49,315.83,76.00,6.75,6,61.09,0.846,15,0.014,moyen
GN2025-03507,2025-02-23,2025,2,8,Boké,Koundara,soudano-guinéen,12.48000,-13.30000,29.52,24.25,34.18,6.14,14.07,35.97,60.18,14.47,2,37.65,0.224,1,0.001,faible
GN2025-03508,2025-04-10,2025,4,15,Faranah,Dabola,soudano-guinéen,10.75000,-11.11000,29.64,25.95,33.33,0.14,13.51,33.47,66.96,5.99,2,35.68,0.243,3,0.003,faible
GN2025-03509,2025-08-06,2025,8,32,Faranah,Dinguiraye,soudano-guinéen,11.30000,-10.72000,27.47,22.37,32.06,2.09,131.59,342.05,75.75,9.25,6,64.10,0.973,11,0.010,eleve
GN2025-03510,2025-01-29,2025,1,5,Faranah,Faranah,soudano-guinéen,10.04000,-10.74000,29.14,23.78,32.33,0.06,2.51,49.28,43.28,8.50,0,35.98,0.071,3,0.003,faible
GN2025-03511,2025-10-18,2025,10,42,Faranah,Kissidougou,forestier,9.18000,-10.10000,26.35,21.52,30.78,67.10,227.64,729.67,78.64,11.19,6,93.13,1.000,13,0.014,eleve
GN2025-03512,2025-08-10,2025,8,32,Kankan,Kankan,soudano-guinéen,10.39000,-9.31000,29.61,24.34,33.64,1.53,17.46,165.98,68.01,6.22,4,43.66,0.337,2,0.002,faible
GN2025-03513,2025-10-20,2025,10,43,Kankan,Kérouané,forestier,9.27000,-9.01000,27.57,24.33,31.01,0.11,185.72,712.18,71.77,11.68,6,84.93,1.000,10,0.010,eleve
GN2025-03514,2025-06-10,2025,6,24,Kankan,Kouroussa,soudano-guinéen,10.65000,-9.89000,29.30,25.52,32.58,50.82,111.47,193.15,80.50,5.25,5,52.44,0.917,9,0.009,moyen
GN2025-03515,2025-10-06,2025,10,41,Kankan,Mandiana,soudano-guinéen,10.63000,-8.68000,27.49,23.56,32.33,0.53,79.02,426.67,72.16,8.01,6,69.80,0.723,4,0.004,moyen
GN2025-03516,2025-07-20,2025,7,29,Kankan,Siguiri,soudano-guinéen,11.42000,-9.17000,29.86,26.51,35.37,0.66,20.48,90.39,70.54,5.62,6,49.49,0.435,5,0.005,faible
GN2025-03517,2025-04-30,2025,4,18,Kindia,Coyah,côtier,9.71000,-13.38000,28.91,24.03,34.16,0.41,52.82,146.57,68.49,10.16,3,60.46,0.410,7,0.008,faible
GN2025-03518,2025-06-03,2025,6,23,Kindia,Dubréka,côtier,9.79000,-13.52000,27.73,23.09,32.81,0.49,44.53,154.75,65.37,5.19,6,52.22,0.560,4,0.004,moyen
GN2025-03519,2025-05-04,2025,5,18,Kindia,Forécariah,côtier,9.43000,-13.09000,28.01,23.15,32.23,5.72,7.96,347.20,63.13,4.37,1,49.97,0.224,7,0.008,faible
GN2025-03520,2025-08-18,2025,8,34,Kindia,Kindia,côtier,10.06000,-12.87000,27.90,24.52,32.61,2.02,130.83,814.95,72.59,9.84,6,88.78,0.952,14,0.015,eleve
GN2025-03521,2025-09-07,2025,9,36,Kindia,Télimélé,soudano-guinéen,10.91000,-13.04000,27.68,24.03,31.19,18.16,67.98,374.28,78.80,10.79,6,68.93,0.702,8,0.008,moyen
GN2025-03522,2025-03-08,2025,3,10,Labé,Koubia,montagneux,11.59000,-11.90000,25.63,21.63,30.85,0.21,22.77,74.09,56.46,11.74,1,43.95,0.201,2,0.002,faible
GN2025-03523,2025-05-07,2025,5,19,Labé,Labé,montagneux,11.32000,-12.29000,24.31,18.77,28.54,25.81,43.31,99.23,63.93,15.22,3,52.52,0.431,1,0.001,faible
GN2025-03524,2025-01-26,2025,1,4,Labé,Lélouma,montagneux,11.18000,-12.48000,25.33,22.00,30.99,0.53,21.58,82.05,61.28,12.59,1,47.22,0.205,5,0.005,faible
GN2025-03525,2025-07-15,2025,7,29,Labé,Mali,montagneux,12.08000,-12.30000,24.96,21.83,28.39,2.08,49.04,388.98,75.86,5.08,7,59.93,0.671,7,0.006,faible
GN2025-03526,2025-06-02,2025,6,23,Labé,Tougué,montagneux,11.45000,-11.67000,26.63,22.86,30.51,0.48,88.31,239.18,68.82,5.99,5,57.10,0.770,3,0.003,moyen
GN2025-03527,2025-05-07,2025,5,19,Mamou,Dalaba,montagneux,10.69000,-12.25000,24.03,19.76,27.22,1.18,60.77,105.37,66.76,7.50,4,40.35,0.509,5,0.005,faible
GN2025-03528,2025-04-14,2025,4,16,Mamou,Mamou,montagneux,10.38000,-12.09000,24.87,20.37,30.07,0.32,14.29,55.92,63.25,9.92,1,46.26,0.182,3,0.003,faible
GN2025-03529,2025-04-22,2025,4,17,Mamou,Pita,montagneux,11.06000,-12.40000,25.95,20.78,30.66,14.87,48.33,70.90,62.78,6.80,3,37.68,0.449,5,0.005,faible
GN2025-03530,2025-09-22,2025,9,39,Nzérékoré,Beyla,forestier,8.69000,-8.65000,26.77,23.24,29.92,3.91,85.38,680.25,77.45,7.29,6,85.24,0.767,9,0.009,eleve
GN2025-03531,2025-08-18,2025,8,34,Nzérékoré,Guéckédou,forestier,8.57000,-10.13000,26.46,22.79,29.62,7.88,93.58,1118.38,74.02,7.24,6,98.00,0.800,8,0.009,eleve
GN2025-03532,2025-09-25,2025,9,39,Nzérékoré,Lola,forestier,7.80000,-8.53000,25.10,21.42,30.77,2.30,291.18,1515.84,71.74,11.19,7,98.00,1.000,6,0.006,eleve
GN2025-03533,2025-07-18,2025,7,29,Nzérékoré,Macenta,forestier,8.54000,-9.47000,23.15,19.18,27.53,8.26,398.20,1087.11,76.61,6.69,7,98.00,1.000,15,0.016,eleve
GN2025-03534,2025-05-03,2025,5,18,Nzérékoré,Nzérékoré,forestier,7.76000,-8.82000,27.36,22.81,32.54,0.36,52.42,229.96,61.96,11.79,2,53.38,0.400,7,0.008,moyen
GN2025-03535,2025-06-18,2025,6,25,Nzérékoré,Yomou,forestier,7.56000,-9.31000,25.71,22.51,29.45,27.35,183.10,561.87,77.82,9.14,6,68.05,1.000,12,0.013,eleve
GN2025-03536,2025-09-14,2025,9,37,Conakry,Conakry,côtier,9.54000,-13.68000,27.88,23.33,32.51,18.02,156.89,1080.73,79.71,8.87,6,98.00,1.000,17,0.020,eleve
GN2025-03537,2025-12-26,2025,12,52,Boké,Boffa,côtier,10.18000,-14.04000,26.24,22.19,30.68,32.99,191.99,618.75,84.48,8.43,7,75.81,1.000,11,0.011,eleve
GN2025-03538,2025-08-17,2025,8,33,Boké,Boké,côtier,10.94000,-14.29000,28.13,23.06,32.70,90.45,111.75,437.52,91.29,4.85,5,79.90,1.000,19,0.019,eleve
GN2025-03539,2025-03-22,2025,3,12,Boké,Fria,côtier,10.37000,-13.58000,29.63,25.55,35.40,0.27,21.32,108.07,52.66,16.14,1,45.87,0.281,1,0.001,faible
GN2025-03540,2025-12-02,2025,12,49,Boké,Gaoual,soudano-guinéen,11.75000,-13.20000,27.92,24.90,33.01,2.77,28.77,292.03,76.38,10.07,7,58.04,0.562,6,0.006,faible
GN2025-03541,2025-10-18,2025,10,42,Boké,Koundara,soudano-guinéen,12.48000,-13.30000,27.90,24.28,31.22,0.93,9.78,132.74,72.59,8.06,5,46.33,0.336,7,0.007,faible
GN2025-03542,2025-10-16,2025,10,42,Faranah,Dabola,soudano-guinéen,10.75000,-11.11000,28.50,24.37,32.08,1.62,54.46,403.72,79.67,9.60,7,71.80,0.609,5,0.005,moyen
GN2025-03543,2025-03-04,2025,3,10,Faranah,Dinguiraye,soudano-guinéen,11.30000,-10.72000,29.54,24.32,33.72,0.38,11.88,46.26,58.74,16.34,1,29.96,0.190,5,0.005,faible
GN2025-03544,2025-02-15,2025,2,7,Faranah,Faranah,soudano-guinéen,10.04000,-10.74000,29.32,25.77,33.80,0.11,17.35,44.10,62.55,6.92,1,41.61,0.170,2,0.002,faible
GN2025-03545,2025-09-20,2025,9,38,Faranah,Kissidougou,forestier,9.18000,-10.10000,25.91,22.05,31.18,0.93,102.79,662.48,80.36,10.97,5,86.08,0.804,11,0.012,eleve
GN2025-03546,2025-12-21,2025,12,51,Kankan,Kankan,soudano-guinéen,10.39000,-9.31000,28.59,24.40,34.30,1.17,27.35,368.03,74.90,8.60,5,67.34,0.423,5,0.005,moyen
GN2025-03547,2025-01-06,2025,1,2,Kankan,Kérouané,forestier,9.27000,-9.01000,28.12,23.36,31.74,0.11,2.60,2.60,62.34,11.62,0,31.98,0.051,5,0.005,faible
GN2025-03548,2025-01-24,2025,1,4,Kankan,Kouroussa,soudano-guinéen,10.65000,-9.89000,29.76,26.22,33.92,0.14,2.51,12.42,57.81,12.34,0,32.26,0.131,4,0.004,faible
GN2025-03549,2025-02-05,2025,2,6,Kankan,Mandiana,soudano-guinéen,10.63000,-8.68000,30.63,27.42,33.79,0.41,2.37,18.88,53.45,13.34,0,36.53,0.127,5,0.005,faible
GN2025-03550,2025-11-18,2025,11,47,Kankan,Siguiri,soudano-guinéen,11.42000,-9.17000,30.95,27.45,34.94,1.59,64.85,171.70,75.79,8.75,6,48.94,0.645,8,0.007,faible
GN2025-03551,2025-11-21,2025,11,47,Kindia,Coyah,côtier,9.71000,-13.38000,27.35,24.31,30.35,0.54,159.85,743.37,72.15,6.22,4,88.51,0.926,19,0.021,eleve
GN2025-03552,2025-02-18,2025,2,8,Kindia,Dubréka,côtier,9.79000,-13.52000,28.63,24.65,32.07,0.14,3.39,120.81,59.12,8.00,0,46.34,0.102,5,0.006,faible
GN2025-03553,2025-01-20,2025,1,4,Kindia,Forécariah,côtier,9.43000,-13.09000,28.05,23.94,32.66,0.49,2.89,15.64,55.95,11.13,0,41.25,0.127,1,0.001,faible
GN2025-03554,2025-10-14,2025,10,42,Kindia,Kindia,côtier,10.06000,-12.87000,25.50,21.73,31.21,45.47,132.71,1055.75,81.15,2.38,6,98.00,1.000,9,0.010,eleve
GN2025-03555,2025-06-14,2025,6,24,Kindia,Télimélé,soudano-guinéen,10.91000,-13.04000,26.88,23.48,32.33,18.77,37.97,254.45,67.43,8.65,6,57.57,0.541,9,0.009,moyen
GN2025-03556,2025-03-01,2025,3,9,Labé,Koubia,montagneux,11.59000,-11.90000,27.07,22.04,30.40,0.54,2.59,52.91,58.23,12.59,0,34.21,0.049,1,0.001,faible
GN2025-03557,2025-04-27,2025,4,17,Labé,Labé,montagneux,11.32000,-12.29000,25.85,20.62,29.10,1.30,17.65,63.18,61.97,11.90,3,39.23,0.289,4,0.004,faible
GN2025-03558,2025-08-10,2025,8,32,Labé,Lélouma,montagneux,11.18000,-12.48000,24.28,19.87,28.40,54.49,200.47,537.27,80.29,8.13,4,71.77,1.000,8,0.007,eleve
GN2025-03559,2025-08-27,2025,8,35,Labé,Mali,montagneux,12.08000,-12.30000,23.99,18.87,29.29,0.86,62.47,467.93,73.50,11.54,6,73.00,0.689,7,0.006,moyen
GN2025-03560,2025-06-29,2025,6,26,Labé,Tougué,montagneux,11.45000,-11.67000,23.88,18.66,28.89,5.69,49.15,254.46,70.80,8.63,6,58.99,0.520,6,0.005,faible
GN2025-03561,2025-04-12,2025,4,15,Mamou,Dalaba,montagneux,10.69000,-12.25000,24.71,20.87,28.44,0.13,2.61,47.51,63.33,10.36,0,35.98,0.054,2,0.002,faible
GN2025-03562,2025-02-26,2025,2,9,Mamou,Mamou,montagneux,10.38000,-12.09000,25.55,21.11,30.91,0.66,2.95,14.41,54.52,10.92,0,32.31,0.083,2,0.002,faible
GN2025-03563,2025-05-18,2025,5,20,Mamou,Pita,montagneux,11.06000,-12.40000,23.79,19.71,28.40,5.98,19.60,225.13,67.33,10.36,5,48.69,0.366,5,0.005,faible
GN2025-03564,2025-06-25,2025,6,26,Nzérékoré,Beyla,forestier,8.69000,-8.65000,25.66,21.40,31.31,2.15,183.16,427.28,72.41,9.34,6,66.90,1.000,9,0.009,eleve
GN2025-03565,2025-07-18,2025,7,29,Nzérékoré,Guéckédou,forestier,8.57000,-10.13000,25.28,21.36,30.81,129.60,431.34,1263.95,92.70,6.20,7,98.00,1.000,16,0.018,eleve
GN2025-03566,2025-12-05,2025,12,49,Nzérékoré,Lola,forestier,7.80000,-8.53000,25.35,21.87,30.13,36.09,288.44,1158.38,85.36,7.63,6,98.00,1.000,9,0.010,eleve
GN2025-03567,2025-06-18,2025,6,25,Nzérékoré,Macenta,forestier,8.54000,-9.47000,26.03,21.90,30.49,2.63,180.27,551.02,73.52,5.92,5,74.66,1.000,8,0.009,eleve
GN2025-03568,2025-12-25,2025,12,52,Nzérékoré,Nzérékoré,forestier,7.76000,-8.82000,27.05,23.79,31.79,64.39,317.90,992.60,81.20,7.28,6,98.00,1.000,11,0.012,eleve
GN2025-03569,2025-02-16,2025,2,7,Nzérékoré,Yomou,forestier,7.56000,-9.31000,28.31,25.10,31.59,0.62,53.69,82.27,54.49,13.64,1,32.66,0.376,4,0.004,faible
GN2025-03570,2025-06-04,2025,6,23,Conakry,Conakry,côtier,9.54000,-13.68000,28.59,23.26,34.15,12.55,84.87,379.05,74.45,9.84,5,60.80,0.703,12,0.014,moyen
GN2025-03571,2025-11-18,2025,11,47,Boké,Boffa,côtier,10.18000,-14.04000,28.06,22.62,31.08,49.96,313.88,678.36,73.66,8.14,7,83.12,1.000,13,0.014,eleve
GN2025-03572,2025-07-08,2025,7,28,Boké,Boké,côtier,10.94000,-14.29000,28.01,22.76,33.15,2.68,28.95,229.69,73.42,6.66,5,60.11,0.371,5,0.005,faible
GN2025-03573,2025-08-14,2025,8,33,Boké,Fria,côtier,10.37000,-13.58000,28.02,23.44,33.57,66.65,283.09,641.57,87.80,4.15,7,86.25,1.000,14,0.014,eleve
GN2025-03574,2025-02-01,2025,2,5,Boké,Gaoual,soudano-guinéen,11.75000,-13.20000,30.94,26.65,34.19,0.25,2.10,93.27,54.59,10.69,0,45.11,0.067,3,0.003,faible
GN2025-03575,2025-03-02,2025,3,9,Boké,Koundara,soudano-guinéen,12.48000,-13.30000,29.97,24.42,35.15,0.10,3.07,36.30,54.09,13.54,0,41.31,0.103,3,0.003,faible
GN2025-03576,2025-01-22,2025,1,4,Faranah,Dabola,soudano-guinéen,10.75000,-11.11000,28.75,24.42,33.47,0.17,2.42,8.28,56.31,10.55,0,36.28,0.054,0,0.000,faible
GN2025-03577,2025-05-22,2025,5,21,Faranah,Dinguiraye,soudano-guinéen,11.30000,-10.72000,28.39,23.48,32.03,14.34,59.55,235.53,67.05,7.58,4,55.44,0.512,4,0.004,moyen
GN2025-03578,2025-12-25,2025,12,52,Faranah,Faranah,soudano-guinéen,10.04000,-10.74000,27.62,24.02,32.27,52.92,183.98,450.70,76.86,10.04,6,73.20,1.000,15,0.015,eleve
GN2025-03579,2025-04-27,2025,4,17,Faranah,Kissidougou,forestier,9.18000,-10.10000,26.71,23.43,31.06,0.29,24.58,144.05,58.75,9.44,2,47.96,0.203,5,0.005,faible
GN2025-03580,2025-02-25,2025,2,9,Kankan,Kankan,soudano-guinéen,10.39000,-9.31000,31.01,27.43,35.96,0.71,2.68,13.72,56.93,8.76,0,37.22,0.099,1,0.001,faible
GN2025-03581,2025-04-10,2025,4,15,Kankan,Kérouané,forestier,9.27000,-9.01000,28.14,24.74,31.31,0.02,25.68,49.62,60.44,7.06,2,31.67,0.263,4,0.004,faible
GN2025-03582,2025-03-01,2025,3,9,Kankan,Kouroussa,soudano-guinéen,10.65000,-9.89000,30.55,25.29,33.58,0.74,3.43,33.59,64.22,13.05,0,36.94,0.101,1,0.001,faible
GN2025-03583,2025-12-04,2025,12,49,Kankan,Mandiana,soudano-guinéen,10.63000,-8.68000,28.72,25.46,32.21,1.28,85.20,351.62,80.35,8.11,4,67.78,0.656,10,0.010,moyen
GN2025-03584,2025-12-25,2025,12,52,Kankan,Siguiri,soudano-guinéen,11.42000,-9.17000,29.48,25.25,33.37,24.15,42.47,90.52,74.69,4.17,4,52.00,0.509,7,0.007,faible
GN2025-03585,2025-11-02,2025,11,44,Kindia,Coyah,côtier,9.71000,-13.38000,27.35,21.84,30.64,2.23,257.60,848.02,69.14,7.32,7,80.23,1.000,16,0.018,eleve
GN2025-03586,2025-02-06,2025,2,6,Kindia,Dubréka,côtier,9.79000,-13.52000,28.69,24.10,32.16,0.08,81.67,119.50,58.35,11.42,2,42.02,0.558,1,0.001,moyen
GN2025-03587,2025-03-19,2025,3,12,Kindia,Forécariah,côtier,9.43000,-13.09000,28.45,22.94,32.44,0.22,20.12,112.70,56.10,7.46,1,41.01,0.188,2,0.002,faible
GN2025-03588,2025-04-09,2025,4,15,Kindia,Kindia,côtier,10.06000,-12.87000,27.74,24.31,33.53,0.06,34.15,76.83,61.47,7.91,1,44.68,0.292,6,0.006,faible
GN2025-03589,2025-12-26,2025,12,52,Kindia,Télimélé,soudano-guinéen,10.91000,-13.04000,27.75,22.64,31.25,1.14,110.24,519.70,74.87,9.15,7,71.89,0.916,11,0.011,eleve
GN2025-03590,2025-07-04,2025,7,27,Labé,Koubia,montagneux,11.59000,-11.90000,25.00,20.09,28.75,13.77,21.44,153.73,72.35,10.92,4,56.87,0.411,5,0.005,faible
GN2025-03591,2025-09-24,2025,9,39,Labé,Labé,montagneux,11.32000,-12.29000,24.96,21.93,29.08,9.46,69.74,513.44,70.34,13.64,6,73.73,0.684,9,0.008,moyen
GN2025-03592,2025-08-05,2025,8,32,Labé,Lélouma,montagneux,11.18000,-12.48000,23.82,19.81,28.10,1.24,17.36,456.24,81.47,5.99,4,70.89,0.426,4,0.004,faible
GN2025-03593,2025-06-30,2025,6,27,Labé,Mali,montagneux,12.08000,-12.30000,25.84,22.71,30.44,9.29,95.58,289.74,76.48,10.73,6,53.71,0.832,8,0.007,moyen
GN2025-03594,2025-10-17,2025,10,42,Labé,Tougué,montagneux,11.45000,-11.67000,24.66,19.07,28.80,14.30,33.80,261.66,72.99,5.08,5,61.04,0.460,10,0.009,faible
GN2025-03595,2025-12-15,2025,12,51,Mamou,Dalaba,montagneux,10.69000,-12.25000,24.91,20.27,29.14,2.06,92.32,710.75,76.33,8.11,4,89.99,0.706,21,0.020,moyen
GN2025-03596,2025-05-16,2025,5,20,Mamou,Mamou,montagneux,10.38000,-12.09000,24.31,21.28,29.96,0.71,11.72,42.53,62.46,11.48,5,45.01,0.416,7,0.007,faible
GN2025-03597,2025-12-11,2025,12,50,Mamou,Pita,montagneux,11.06000,-12.40000,24.52,20.12,30.29,0.36,140.47,536.47,72.92,7.61,6,71.26,1.000,16,0.015,eleve
GN2025-03598,2025-07-10,2025,7,28,Nzérékoré,Beyla,forestier,8.69000,-8.65000,26.96,22.41,31.97,1.13,34.83,415.07,80.99,8.44,5,70.54,0.483,7,0.007,moyen
GN2025-03599,2025-12-24,2025,12,52,Nzérékoré,Guéckédou,forestier,8.57000,-10.13000,25.95,22.21,30.18,22.22,175.37,1324.54,77.49,5.75,7,98.00,1.000,22,0.024,eleve
GN2025-03600,2025-03-14,2025,3,11,Nzérékoré,Lola,forestier,7.80000,-8.53000,26.16,21.63,30.95,0.15,3.00,108.15,65.91,8.32,0,36.63,0.058,3,0.003,faible
GN2025-03601,2025-02-27,2025,2,9,Nzérékoré,Macenta,forestier,8.54000,-9.47000,26.29,22.28,30.53,0.22,66.12,147.31,48.11,9.87,2,34.46,0.482,7,0.008,faible
GN2025-03602,2025-09-14,2025,9,37,Nzérékoré,Nzérékoré,forestier,7.76000,-8.82000,25.20,21.79,30.87,13.82,255.07,996.48,78.77,9.76,7,98.00,1.000,17,0.019,eleve
GN2025-03603,2025-04-18,2025,4,16,Nzérékoré,Yomou,forestier,7.56000,-9.31000,27.28,23.99,30.32,17.27,63.63,182.99,64.78,8.40,2,58.81,0.431,9,0.010,moyen
GN2025-03604,2025-05-14,2025,5,20,Conakry,Conakry,côtier,9.54000,-13.68000,28.59,23.52,33.82,16.33,73.83,171.37,75.63,9.41,5,51.17,0.642,7,0.008,moyen
GN2025-03605,2025-04-24,2025,4,17,Boké,Boffa,côtier,10.18000,-14.04000,27.49,22.95,32.40,0.60,2.25,135.24,62.27,12.96,0,53.99,0.048,3,0.003,faible
GN2025-03606,2025-12-11,2025,12,50,Boké,Boké,côtier,10.94000,-14.29000,27.57,23.63,32.33,2.85,107.60,591.77,79.23,5.84,7,75.94,0.904,9,0.009,eleve
GN2025-03607,2025-01-04,2025,1,1,Boké,Fria,côtier,10.37000,-13.58000,29.17,24.30,34.51,0.33,21.82,21.82,56.11,11.66,1,33.49,0.271,3,0.003,faible
GN2025-03608,2025-07-23,2025,7,30,Boké,Gaoual,soudano-guinéen,11.75000,-13.20000,29.33,23.75,32.69,0.56,67.33,306.68,82.85,6.66,3,69.17,0.622,8,0.008,moyen
GN2025-03609,2025-02-16,2025,2,7,Boké,Koundara,soudano-guinéen,12.48000,-13.30000,30.43,26.75,33.43,0.36,15.04,23.45,66.12,11.00,1,31.23,0.208,4,0.004,faible
GN2025-03610,2025-05-29,2025,5,22,Faranah,Dabola,soudano-guinéen,10.75000,-11.11000,28.52,25.29,34.10,9.45,80.73,239.39,75.23,9.03,5,51.64,0.702,5,0.005,moyen
GN2025-03611,2025-09-15,2025,9,38,Faranah,Dinguiraye,soudano-guinéen,11.30000,-10.72000,26.85,22.13,32.35,2.06,54.02,380.50,73.65,9.60,6,65.39,0.607,8,0.008,moyen
GN2025-03612,2025-11-27,2025,11,48,Faranah,Faranah,soudano-guinéen,10.04000,-10.74000,26.74,23.34,32.30,0.31,60.25,472.53,83.50,11.78,5,78.28,0.637,18,0.018,moyen
GN2025-03613,2025-12-07,2025,12,49,Faranah,Kissidougou,forestier,9.18000,-10.10000,25.90,21.01,31.67,0.64,192.32,883.94,72.38,8.26,3,91.25,1.000,9,0.009,eleve
GN2025-03614,2025-06-29,2025,6,26,Kankan,Kankan,soudano-guinéen,10.39000,-9.31000,28.72,24.56,33.22,0.45,41.05,275.74,68.55,10.30,4,62.28,0.480,7,0.007,faible
GN2025-03615,2025-08-07,2025,8,32,Kankan,Kérouané,forestier,9.27000,-9.01000,28.67,24.49,32.05,18.92,141.54,558.35,74.54,9.53,7,74.03,1.000,8,0.008,eleve
GN2025-03616,2025-03-19,2025,3,12,Kankan,Kouroussa,soudano-guinéen,10.65000,-9.89000,29.67,25.43,34.71,0.25,3.27,13.14,55.68,8.65,0,33.59,0.079,2,0.002,faible
GN2025-03617,2025-02-05,2025,2,6,Kankan,Mandiana,soudano-guinéen,10.63000,-8.68000,30.63,27.42,33.79,0.41,2.37,18.88,53.45,13.34,0,42.90,0.020,5,0.005,faible
GN2025-03618,2025-03-05,2025,3,10,Kankan,Siguiri,soudano-guinéen,11.42000,-9.17000,31.31,27.89,36.68,0.23,3.76,31.94,56.34,10.53,0,33.86,0.052,3,0.003,faible
GN2025-03619,2025-01-18,2025,1,3,Kindia,Coyah,côtier,9.71000,-13.38000,29.69,24.79,32.83,0.08,2.79,8.75,57.14,11.92,0,36.74,0.142,1,0.001,faible
GN2025-03620,2025-12-15,2025,12,51,Kindia,Dubréka,côtier,9.79000,-13.52000,26.11,22.33,29.17,18.20,136.33,992.41,86.08,10.32,7,98.00,1.000,15,0.017,eleve
GN2025-03621,2025-10-01,2025,10,40,Kindia,Forécariah,côtier,9.43000,-13.09000,26.82,22.66,31.58,69.54,258.71,1242.70,92.72,11.93,7,98.00,1.000,11,0.012,eleve
GN2025-03622,2025-08-18,2025,8,34,Kindia,Kindia,côtier,10.06000,-12.87000,27.90,24.52,32.61,2.02,130.83,814.95,72.59,9.84,6,86.05,0.950,16,0.017,eleve
GN2025-03623,2025-05-14,2025,5,20,Kindia,Télimélé,soudano-guinéen,10.91000,-13.04000,26.93,22.25,30.22,0.79,44.34,122.66,68.65,10.83,5,48.41,0.524,9,0.009,faible
GN2025-03624,2025-06-23,2025,6,26,Labé,Koubia,montagneux,11.59000,-11.90000,24.86,21.40,29.95,0.29,38.83,223.57,63.70,8.44,6,55.48,0.466,4,0.004,faible
GN2025-03625,2025-09-23,2025,9,39,Labé,Labé,montagneux,11.32000,-12.29000,24.91,21.42,28.63,28.40,69.09,621.20,86.90,7.86,6,89.55,0.791,10,0.009,moyen
GN2025-03626,2025-09-21,2025,9,38,Labé,Lélouma,montagneux,11.18000,-12.48000,23.21,19.11,28.05,2.50,107.24,386.70,71.31,8.78,7,64.86,0.928,6,0.006,moyen
GN2025-03627,2025-05-06,2025,5,19,Labé,Mali,montagneux,12.08000,-12.30000,25.01,20.42,30.36,2.83,71.14,182.69,60.22,10.34,5,37.48,0.647,4,0.004,faible
GN2025-03628,2025-07-19,2025,7,29,Labé,Tougué,montagneux,11.45000,-11.67000,24.75,20.62,29.72,2.71,148.85,367.58,73.00,8.29,6,56.81,1.000,8,0.007,moyen
GN2025-03629,2025-07-04,2025,7,27,Mamou,Dalaba,montagneux,10.69000,-12.25000,25.45,19.93,30.11,54.19,91.43,266.40,81.08,9.77,5,56.21,0.756,9,0.008,moyen
GN2025-03630,2025-05-17,2025,5,20,Mamou,Mamou,montagneux,10.38000,-12.09000,26.14,22.82,30.07,0.77,11.11,42.71,65.08,8.93,4,49.95,0.320,9,0.009,faible
GN2025-03631,2025-11-28,2025,11,48,Mamou,Pita,montagneux,11.06000,-12.40000,25.17,21.39,30.82,2.15,66.84,492.89,78.14,7.40,6,74.37,0.686,11,0.010,moyen
GN2025-03632,2025-11-10,2025,11,46,Nzérékoré,Beyla,forestier,8.69000,-8.65000,26.23,22.74,30.84,18.91,209.14,1038.14,78.05,10.28,5,98.00,1.000,10,0.010,eleve
GN2025-03633,2025-02-07,2025,2,6,Nzérékoré,Guéckédou,forestier,8.57000,-10.13000,25.83,21.72,29.29,0.53,2.44,49.30,57.70,11.27,0,43.31,0.081,1,0.001,faible
GN2025-03634,2025-12-24,2025,12,52,Nzérékoré,Lola,forestier,7.80000,-8.53000,24.83,20.70,29.90,1.52,188.61,1064.44,76.19,8.47,7,98.00,1.000,7,0.007,eleve
GN2025-03635,2025-05-06,2025,5,19,Nzérékoré,Macenta,forestier,8.54000,-9.47000,25.64,22.22,31.11,2.66,124.17,226.37,71.45,7.35,5,51.95,0.926,15,0.016,moyen
GN2025-03636,2025-05-23,2025,5,21,Nzérékoré,Nzérékoré,forestier,7.76000,-8.82000,25.08,19.67,29.35,0.01,48.48,332.43,74.88,10.29,6,62.81,0.626,4,0.004,moyen
GN2025-03637,2025-06-16,2025,6,25,Nzérékoré,Yomou,forestier,7.56000,-9.31000,25.80,22.50,31.58,80.79,203.37,554.76,84.90,8.06,6,82.99,1.000,11,0.012,eleve
GN2025-03638,2025-04-11,2025,4,15,Conakry,Conakry,côtier,9.54000,-13.68000,27.80,23.16,31.76,0.46,12.13,134.53,57.69,11.31,1,45.83,0.214,4,0.005,faible
GN2025-03639,2025-08-21,2025,8,34,Boké,Boffa,côtier,10.18000,-14.04000,28.05,23.41,33.80,1.45,145.03,618.17,73.33,9.23,6,72.77,1.000,14,0.015,eleve
GN2025-03640,2025-05-14,2025,5,20,Boké,Boké,côtier,10.94000,-14.29000,28.13,23.29,33.91,46.83,81.43,198.33,71.92,10.47,6,57.07,0.659,14,0.014,moyen
GN2025-03641,2025-07-24,2025,7,30,Boké,Fria,côtier,10.37000,-13.58000,27.49,24.02,31.77,36.45,60.49,378.84,67.58,10.23,5,59.22,0.534,7,0.007,moyen
GN2025-03642,2025-03-03,2025,3,10,Boké,Gaoual,soudano-guinéen,11.75000,-13.20000,31.82,26.72,37.35,0.28,7.53,18.20,52.38,11.55,1,32.55,0.117,3,0.003,faible
GN2025-03643,2025-12-15,2025,12,51,Boké,Koundara,soudano-guinéen,12.48000,-13.30000,28.57,23.88,34.12,0.44,108.50,318.31,75.36,8.97,4,67.40,0.824,9,0.008,moyen
GN2025-03644,2025-01-24,2025,1,4,Faranah,Dabola,soudano-guinéen,10.75000,-11.11000,29.42,25.95,32.61,0.10,1.56,8.50,62.60,9.95,0,25.92,0.118,3,0.003,faible
GN2025-03645,2025-02-12,2025,2,7,Faranah,Dinguiraye,soudano-guinéen,11.30000,-10.72000,28.50,23.69,31.50,0.50,2.69,30.03,53.11,8.51,0,38.29,0.062,1,0.001,faible
GN2025-03646,2025-07-20,2025,7,29,Faranah,Faranah,soudano-guinéen,10.04000,-10.74000,27.28,22.87,30.81,0.10,56.27,343.70,68.42,6.23,5,62.36,0.535,11,0.011,moyen
GN2025-03647,2025-02-16,2025,2,7,Faranah,Kissidougou,forestier,9.18000,-10.10000,27.37,24.01,30.88,0.42,3.20,11.22,56.74,8.86,0,46.63,0.083,1,0.001,faible
GN2025-03648,2025-04-24,2025,4,17,Kankan,Kankan,soudano-guinéen,10.39000,-9.31000,28.70,23.98,34.50,0.13,19.65,34.60,66.41,10.79,1,43.34,0.186,4,0.004,faible
GN2025-03649,2025-02-11,2025,2,7,Kankan,Kérouané,forestier,9.27000,-9.01000,29.17,24.49,32.90,0.25,3.14,16.99,57.65,9.53,0,34.21,0.135,5,0.005,faible
GN2025-03650,2025-09-16,2025,9,38,Kankan,Kouroussa,soudano-guinéen,10.65000,-9.89000,28.23,25.19,33.53,2.47,102.70,285.33,77.65,5.98,6,62.48,0.781,13,0.013,moyen
GN2025-03651,2025-03-05,2025,3,10,Kankan,Mandiana,soudano-guinéen,10.63000,-8.68000,29.01,24.03,32.86,0.32,9.93,25.68,62.88,15.67,1,40.97,0.195,2,0.002,faible
GN2025-03652,2025-09-16,2025,9,38,Kankan,Siguiri,soudano-guinéen,11.42000,-9.17000,29.01,24.62,33.69,2.77,66.00,243.80,73.05,9.38,6,62.77,0.650,8,0.007,moyen
GN2025-03653,2025-06-22,2025,6,25,Kindia,Coyah,côtier,9.71000,-13.38000,27.43,24.17,31.84,63.75,194.53,442.40,75.67,3.92,6,69.36,1.000,16,0.018,eleve
GN2025-03654,2025-08-07,2025,8,32,Kindia,Dubréka,côtier,9.79000,-13.52000,27.56,24.07,31.19,0.81,175.35,1204.11,72.66,6.51,5,98.00,1.000,16,0.018,eleve
GN2025-03655,2025-02-04,2025,2,6,Kindia,Forécariah,côtier,9.43000,-13.09000,28.87,24.40,32.69,0.51,18.90,32.84,56.26,9.79,1,44.81,0.217,3,0.003,faible
GN2025-03656,2025-11-13,2025,11,46,Kindia,Kindia,côtier,10.06000,-12.87000,26.73,22.14,30.95,7.21,228.21,949.99,80.02,11.39,6,98.00,1.000,17,0.018,eleve
GN2025-03657,2025-07-17,2025,7,29,Kindia,Télimélé,soudano-guinéen,10.91000,-13.04000,26.87,21.73,32.66,24.29,222.23,624.21,74.23,8.64,7,80.19,1.000,12,0.012,eleve
GN2025-03658,2025-05-09,2025,5,19,Labé,Koubia,montagneux,11.59000,-11.90000,26.09,20.83,31.35,1.10,65.74,116.64,71.09,11.14,4,53.72,0.511,4,0.004,moyen
GN2025-03659,2025-07-29,2025,7,31,Labé,Labé,montagneux,11.32000,-12.29000,24.45,19.96,29.89,10.42,201.65,542.55,77.56,5.09,6,80.33,1.000,7,0.007,eleve
GN2025-03660,2025-03-17,2025,3,12,Labé,Lélouma,montagneux,11.18000,-12.48000,26.18,21.52,30.90,0.36,2.97,25.11,52.49,7.18,1,39.63,0.111,4,0.004,faible
GN2025-03661,2025-01-27,2025,1,5,Labé,Mali,montagneux,12.08000,-12.30000,26.38,22.37,29.65,0.20,2.53,34.66,57.36,12.06,0,43.03,0.092,2,0.002,faible
GN2025-03662,2025-05-06,2025,5,19,Labé,Tougué,montagneux,11.45000,-11.67000,26.49,20.92,30.97,10.22,16.90,71.94,62.65,10.31,2,54.89,0.256,7,0.006,faible
GN2025-03663,2025-01-07,2025,1,2,Mamou,Dalaba,montagneux,10.69000,-12.25000,25.00,19.68,29.29,0.12,2.18,2.18,51.47,10.35,0,36.77,0.059,1,0.001,faible
GN2025-03664,2025-05-21,2025,5,21,Mamou,Mamou,montagneux,10.38000,-12.09000,24.97,21.44,28.81,1.15,7.09,45.46,65.63,11.77,4,49.88,0.287,3,0.003,faible
GN2025-03665,2025-03-21,2025,3,12,Mamou,Pita,montagneux,11.06000,-12.40000,26.97,21.47,31.81,0.01,1.77,76.49,57.37,6.83,0,46.15,0.060,3,0.003,faible
GN2025-03666,2025-05-29,2025,5,22,Nzérékoré,Beyla,forestier,8.69000,-8.65000,26.19,23.03,30.17,13.48,95.35,394.58,68.30,8.02,6,69.02,0.841,6,0.006,moyen
GN2025-03667,2025-10-29,2025,10,44,Nzérékoré,Guéckédou,forestier,8.57000,-10.13000,25.13,19.60,29.99,67.64,229.66,860.66,76.22,9.39,7,95.13,1.000,13,0.014,eleve
GN2025-03668,2025-11-04,2025,11,45,Nzérékoré,Lola,forestier,7.80000,-8.53000,25.43,20.54,29.92,31.40,213.46,946.13,76.68,10.44,6,98.00,1.000,18,0.019,eleve
GN2025-03669,2025-08-20,2025,8,34,Nzérékoré,Macenta,forestier,8.54000,-9.47000,24.59,20.05,29.84,63.69,287.62,1399.19,77.44,3.12,7,98.00,1.000,9,0.010,eleve
GN2025-03670,2025-08-22,2025,8,34,Nzérékoré,Nzérékoré,forestier,7.76000,-8.82000,25.21,21.58,28.77,6.46,268.56,938.71,77.85,6.56,7,98.00,1.000,8,0.009,eleve
GN2025-03671,2025-01-16,2025,1,3,Nzérékoré,Yomou,forestier,7.56000,-9.31000,26.48,22.55,29.67,0.40,2.36,7.08,61.54,10.72,0,33.03,0.100,3,0.003,faible
GN2025-03672,2025-09-24,2025,9,39,Conakry,Conakry,côtier,9.54000,-13.68000,27.83,23.31,33.46,16.25,176.79,976.71,79.08,7.21,7,91.36,1.000,13,0.015,eleve
GN2025-03673,2025-05-18,2025,5,20,Boké,Boffa,côtier,10.18000,-14.04000,28.99,24.84,33.35,2.98,32.81,129.81,61.38,10.97,5,40.16,0.457,6,0.006,faible
GN2025-03674,2025-04-01,2025,4,14,Boké,Boké,côtier,10.94000,-14.29000,30.51,26.71,33.77,0.65,1.80,23.91,58.39,7.83,0,31.55,0.076,3,0.003,faible
GN2025-03675,2025-06-27,2025,6,26,Boké,Fria,côtier,10.37000,-13.58000,28.43,23.00,34.18,1.67,188.51,574.58,71.15,9.10,5,76.27,1.000,8,0.008,eleve
GN2025-03676,2025-11-20,2025,11,47,Boké,Gaoual,soudano-guinéen,11.75000,-13.20000,27.93,23.89,33.19,0.88,56.65,232.50,77.63,6.75,5,63.45,0.551,6,0.006,moyen
GN2025-03677,2025-09-07,2025,9,36,Boké,Koundara,soudano-guinéen,12.48000,-13.30000,29.45,24.58,33.46,2.59,29.27,246.38,83.86,7.66,6,63.53,0.528,7,0.007,faible
GN2025-03678,2025-08-08,2025,8,32,Faranah,Dabola,soudano-guinéen,10.75000,-11.11000,27.87,23.97,31.16,2.54,72.48,274.95,72.02,8.88,5,57.50,0.639,11,0.011,moyen
GN2025-03679,2025-05-29,2025,5,22,Faranah,Dinguiraye,soudano-guinéen,11.30000,-10.72000,27.99,24.27,32.32,1.80,35.46,264.80,69.17,8.62,5,62.56,0.464,8,0.008,faible
GN2025-03680,2025-08-14,2025,8,33,Faranah,Faranah,soudano-guinéen,10.04000,-10.74000,27.23,24.12,30.24,2.41,131.90,404.58,74.41,10.19,5,64.59,0.950,14,0.014,eleve
GN2025-03681,2025-07-08,2025,7,28,Faranah,Kissidougou,forestier,9.18000,-10.10000,26.50,23.04,31.55,34.61,101.22,603.44,81.21,10.85,6,75.67,0.820,10,0.011,eleve
GN2025-03682,2025-06-06,2025,6,23,Kankan,Kankan,soudano-guinéen,10.39000,-9.31000,29.59,25.89,32.61,2.83,97.20,247.07,66.81,5.55,6,51.57,0.776,8,0.008,moyen
GN2025-03683,2025-08-01,2025,8,31,Kankan,Kérouané,forestier,9.27000,-9.01000,27.52,22.68,32.83,2.38,119.23,450.60,74.24,9.36,7,72.74,0.903,6,0.006,eleve
GN2025-03684,2025-03-07,2025,3,10,Kankan,Kouroussa,soudano-guinéen,10.65000,-9.89000,29.13,25.46,34.34,0.09,3.31,33.87,55.05,10.84,0,32.04,0.089,4,0.004,faible
GN2025-03685,2025-07-10,2025,7,28,Kankan,Mandiana,soudano-guinéen,10.63000,-8.68000,28.79,23.31,33.67,1.38,61.37,232.60,76.93,10.18,7,52.56,0.753,8,0.008,moyen
GN2025-03686,2025-05-16,2025,5,20,Kankan,Siguiri,soudano-guinéen,11.42000,-9.17000,31.16,27.02,35.44,17.28,30.80,86.49,70.48,8.30,4,52.91,0.478,5,0.005,faible
GN2025-03687,2025-09-01,2025,9,36,Kindia,Coyah,côtier,9.71000,-13.38000,27.09,22.07,30.62,49.63,274.93,993.21,85.80,9.53,7,98.00,1.000,15,0.017,eleve
GN2025-03688,2025-09-02,2025,9,36,Kindia,Dubréka,côtier,9.79000,-13.52000,27.45,21.93,31.74,1.40,91.98,939.01,76.20,10.08,5,97.74,0.726,12,0.013,eleve
GN2025-03689,2025-09-21,2025,9,38,Kindia,Forécariah,côtier,9.43000,-13.09000,27.48,22.51,31.52,42.52,220.00,1405.60,74.02,5.52,6,98.00,1.000,12,0.013,eleve
GN2025-03690,2025-11-13,2025,11,46,Kindia,Kindia,côtier,10.06000,-12.87000,26.73,22.14,30.95,7.21,228.21,949.99,80.02,11.39,6,88.08,1.000,16,0.017,eleve
GN2025-03691,2025-05-05,2025,5,19,Kindia,Télimélé,soudano-guinéen,10.91000,-13.04000,27.50,21.97,31.91,0.96,2.88,108.19,65.56,8.51,0,45.72,0.096,4,0.004,faible
GN2025-03692,2025-07-08,2025,7,28,Labé,Koubia,montagneux,11.59000,-11.90000,25.24,22.06,30.60,0.69,132.37,258.71,75.95,9.98,5,55.23,0.907,12,0.011,moyen
GN2025-03693,2025-05-07,2025,5,19,Labé,Labé,montagneux,11.32000,-12.29000,24.31,18.77,28.54,25.81,43.31,99.23,63.93,15.22,3,42.15,0.437,3,0.003,faible
GN2025-03694,2025-09-10,2025,9,37,Labé,Lélouma,montagneux,11.18000,-12.48000,23.37,19.77,28.78,1.60,103.65,323.95,75.85,6.47,6,64.47,0.886,3,0.003,moyen
GN2025-03695,2025-09-06,2025,9,36,Labé,Mali,montagneux,12.08000,-12.30000,24.33,19.53,29.65,0.11,152.38,466.17,79.52,9.68,4,68.01,1.000,15,0.013,eleve
GN2025-03696,2025-05-17,2025,5,20,Labé,Tougué,montagneux,11.45000,-11.67000,26.15,20.56,30.62,1.83,63.26,128.43,63.87,8.07,5,50.59,0.602,3,0.003,moyen
GN2025-03697,2025-12-23,2025,12,52,Mamou,Dalaba,montagneux,10.69000,-12.25000,24.68,20.49,30.46,46.32,170.75,684.57,75.82,6.27,7,77.32,1.000,11,0.010,eleve
GN2025-03698,2025-07-15,2025,7,29,Mamou,Mamou,montagneux,10.38000,-12.09000,25.61,22.56,31.14,0.48,102.78,356.43,76.38,8.74,3,66.50,0.721,7,0.007,moyen
GN2025-03699,2025-12-02,2025,12,49,Mamou,Pita,montagneux,11.06000,-12.40000,25.02,19.69,28.32,1.96,87.89,492.05,77.10,7.28,5,71.24,0.697,4,0.004,moyen
GN2025-03700,2025-03-22,2025,3,12,Nzérékoré,Beyla,forestier,8.69000,-8.65000,28.51,24.54,34.21,0.08,3.59,77.72,59.89,10.24,0,37.39,0.089,6,0.006,faible
GN2025-03701,2025-06-03,2025,6,23,Nzérékoré,Guéckédou,forestier,8.57000,-10.13000,25.90,22.54,31.35,1.83,211.94,705.88,66.25,8.61,7,84.72,1.000,15,0.017,eleve
GN2025-03702,2025-04-01,2025,4,14,Nzérékoré,Lola,forestier,7.80000,-8.53000,26.41,21.60,30.22,38.43,92.70,194.95,62.58,9.29,3,42.81,0.646,10,0.011,moyen
GN2025-03703,2025-07-06,2025,7,27,Nzérékoré,Macenta,forestier,8.54000,-9.47000,23.66,18.39,28.08,2.62,121.48,808.02,74.28,9.68,7,87.09,0.941,9,0.010,eleve
GN2025-03704,2025-12-07,2025,12,49,Nzérékoré,Nzérékoré,forestier,7.76000,-8.82000,25.73,22.64,30.14,2.50,117.19,679.14,80.77,6.76,6,85.71,0.918,15,0.016,eleve
GN2025-03705,2025-07-31,2025,7,31,Nzérékoré,Yomou,forestier,7.56000,-9.31000,26.41,22.24,32.13,0.31,200.78,925.41,69.75,7.42,5,92.61,1.000,15,0.016,eleve
GN2025-03706,2025-05-31,2025,5,22,Conakry,Conakry,côtier,9.54000,-13.68000,27.43,21.92,32.28,32.26,143.06,376.14,74.04,10.49,7,65.29,1.000,8,0.009,eleve
GN2025-03707,2025-04-21,2025,4,17,Boké,Boffa,côtier,10.18000,-14.04000,29.08,24.92,32.90,0.08,29.79,135.71,60.08,11.32,1,45.02,0.234,3,0.003,faible
GN2025-03708,2025-06-07,2025,6,23,Boké,Boké,côtier,10.94000,-14.29000,28.66,25.16,33.26,1.94,99.69,277.72,68.90,8.27,6,46.93,0.832,5,0.005,moyen
GN2025-03709,2025-03-29,2025,3,13,Boké,Fria,côtier,10.37000,-13.58000,28.96,25.10,34.34,24.99,27.94,132.98,60.30,10.49,2,44.47,0.287,8,0.008,faible
GN2025-03710,2025-11-23,2025,11,47,Boké,Gaoual,soudano-guinéen,11.75000,-13.20000,28.25,23.39,31.29,1.44,150.84,326.37,78.61,9.31,5,58.56,1.000,8,0.008,eleve
GN2025-03711,2025-06-11,2025,6,24,Boké,Koundara,soudano-guinéen,12.48000,-13.30000,29.14,25.47,34.79,2.93,16.64,145.55,72.17,6.16,6,55.65,0.462,4,0.004,faible
GN2025-03712,2025-04-01,2025,4,14,Faranah,Dabola,soudano-guinéen,10.75000,-11.11000,29.37,24.95,33.83,0.56,4.66,23.16,63.49,9.13,1,44.30,0.091,3,0.003,faible
GN2025-03713,2025-06-20,2025,6,25,Faranah,Dinguiraye,soudano-guinéen,11.30000,-10.72000,26.44,21.90,32.06,2.29,114.69,467.90,75.09,7.09,7,67.74,0.934,8,0.008,moyen
GN2025-03714,2025-11-05,2025,11,45,Faranah,Faranah,soudano-guinéen,10.04000,-10.74000,28.22,23.08,32.10,2.37,136.31,430.00,74.55,6.06,7,71.50,1.000,16,0.016,eleve
GN2025-03715,2025-12-02,2025,12,49,Faranah,Kissidougou,forestier,9.18000,-10.10000,27.30,23.11,31.36,50.18,220.77,820.95,77.88,6.94,6,83.94,1.000,14,0.015,eleve
GN2025-03716,2025-04-23,2025,4,17,Kankan,Kankan,soudano-guinéen,10.39000,-9.31000,29.73,25.83,34.41,0.52,20.08,55.17,61.79,8.00,1,40.29,0.213,4,0.004,faible
GN2025-03717,2025-10-14,2025,10,42,Kankan,Kérouané,forestier,9.27000,-9.01000,26.42,21.70,32.03,14.94,226.21,675.69,82.93,9.00,6,86.89,1.000,9,0.009,eleve
GN2025-03718,2025-09-08,2025,9,37,Kankan,Kouroussa,soudano-guinéen,10.65000,-9.89000,28.54,24.38,34.00,0.52,48.76,178.60,75.49,8.40,5,59.09,0.590,6,0.006,moyen
GN2025-03719,2025-11-30,2025,11,48,Kankan,Mandiana,soudano-guinéen,10.63000,-8.68000,29.29,25.79,33.63,55.35,100.69,346.77,80.91,9.57,5,74.79,0.821,11,0.011,moyen
GN2025-03720,2025-09-16,2025,9,38,Kankan,Siguiri,soudano-guinéen,11.42000,-9.17000,29.01,24.62,33.69,2.77,66.00,243.80,73.05,9.38,6,57.69,0.643,6,0.006,moyen
GN2025-03721,2025-02-14,2025,2,7,Kindia,Coyah,côtier,9.71000,-13.38000,28.33,25.19,32.98,31.60,33.87,72.06,58.92,11.23,1,45.81,0.290,4,0.004,faible
GN2025-03722,2025-01-15,2025,1,3,Kindia,Dubréka,côtier,9.79000,-13.52000,29.51,26.17,34.68,0.79,3.47,6.61,59.73,13.38,0,42.68,0.154,5,0.006,faible
GN2025-03723,2025-06-06,2025,6,23,Kindia,Forécariah,côtier,9.43000,-13.09000,27.87,23.69,32.69,0.91,74.23,488.56,70.12,9.96,5,68.36,0.684,7,0.008,moyen
GN2025-03724,2025-05-15,2025,5,20,Kindia,Kindia,côtier,10.06000,-12.87000,26.35,22.28,29.52,1.37,101.38,298.27,66.94,9.01,5,56.04,0.752,7,0.007,moyen
GN2025-03725,2025-10-21,2025,10,43,Kindia,Télimélé,soudano-guinéen,10.91000,-13.04000,27.37,23.56,31.12,1.34,114.41,543.30,67.23,6.66,7,67.42,0.976,8,0.008,eleve
GN2025-03726,2025-08-02,2025,8,31,Labé,Koubia,montagneux,11.59000,-11.90000,24.78,20.89,30.53,22.28,62.34,425.13,77.18,8.27,4,74.39,0.591,10,0.009,moyen
GN2025-03727,2025-06-04,2025,6,23,Labé,Labé,montagneux,11.32000,-12.29000,24.61,19.77,28.04,13.07,79.58,309.46,68.94,9.96,6,63.41,0.676,9,0.008,moyen
GN2025-03728,2025-04-13,2025,4,15,Labé,Lélouma,montagneux,11.18000,-12.48000,24.93,19.42,30.44,0.18,19.04,93.27,56.31,10.50,1,39.06,0.239,3,0.003,faible
GN2025-03729,2025-10-21,2025,10,43,Labé,Mali,montagneux,12.08000,-12.30000,24.60,21.48,28.74,25.67,130.39,298.55,73.26,7.39,5,57.97,0.943,7,0.006,moyen
GN2025-03730,2025-01-20,2025,1,4,Labé,Tougué,montagneux,11.45000,-11.67000,25.98,21.84,29.61,0.66,26.11,66.87,56.89,12.06,2,37.76,0.292,5,0.005,faible
GN2025-03731,2025-07-18,2025,7,29,Mamou,Dalaba,montagneux,10.69000,-12.25000,24.98,20.83,30.75,0.27,95.54,324.31,74.83,8.87,6,63.36,0.778,7,0.007,moyen
GN2025-03732,2025-07-05,2025,7,27,Mamou,Mamou,montagneux,10.38000,-12.09000,25.01,19.69,30.76,1.98,80.36,327.88,72.74,8.44,7,62.21,0.762,9,0.009,moyen
GN2025-03733,2025-04-22,2025,4,17,Mamou,Pita,montagneux,11.06000,-12.40000,25.95,20.78,30.66,14.87,48.33,70.90,62.78,6.80,3,42.83,0.417,2,0.002,faible
GN2025-03734,2025-08-08,2025,8,32,Nzérékoré,Beyla,forestier,8.69000,-8.65000,26.47,23.30,30.82,7.53,122.68,915.84,76.48,12.01,6,95.92,0.909,15,0.015,eleve
GN2025-03735,2025-01-14,2025,1,3,Nzérékoré,Guéckédou,forestier,8.57000,-10.13000,27.14,23.64,30.36,0.16,2.08,4.49,55.81,8.30,0,30.12,0.052,1,0.001,faible
GN2025-03736,2025-01-11,2025,1,2,Nzérékoré,Lola,forestier,7.80000,-8.53000,26.55,21.76,32.10,0.65,3.08,4.73,61.59,7.14,0,36.50,0.057,4,0.004,faible
GN2025-03737,2025-07-04,2025,7,27,Nzérékoré,Macenta,forestier,8.54000,-9.47000,26.21,21.73,31.11,10.30,119.27,780.60,71.95,8.57,7,79.14,0.919,12,0.013,eleve
GN2025-03738,2025-05-09,2025,5,19,Nzérékoré,Nzérékoré,forestier,7.76000,-8.82000,26.65,21.63,31.46,0.10,51.63,217.39,72.32,8.40,4,57.63,0.485,11,0.012,moyen
GN2025-03739,2025-12-30,2025,12,1,Nzérékoré,Yomou,forestier,7.56000,-9.31000,25.50,21.13,29.15,32.84,311.35,1238.47,69.90,9.00,6,98.00,1.000,19,0.020,eleve
GN2025-03740,2025-08-03,2025,8,31,Conakry,Conakry,côtier,9.54000,-13.68000,28.12,24.85,31.35,113.17,374.29,1140.79,78.24,6.01,7,98.00,1.000,19,0.022,eleve
GN2025-03741,2025-05-17,2025,5,20,Boké,Boffa,côtier,10.18000,-14.04000,28.66,23.71,34.03,0.42,49.88,127.62,67.88,8.18,5,48.39,0.576,5,0.005,faible
GN2025-03742,2025-11-07,2025,11,45,Boké,Boké,côtier,10.94000,-14.29000,27.48,21.92,31.12,0.35,49.57,387.17,76.60,8.08,5,59.15,0.601,7,0.007,moyen
GN2025-03743,2025-12-04,2025,12,49,Boké,Fria,côtier,10.37000,-13.58000,28.40,24.88,33.24,2.68,89.99,500.05,73.71,7.77,7,90.51,0.870,7,0.007,moyen
GN2025-03744,2025-01-19,2025,1,3,Boké,Gaoual,soudano-guinéen,11.75000,-13.20000,31.25,27.00,35.34,0.69,44.15,70.34,59.53,11.55,2,46.53,0.374,3,0.003,faible
GN2025-03745,2025-10-05,2025,10,40,Boké,Koundara,soudano-guinéen,12.48000,-13.30000,27.24,22.88,33.01,2.34,38.17,117.77,77.67,12.00,7,49.05,0.659,8,0.007,moyen
GN2025-03746,2025-03-28,2025,3,13,Faranah,Dabola,soudano-guinéen,10.75000,-11.11000,28.73,25.32,32.20,0.80,12.87,24.30,60.55,10.62,2,36.98,0.253,4,0.004,faible
GN2025-03747,2025-08-18,2025,8,34,Faranah,Dinguiraye,soudano-guinéen,11.30000,-10.72000,27.39,22.56,31.48,9.67,49.96,471.46,70.63,10.21,6,70.96,0.627,11,0.010,moyen
GN2025-03748,2025-07-23,2025,7,30,Faranah,Faranah,soudano-guinéen,10.04000,-10.74000,28.34,24.16,32.22,1.23,54.50,287.77,75.54,7.07,6,57.91,0.646,7,0.007,moyen
GN2025-03749,2025-12-16,2025,12,51,Faranah,Kissidougou,forestier,9.18000,-10.10000,25.78,21.11,31.45,53.76,231.37,717.61,80.45,6.05,6,84.39,1.000,15,0.016,eleve
GN2025-03750,2025-02-07,2025,2,6,Kankan,Kankan,soudano-guinéen,10.39000,-9.31000,30.16,25.90,35.59,0.09,2.30,45.13,60.06,12.50,0,44.07,0.041,6,0.006,faible
GN2025-03751,2025-03-07,2025,3,10,Kankan,Kérouané,forestier,9.27000,-9.01000,28.47,23.90,31.54,0.24,2.35,18.15,63.75,10.81,0,35.24,0.013,6,0.006,faible
GN2025-03752,2025-10-14,2025,10,42,Kankan,Kouroussa,soudano-guinéen,10.65000,-9.89000,29.08,23.78,32.14,0.68,11.51,216.41,75.09,7.04,3,57.41,0.217,5,0.005,faible
GN2025-03753,2025-07-28,2025,7,31,Kankan,Mandiana,soudano-guinéen,10.63000,-8.68000,28.54,24.30,33.16,24.85,50.88,286.98,77.83,5.82,5,64.55,0.539,16,0.016,moyen
GN2025-03754,2025-03-05,2025,3,10,Kankan,Siguiri,soudano-guinéen,11.42000,-9.17000,31.31,27.89,36.68,0.23,3.76,31.94,56.34,10.53,0,37.63,0.125,2,0.002,faible
GN2025-03755,2025-12-03,2025,12,49,Kindia,Coyah,côtier,9.71000,-13.38000,25.89,22.38,31.56,2.39,208.88,689.36,75.16,8.61,6,70.36,1.000,7,0.008,eleve
GN2025-03756,2025-11-17,2025,11,47,Kindia,Dubréka,côtier,9.79000,-13.52000,26.39,21.50,31.85,32.90,349.36,1121.30,75.93,7.86,7,98.00,1.000,14,0.015,eleve
GN2025-03757,2025-12-01,2025,12,49,Kindia,Forécariah,côtier,9.43000,-13.09000,27.06,24.00,31.53,114.70,424.01,1060.92,82.38,8.59,7,98.00,1.000,18,0.019,eleve
GN2025-03758,2025-08-22,2025,8,34,Kindia,Kindia,côtier,10.06000,-12.87000,25.82,21.63,29.22,5.71,69.32,791.28,73.66,7.74,7,89.11,0.704,9,0.010,eleve
GN2025-03759,2025-01-27,2025,1,5,Kindia,Télimélé,soudano-guinéen,10.91000,-13.04000,26.43,22.77,30.10,0.60,2.55,47.92,59.85,11.18,0,45.68,0.105,1,0.001,faible
GN2025-03760,2025-05-19,2025,5,21,Labé,Koubia,montagneux,11.59000,-11.90000,25.15,21.47,28.88,0.30,16.40,129.05,63.08,8.98,5,53.36,0.452,6,0.005,faible
GN2025-03761,2025-01-25,2025,1,4,Labé,Labé,montagneux,11.32000,-12.29000,26.38,22.43,31.03,0.71,44.61,56.44,53.02,6.24,1,44.67,0.339,1,0.001,faible
GN2025-03762,2025-02-24,2025,2,9,Labé,Lélouma,montagneux,11.18000,-12.48000,25.26,20.09,29.58,0.03,2.36,9.97,51.95,6.19,0,35.10,0.061,3,0.003,faible
GN2025-03763,2025-05-12,2025,5,20,Labé,Mali,montagneux,12.08000,-12.30000,24.62,19.20,28.59,0.67,44.32,207.24,59.35,9.28,6,47.39,0.552,5,0.005,faible
GN2025-03764,2025-06-01,2025,6,22,Labé,Tougué,montagneux,11.45000,-11.67000,24.89,20.96,28.41,0.95,87.86,239.34,69.31,15.85,5,49.25,0.688,6,0.005,moyen
GN2025-03765,2025-05-28,2025,5,22,Mamou,Dalaba,montagneux,10.69000,-12.25000,24.42,19.16,28.85,7.28,15.48,157.92,70.48,13.45,4,56.01,0.344,5,0.005,faible
GN2025-03766,2025-12-14,2025,12,50,Mamou,Mamou,montagneux,10.38000,-12.09000,26.21,22.43,30.16,23.95,58.15,597.25,75.69,10.98,5,76.06,0.598,8,0.008,moyen
GN2025-03767,2025-06-04,2025,6,23,Mamou,Pita,montagneux,11.06000,-12.40000,24.89,20.56,29.62,2.28,45.12,200.42,72.13,4.61,5,55.59,0.553,3,0.003,faible
GN2025-03768,2025-11-27,2025,11,48,Nzérékoré,Beyla,forestier,8.69000,-8.65000,26.44,22.73,31.12,20.79,81.47,633.34,76.55,1.00,6,78.20,0.748,17,0.017,moyen
GN2025-03769,2025-01-23,2025,1,4,Nzérékoré,Guéckédou,forestier,8.57000,-10.13000,26.68,21.68,30.38,0.65,14.30,20.14,58.49,7.76,1,37.42,0.162,3,0.003,faible
GN2025-03770,2025-01-18,2025,1,3,Nzérékoré,Lola,forestier,7.80000,-8.53000,25.52,21.86,30.91,0.62,3.12,7.85,62.32,12.23,0,46.83,0.136,2,0.002,faible
GN2025-03771,2025-08-24,2025,8,34,Nzérékoré,Macenta,forestier,8.54000,-9.47000,24.76,19.93,28.80,108.91,348.64,1460.27,89.89,6.39,7,98.00,1.000,19,0.021,eleve
GN2025-03772,2025-10-23,2025,10,43,Nzérékoré,Nzérékoré,forestier,7.76000,-8.82000,26.35,21.91,31.05,5.57,252.69,1027.45,81.18,6.19,7,98.00,1.000,13,0.014,eleve
GN2025-03773,2025-05-12,2025,5,20,Nzérékoré,Yomou,forestier,7.56000,-9.31000,26.39,22.10,31.18,0.43,51.99,233.04,71.82,8.06,6,52.96,0.557,11,0.012,moyen
GN2025-03774,2025-01-06,2025,1,2,Conakry,Conakry,côtier,9.54000,-13.68000,28.21,23.84,32.32,0.31,1.55,1.55,62.10,14.11,0,29.94,0.142,3,0.003,faible
GN2025-03775,2025-04-12,2025,4,15,Boké,Boffa,côtier,10.18000,-14.04000,28.87,25.10,31.89,0.14,21.24,82.21,63.92,11.50,2,50.11,0.281,7,0.007,faible
GN2025-03776,2025-05-09,2025,5,19,Boké,Boké,côtier,10.94000,-14.29000,29.11,24.79,34.34,0.59,54.05,133.38,62.44,9.44,5,51.45,0.531,13,0.013,faible
GN2025-03777,2025-01-18,2025,1,3,Boké,Fria,côtier,10.37000,-13.58000,29.36,26.02,32.86,0.36,3.54,38.91,57.12,11.58,0,37.64,0.074,4,0.004,faible
GN2025-03778,2025-02-22,2025,2,8,Boké,Gaoual,soudano-guinéen,11.75000,-13.20000,30.23,26.42,34.61,0.08,2.85,13.79,56.10,8.19,0,46.92,0.095,1,0.001,faible
GN2025-03779,2025-07-23,2025,7,30,Boké,Koundara,soudano-guinéen,12.48000,-13.30000,28.93,25.34,33.51,0.25,16.32,99.82,75.54,8.49,4,44.71,0.382,8,0.007,faible
GN2025-03780,2025-06-08,2025,6,23,Faranah,Dabola,soudano-guinéen,10.75000,-11.11000,26.68,23.64,30.32,2.73,54.83,196.65,72.07,6.66,7,52.58,0.654,12,0.012,moyen
GN2025-03781,2025-02-18,2025,2,8,Faranah,Dinguiraye,soudano-guinéen,11.30000,-10.72000,27.28,22.84,31.90,0.63,21.06,43.48,51.85,10.68,1,43.28,0.203,1,0.001,faible
GN2025-03782,2025-04-09,2025,4,15,Faranah,Faranah,soudano-guinéen,10.04000,-10.74000,28.88,25.09,33.78,0.24,19.21,59.85,58.96,12.54,1,31.94,0.138,3,0.003,faible
GN2025-03783,2025-12-25,2025,12,52,Faranah,Kissidougou,forestier,9.18000,-10.10000,26.83,21.24,32.25,0.22,146.85,814.15,76.38,8.76,6,84.99,1.000,16,0.017,eleve
GN2025-03784,2025-05-10,2025,5,19,Kankan,Kankan,soudano-guinéen,10.39000,-9.31000,29.76,24.61,34.67,1.27,52.27,83.70,61.52,12.68,4,48.32,0.480,7,0.007,faible
GN2025-03785,2025-03-26,2025,3,13,Kankan,Kérouané,forestier,9.27000,-9.01000,28.74,24.91,34.08,0.49,16.76,33.69,62.01,9.06,1,42.57,0.181,5,0.005,faible
GN2025-03786,2025-03-29,2025,3,13,Kankan,Kouroussa,soudano-guinéen,10.65000,-9.89000,29.32,24.30,34.54,8.14,14.06,39.49,59.51,7.25,2,40.80,0.213,3,0.003,faible
GN2025-03787,2025-09-08,2025,9,37,Kankan,Mandiana,soudano-guinéen,10.63000,-8.68000,28.64,23.12,31.96,75.13,128.03,272.78,76.03,8.90,7,52.25,1.000,9,0.009,eleve
GN2025-03788,2025-08-20,2025,8,34,Kankan,Siguiri,soudano-guinéen,11.42000,-9.17000,28.73,23.78,31.91,1.99,43.58,203.65,77.23,11.50,3,50.12,0.395,8,0.007,faible
GN2025-03789,2025-10-05,2025,10,40,Kindia,Coyah,côtier,9.71000,-13.38000,28.06,23.47,32.42,25.23,429.84,1340.76,84.57,8.00,7,98.00,1.000,12,0.013,eleve
GN2025-03790,2025-06-21,2025,6,25,Kindia,Dubréka,côtier,9.79000,-13.52000,26.71,23.05,30.54,0.85,98.75,464.90,69.13,9.22,4,77.86,0.728,7,0.008,eleve
GN2025-03791,2025-02-01,2025,2,5,Kindia,Forécariah,côtier,9.43000,-13.09000,29.35,26.27,33.40,0.08,1.98,16.99,58.38,11.20,0,40.28,0.094,6,0.006,faible
GN2025-03792,2025-03-04,2025,3,10,Kindia,Kindia,côtier,10.06000,-12.87000,27.92,22.57,33.16,0.65,2.96,29.74,53.67,9.61,0,34.03,0.000,2,0.002,faible
GN2025-03793,2025-06-19,2025,6,25,Kindia,Télimélé,soudano-guinéen,10.91000,-13.04000,27.98,24.92,31.22,1.54,73.82,278.39,70.18,7.72,7,70.67,0.695,10,0.010,moyen
GN2025-03794,2025-11-29,2025,11,48,Labé,Koubia,montagneux,11.59000,-11.90000,25.05,20.85,29.48,1.11,30.21,465.59,72.87,5.12,7,75.62,0.605,8,0.007,moyen
GN2025-03795,2025-11-16,2025,11,46,Labé,Labé,montagneux,11.32000,-12.29000,24.40,20.22,29.87,3.81,102.22,392.07,74.24,6.69,7,63.70,0.790,11,0.010,moyen
GN2025-03796,2025-01-12,2025,1,2,Labé,Lélouma,montagneux,11.18000,-12.48000,25.02,20.08,29.23,0.12,2.71,4.79,61.24,7.83,0,37.00,0.087,3,0.003,faible
GN2025-03797,2025-08-22,2025,8,34,Labé,Mali,montagneux,12.08000,-12.30000,24.46,21.11,30.05,12.73,124.78,458.02,73.62,8.94,6,72.97,0.932,7,0.006,eleve
GN2025-03798,2025-08-05,2025,8,32,Labé,Tougué,montagneux,11.45000,-11.67000,24.76,20.58,27.98,1.03,39.36,281.96,75.69,3.04,4,53.19,0.443,5,0.005,faible
GN2025-03799,2025-04-06,2025,4,14,Mamou,Dalaba,montagneux,10.69000,-12.25000,24.96,21.52,28.15,0.11,21.40,46.98,61.11,10.51,2,39.50,0.333,3,0.003,faible
GN2025-03800,2025-05-20,2025,5,21,Mamou,Mamou,montagneux,10.38000,-12.09000,26.46,22.98,30.46,1.47,6.31,44.69,71.94,6.18,3,35.24,0.237,5,0.005,faible
GN2025-03801,2025-11-01,2025,11,44,Mamou,Pita,montagneux,11.06000,-12.40000,24.58,20.56,28.20,0.30,86.32,368.02,80.85,8.63,4,72.25,0.709,5,0.005,moyen
GN2025-03802,2025-11-16,2025,11,46,Nzérékoré,Beyla,forestier,8.69000,-8.65000,26.19,23.06,30.62,0.37,121.69,834.04,78.70,9.70,5,94.63,0.914,15,0.015,eleve
GN2025-03803,2025-07-29,2025,7,31,Nzérékoré,Guéckédou,forestier,8.57000,-10.13000,26.28,22.44,30.67,2.75,314.20,1322.38,78.26,4.66,6,98.00,1.000,11,0.012,eleve
GN2025-03804,2025-04-17,2025,4,16,Nzérékoré,Lola,forestier,7.80000,-8.53000,26.98,22.82,30.53,0.03,16.47,178.98,67.17,9.99,1,43.87,0.204,3,0.003,faible
GN2025-03805,2025-04-25,2025,4,17,Nzérékoré,Macenta,forestier,8.54000,-9.47000,27.90,23.59,33.49,0.42,2.79,78.20,59.33,9.58,0,38.86,0.110,6,0.006,faible
GN2025-03806,2025-06-02,2025,6,23,Nzérékoré,Nzérékoré,forestier,7.76000,-8.82000,26.41,22.60,30.57,2.97,91.55,434.58,71.72,9.12,6,67.51,0.796,13,0.014,eleve
GN2025-03807,2025-08-05,2025,8,32,Nzérékoré,Yomou,forestier,7.56000,-9.31000,25.89,20.90,30.22,21.21,254.70,955.38,67.19,8.43,6,91.69,1.000,10,0.011,eleve
GN2025-03808,2025-11-09,2025,11,45,Conakry,Conakry,côtier,9.54000,-13.68000,27.56,23.94,32.34,13.38,104.70,1084.53,75.23,10.15,7,98.00,0.971,18,0.021,eleve
GN2025-03809,2025-06-16,2025,6,25,Boké,Boffa,côtier,10.18000,-14.04000,27.48,23.07,33.04,17.77,36.83,229.75,70.71,9.11,5,45.55,0.473,3,0.003,moyen
GN2025-03810,2025-03-25,2025,3,13,Boké,Boké,côtier,10.94000,-14.29000,30.37,25.35,34.16,0.63,4.60,34.84,57.56,8.94,0,36.54,0.104,2,0.002,faible
GN2025-03811,2025-07-15,2025,7,29,Boké,Fria,côtier,10.37000,-13.58000,27.17,21.86,32.77,1.55,12.66,554.60,84.51,7.18,6,80.98,0.502,9,0.009,moyen
GN2025-03812,2025-01-12,2025,1,2,Boké,Gaoual,soudano-guinéen,11.75000,-13.20000,30.01,26.26,34.19,0.19,24.29,26.19,57.63,11.59,2,37.76,0.305,2,0.002,faible
GN2025-03813,2025-06-20,2025,6,25,Boké,Koundara,soudano-guinéen,12.48000,-13.30000,29.61,26.23,34.64,2.36,49.16,140.84,69.06,5.46,7,45.95,0.604,6,0.006,faible
GN2025-03814,2025-04-28,2025,4,18,Faranah,Dabola,soudano-guinéen,10.75000,-11.11000,28.23,23.67,32.59,27.83,94.72,144.84,74.44,6.64,3,59.61,0.683,6,0.006,moyen
GN2025-03815,2025-08-19,2025,8,34,Faranah,Dinguiraye,soudano-guinéen,11.30000,-10.72000,26.82,23.45,30.93,13.56,52.65,477.60,76.78,9.87,6,81.30,0.620,13,0.012,moyen
GN2025-03816,2025-10-14,2025,10,42,Faranah,Faranah,soudano-guinéen,10.04000,-10.74000,28.84,25.27,33.22,0.15,49.88,491.67,75.79,5.66,4,74.50,0.560,4,0.004,moyen
GN2025-03817,2025-03-13,2025,3,11,Faranah,Kissidougou,forestier,9.18000,-10.10000,27.18,24.02,31.63,0.39,2.84,80.74,60.29,8.28,0,43.79,0.081,6,0.006,faible
GN2025-03818,2025-05-30,2025,5,22,Kankan,Kankan,soudano-guinéen,10.39000,-9.31000,30.31,25.79,35.57,16.84,35.73,160.25,73.27,11.57,7,47.60,0.602,5,0.005,moyen
GN2025-03819,2025-11-28,2025,11,48,Kankan,Kérouané,forestier,9.27000,-9.01000,27.00,21.80,32.43,2.64,152.39,763.30,71.05,9.84,7,85.76,1.000,6,0.006,eleve
GN2025-03820,2025-06-10,2025,6,24,Kankan,Kouroussa,soudano-guinéen,10.65000,-9.89000,29.30,25.52,32.58,50.82,111.47,193.15,80.50,5.25,5,64.79,0.880,12,0.012,moyen
GN2025-03821,2025-11-07,2025,11,45,Kankan,Mandiana,soudano-guinéen,10.63000,-8.68000,28.05,24.54,32.05,1.45,55.86,264.79,68.70,9.76,7,58.02,0.584,6,0.006,moyen
GN2025-03822,2025-08-16,2025,8,33,Kankan,Siguiri,soudano-guinéen,11.42000,-9.17000,27.84,24.40,33.19,2.82,45.28,203.90,73.07,6.35,5,53.99,0.590,8,0.007,faible
GN2025-03823,2025-05-27,2025,5,22,Kindia,Coyah,côtier,9.71000,-13.38000,28.64,24.03,33.81,1.05,44.73,118.09,70.08,11.95,6,51.39,0.538,6,0.007,moyen
GN2025-03824,2025-03-27,2025,3,13,Kindia,Dubréka,côtier,9.79000,-13.52000,28.25,23.51,32.93,3.65,5.45,13.89,58.70,13.71,1,36.41,0.095,4,0.004,faible
GN2025-03825,2025-02-21,2025,2,8,Kindia,Forécariah,côtier,9.43000,-13.09000,28.90,25.06,33.57,42.48,59.13,82.14,59.81,9.22,2,52.95,0.473,0,0.000,faible
GN2025-03826,2025-10-29,2025,10,44,Kindia,Kindia,côtier,10.06000,-12.87000,27.54,22.96,32.32,74.18,201.17,840.05,79.89,9.84,7,87.46,1.000,24,0.025,eleve
GN2025-03827,2025-12-28,2025,12,52,Kindia,Télimélé,soudano-guinéen,10.91000,-13.04000,26.98,22.99,32.77,0.79,34.38,475.89,75.54,9.98,6,72.09,0.559,6,0.006,moyen
GN2025-03828,2025-06-18,2025,6,25,Labé,Koubia,montagneux,11.59000,-11.90000,24.40,20.07,28.30,1.83,72.20,226.23,68.80,9.26,6,48.39,0.662,6,0.005,moyen
GN2025-03829,2025-05-21,2025,5,21,Labé,Labé,montagneux,11.32000,-12.29000,25.76,22.25,31.34,33.89,60.60,198.20,72.98,13.13,7,55.36,0.746,6,0.006,moyen
GN2025-03830,2025-03-19,2025,3,12,Labé,Lélouma,montagneux,11.18000,-12.48000,24.72,21.27,29.89,0.64,2.90,25.25,58.50,9.53,1,39.43,0.188,1,0.001,faible
GN2025-03831,2025-09-08,2025,9,37,Labé,Mali,montagneux,12.08000,-12.30000,24.18,19.56,27.50,39.39,167.44,486.43,83.07,9.31,5,68.64,1.000,14,0.013,moyen
GN2025-03832,2025-09-29,2025,9,40,Labé,Tougué,montagneux,11.45000,-11.67000,24.00,19.46,29.52,21.47,30.83,362.75,76.85,9.79,5,59.20,0.513,8,0.007,faible
GN2025-03833,2025-07-04,2025,7,27,Mamou,Dalaba,montagneux,10.69000,-12.25000,25.45,19.93,30.11,54.19,91.43,266.40,81.08,9.77,5,67.23,0.765,7,0.007,moyen
GN2025-03834,2025-09-02,2025,9,36,Mamou,Mamou,montagneux,10.38000,-12.09000,24.22,19.91,28.33,2.45,56.18,393.62,75.89,6.89,6,66.54,0.635,8,0.008,moyen
GN2025-03835,2025-02-22,2025,2,8,Mamou,Pita,montagneux,11.06000,-12.40000,24.62,21.17,30.12,0.04,12.06,73.48,60.79,13.71,2,45.92,0.246,3,0.003,faible
GN2025-03836,2025-12-10,2025,12,50,Nzérékoré,Beyla,forestier,8.69000,-8.65000,26.17,21.21,30.19,86.99,140.64,546.87,81.87,9.98,7,79.04,1.000,12,0.012,eleve
GN2025-03837,2025-12-17,2025,12,51,Nzérékoré,Guéckédou,forestier,8.57000,-10.13000,26.57,21.52,30.03,29.41,311.95,1268.49,81.19,5.85,7,98.00,1.000,13,0.014,eleve
GN2025-03838,2025-09-04,2025,9,36,Nzérékoré,Lola,forestier,7.80000,-8.53000,25.00,20.03,29.88,78.28,307.12,1000.50,83.01,7.34,7,98.00,1.000,14,0.015,eleve
GN2025-03839,2025-08-13,2025,8,33,Nzérékoré,Macenta,forestier,8.54000,-9.47000,26.34,23.18,29.58,66.76,330.31,1424.17,88.02,8.34,7,98.00,1.000,14,0.015,eleve
GN2025-03840,2025-10-22,2025,10,43,Nzérékoré,Nzérékoré,forestier,7.76000,-8.82000,26.47,23.46,31.65,94.82,269.74,1049.05,78.53,7.46,7,98.00,1.000,12,0.013,eleve
GN2025-03841,2025-12-13,2025,12,50,Nzérékoré,Yomou,forestier,7.56000,-9.31000,24.99,19.53,29.79,3.94,194.08,1082.72,75.20,5.35,7,98.00,1.000,12,0.013,eleve
GN2025-03842,2025-04-13,2025,4,15,Conakry,Conakry,côtier,9.54000,-13.68000,27.39,22.13,32.61,0.36,3.20,75.72,57.55,9.01,0,39.96,0.158,6,0.007,faible
GN2025-03843,2025-03-28,2025,3,13,Boké,Boffa,côtier,10.18000,-14.04000,30.60,27.60,33.79,23.13,31.79,81.18,59.13,11.90,2,40.67,0.344,5,0.005,faible
GN2025-03844,2025-01-19,2025,1,3,Boké,Boké,côtier,10.94000,-14.29000,28.89,25.04,32.88,0.49,2.87,7.35,49.03,10.84,0,38.08,0.135,5,0.005,faible
GN2025-03845,2025-11-16,2025,11,46,Boké,Fria,côtier,10.37000,-13.58000,27.83,23.47,32.54,1.99,140.77,584.14,74.19,8.41,5,78.55,0.950,9,0.009,eleve
GN2025-03846,2025-10-07,2025,10,41,Boké,Gaoual,soudano-guinéen,11.75000,-13.20000,28.99,23.42,34.35,15.91,68.83,313.08,68.39,3.95,5,71.30,0.585,5,0.005,moyen
GN2025-03847,2025-01-19,2025,1,3,Boké,Koundara,soudano-guinéen,12.48000,-13.30000,30.28,25.18,34.80,0.36,2.53,19.73,62.97,12.65,0,46.81,0.168,2,0.002,faible
GN2025-03848,2025-08-06,2025,8,32,Faranah,Dabola,soudano-guinéen,10.75000,-11.11000,28.23,23.76,33.13,25.51,38.50,243.50,78.94,6.19,4,61.51,0.447,5,0.005,moyen
GN2025-03849,2025-10-05,2025,10,40,Faranah,Dinguiraye,soudano-guinéen,11.30000,-10.72000,26.72,21.74,32.44,0.47,18.29,291.97,71.81,11.58,4,55.08,0.290,6,0.006,faible
GN2025-03850,2025-11-16,2025,11,46,Faranah,Faranah,soudano-guinéen,10.04000,-10.74000,27.77,24.35,32.32,15.24,172.37,510.78,76.30,8.85,6,74.72,1.000,9,0.009,eleve
GN2025-03851,2025-08-02,2025,8,31,Faranah,Kissidougou,forestier,9.18000,-10.10000,26.55,22.43,30.57,12.06,240.02,960.01,80.98,7.14,6,98.00,1.000,14,0.015,eleve
GN2025-03852,2025-03-17,2025,3,12,Kankan,Kankan,soudano-guinéen,10.39000,-9.31000,29.55,24.17,33.67,0.64,4.47,48.16,62.41,8.99,1,44.95,0.085,3,0.003,faible
GN2025-03853,2025-10-25,2025,10,43,Kankan,Kérouané,forestier,9.27000,-9.01000,27.50,23.69,32.56,48.74,123.30,744.99,77.79,3.59,6,90.85,0.988,15,0.015,eleve
GN2025-03854,2025-11-29,2025,11,48,Kankan,Kouroussa,soudano-guinéen,10.65000,-9.89000,28.91,23.95,34.69,1.51,159.19,363.09,65.68,5.90,6,63.08,1.000,9,0.009,moyen
GN2025-03855,2025-12-18,2025,12,51,Kankan,Mandiana,soudano-guinéen,10.63000,-8.68000,28.28,24.56,31.57,0.39,14.31,320.35,67.62,5.64,5,63.73,0.377,4,0.004,faible
GN2025-03856,2025-01-26,2025,1,4,Kankan,Siguiri,soudano-guinéen,11.42000,-9.17000,31.83,27.66,35.74,5.63,7.81,24.89,55.52,7.34,1,35.78,0.191,2,0.002,faible
GN2025-03857,2025-07-20,2025,7,29,Kindia,Coyah,côtier,9.71000,-13.38000,25.78,22.45,29.44,99.45,261.25,730.55,86.83,10.59,5,89.46,1.000,3,0.003,eleve
GN2025-03858,2025-02-15,2025,2,7,Kindia,Dubréka,côtier,9.79000,-13.52000,28.67,25.56,33.34,0.54,3.99,120.16,64.96,10.17,0,45.99,0.114,3,0.003,faible
GN2025-03859,2025-04-05,2025,4,14,Kindia,Forécariah,côtier,9.43000,-13.09000,27.60,23.30,33.03,0.50,11.59,53.18,61.08,11.58,1,40.94,0.157,7,0.008,faible
GN2025-03860,2025-10-13,2025,10,42,Kindia,Kindia,côtier,10.06000,-12.87000,26.02,21.56,31.20,3.78,105.04,1031.38,78.01,5.21,6,98.00,0.831,7,0.007,eleve
GN2025-03861,2025-01-18,2025,1,3,Kindia,Télimélé,soudano-guinéen,10.91000,-13.04000,28.61,25.04,33.07,1.88,19.88,44.58,63.08,7.00,2,50.21,0.245,4,0.004,faible
GN2025-03862,2025-02-05,2025,2,6,Labé,Koubia,montagneux,11.59000,-11.90000,26.12,20.84,31.55,0.27,1.79,18.92,60.82,8.47,0,42.96,0.053,0,0.000,faible
GN2025-03863,2025-05-21,2025,5,21,Labé,Labé,montagneux,11.32000,-12.29000,25.76,22.25,31.34,33.89,60.60,198.20,72.98,13.13,7,47.22,0.676,10,0.009,moyen
GN2025-03864,2025-02-16,2025,2,7,Labé,Lélouma,montagneux,11.18000,-12.48000,26.09,21.64,31.77,0.23,2.18,66.54,55.66,10.27,0,42.52,0.079,7,0.006,faible
GN2025-03865,2025-04-26,2025,4,17,Labé,Mali,montagneux,12.08000,-12.30000,24.28,20.18,28.85,0.02,16.93,61.14,66.81,12.07,1,40.55,0.214,1,0.001,faible
GN2025-03866,2025-09-28,2025,9,39,Labé,Tougué,montagneux,11.45000,-11.67000,24.45,19.72,28.55,2.68,9.75,342.13,76.53,10.19,4,60.98,0.349,8,0.007,faible
GN2025-03867,2025-11-10,2025,11,46,Mamou,Dalaba,montagneux,10.69000,-12.25000,24.36,20.99,29.60,1.94,154.65,350.03,73.47,8.43,6,60.72,1.000,12,0.011,moyen
GN2025-03868,2025-05-15,2025,5,20,Mamou,Mamou,montagneux,10.38000,-12.09000,25.70,20.95,30.74,1.44,15.46,41.85,67.81,7.24,6,47.03,0.414,6,0.006,faible
GN2025-03869,2025-01-05,2025,1,1,Mamou,Pita,montagneux,11.06000,-12.40000,26.61,22.00,29.90,0.06,19.36,19.36,54.04,8.46,1,28.67,0.198,6,0.006,faible
GN2025-03870,2025-12-31,2025,12,1,Nzérékoré,Beyla,forestier,8.69000,-8.65000,26.44,22.95,32.00,2.45,92.54,556.92,74.84,9.84,7,73.37,0.781,10,0.010,moyen
GN2025-03871,2025-06-09,2025,6,24,Nzérékoré,Guéckédou,forestier,8.57000,-10.13000,24.75,19.53,30.27,77.58,193.46,777.75,78.73,14.23,6,90.00,1.000,10,0.011,eleve
GN2025-03872,2025-08-29,2025,8,35,Nzérékoré,Lola,forestier,7.80000,-8.53000,24.79,20.94,29.33,30.12,266.14,842.91,77.09,9.80,7,87.40,1.000,14,0.015,eleve
GN2025-03873,2025-08-11,2025,8,33,Nzérékoré,Macenta,forestier,8.54000,-9.47000,25.80,21.50,31.30,21.05,234.38,1405.42,75.13,5.79,7,98.00,1.000,16,0.017,eleve
GN2025-03874,2025-05-19,2025,5,21,Nzérékoré,Nzérékoré,forestier,7.76000,-8.82000,25.75,21.03,30.13,25.79,123.41,393.71,68.51,7.27,7,66.59,0.976,12,0.013,eleve
GN2025-03875,2025-01-23,2025,1,4,Nzérékoré,Yomou,forestier,7.56000,-9.31000,26.79,21.25,32.13,0.15,2.73,9.81,62.75,11.23,0,34.84,0.086,4,0.004,faible
GN2025-03876,2025-04-22,2025,4,17,Conakry,Conakry,côtier,9.54000,-13.68000,28.14,24.45,33.20,0.18,47.13,92.89,70.22,8.20,2,43.28,0.396,8,0.009,moyen
GN2025-03877,2025-01-27,2025,1,5,Boké,Boffa,côtier,10.18000,-14.04000,29.37,25.50,33.40,0.02,2.68,13.47,55.38,12.18,0,36.09,0.014,4,0.004,faible
GN2025-03878,2025-08-06,2025,8,32,Boké,Boké,côtier,10.94000,-14.29000,27.80,22.98,32.69,28.33,63.86,386.49,79.92,8.65,4,58.52,0.564,14,0.014,moyen
GN2025-03879,2025-12-28,2025,12,52,Boké,Fria,côtier,10.37000,-13.58000,27.98,23.88,31.42,2.26,13.40,258.28,77.46,6.77,5,62.46,0.411,10,0.010,faible
GN2025-03880,2025-03-11,2025,3,11,Boké,Gaoual,soudano-guinéen,11.75000,-13.20000,30.48,25.44,34.89,0.74,43.61,60.03,57.05,10.41,1,54.88,0.305,2,0.002,faible
GN2025-03881,2025-02-15,2025,2,7,Boké,Koundara,soudano-guinéen,12.48000,-13.30000,30.40,26.80,34.84,0.79,15.09,23.74,55.97,11.63,1,30.97,0.209,3,0.003,faible
GN2025-03882,2025-12-19,2025,12,51,Faranah,Dabola,soudano-guinéen,10.75000,-11.11000,26.97,22.79,30.68,1.49,21.57,235.78,79.49,7.22,6,56.98,0.533,7,0.007,moyen
GN2025-03883,2025-09-29,2025,9,40,Faranah,Dinguiraye,soudano-guinéen,11.30000,-10.72000,27.09,23.01,30.23,1.68,62.83,385.01,73.02,5.70,6,75.70,0.726,7,0.007,moyen
GN2025-03884,2025-01-01,2025,1,1,Faranah,Faranah,soudano-guinéen,10.04000,-10.74000,29.46,26.20,32.96,0.49,0.49,0.49,62.61,7.37,0,35.48,0.101,3,0.003,faible
GN2025-03885,2025-12-09,2025,12,50,Faranah,Kissidougou,forestier,9.18000,-10.10000,26.45,23.00,31.80,0.11,143.64,709.66,77.32,10.29,3,72.85,0.855,12,0.013,eleve
GN2025-03886,2025-12-31,2025,12,1,Kankan,Kankan,soudano-guinéen,10.39000,-9.31000,27.77,23.49,31.31,2.74,70.75,392.13,81.41,7.96,4,70.03,0.635,8,0.008,moyen
GN2025-03887,2025-04-13,2025,4,15,Kankan,Kérouané,forestier,9.27000,-9.01000,28.69,24.06,33.63,8.68,40.25,82.64,61.55,14.11,3,49.21,0.454,6,0.006,faible
GN2025-03888,2025-09-23,2025,9,39,Kankan,Kouroussa,soudano-guinéen,10.65000,-9.89000,29.44,24.62,32.59,2.82,69.02,277.55,77.65,9.90,3,66.05,0.525,6,0.006,moyen
GN2025-03889,2025-07-10,2025,7,28,Kankan,Mandiana,soudano-guinéen,10.63000,-8.68000,28.79,23.31,33.67,1.38,61.37,232.60,76.93,10.18,7,52.46,0.694,6,0.006,moyen
GN2025-03890,2025-06-11,2025,6,24,Kankan,Siguiri,soudano-guinéen,11.42000,-9.17000,30.39,26.79,33.58,1.69,37.65,124.57,74.63,9.68,6,51.11,0.526,6,0.006,faible
GN2025-03891,2025-03-29,2025,3,13,Kindia,Coyah,côtier,9.71000,-13.38000,29.55,24.67,35.07,0.53,3.54,116.59,55.78,11.88,0,41.20,0.164,5,0.006,faible
GN2025-03892,2025-12-27,2025,12,52,Kindia,Dubréka,côtier,9.79000,-13.52000,26.97,21.48,31.78,76.35,364.28,1144.37,84.45,11.13,7,98.00,1.000,16,0.018,eleve
GN2025-03893,2025-12-28,2025,12,52,Kindia,Forécariah,côtier,9.43000,-13.09000,27.20,23.33,30.68,8.14,40.49,693.55,77.10,8.04,7,95.94,0.642,7,0.008,eleve
GN2025-03894,2025-05-24,2025,5,21,Kindia,Kindia,côtier,10.06000,-12.87000,27.03,22.65,30.95,2.95,41.22,331.75,66.34,10.33,5,68.21,0.511,8,0.008,moyen
GN2025-03895,2025-01-01,2025,1,1,Kindia,Télimélé,soudano-guinéen,10.91000,-13.04000,29.18,25.31,32.23,0.48,0.48,0.48,61.16,11.81,0,43.98,0.068,2,0.002,faible
GN2025-03896,2025-12-20,2025,12,51,Labé,Koubia,montagneux,11.59000,-11.90000,25.18,20.12,28.94,0.90,11.86,381.94,71.85,8.00,3,62.40,0.187,10,0.009,faible
GN2025-03897,2025-10-13,2025,10,42,Labé,Labé,montagneux,11.32000,-12.29000,24.12,18.88,27.45,2.18,196.19,435.93,81.25,4.60,7,75.35,1.000,18,0.017,eleve
GN2025-03898,2025-05-27,2025,5,22,Labé,Lélouma,montagneux,11.18000,-12.48000,24.46,18.89,30.03,2.19,28.73,82.43,67.19,12.46,6,41.59,0.479,3,0.003,faible
GN2025-03899,2025-09-11,2025,9,37,Labé,Mali,montagneux,12.08000,-12.30000,25.08,21.78,28.80,1.45,49.17,406.66,77.47,6.35,4,77.64,0.530,8,0.007,faible
GN2025-03900,2025-07-04,2025,7,27,Labé,Tougué,montagneux,11.45000,-11.67000,25.36,19.91,30.40,2.43,66.06,276.21,67.15,5.84,5,57.66,0.592,10,0.009,moyen
GN2025-03901,2025-09-10,2025,9,37,Mamou,Dalaba,montagneux,10.69000,-12.25000,23.66,20.07,27.91,1.39,229.99,728.77,69.42,6.40,7,79.90,1.000,7,0.007,eleve
GN2025-03902,2025-01-16,2025,1,3,Mamou,Mamou,montagneux,10.38000,-12.09000,26.09,20.93,29.55,0.25,20.87,38.36,59.68,9.70,2,40.05,0.326,5,0.005,faible
GN2025-03903,2025-04-15,2025,4,16,Mamou,Pita,montagneux,11.06000,-12.40000,26.50,22.70,32.25,12.93,16.19,25.02,57.75,9.29,1,37.69,0.223,7,0.007,faible
GN2025-03904,2025-01-28,2025,1,5,Nzérékoré,Beyla,forestier,8.69000,-8.65000,27.31,22.88,32.84,0.13,23.44,55.92,56.62,10.42,1,39.12,0.242,3,0.003,faible
GN2025-03905,2025-11-18,2025,11,47,Nzérékoré,Guéckédou,forestier,8.57000,-10.13000,25.09,20.48,29.88,2.39,256.31,1039.58,70.74,10.43,6,96.33,1.000,17,0.019,eleve
GN2025-03906,2025-10-26,2025,10,43,Nzérékoré,Lola,forestier,7.80000,-8.53000,24.73,19.54,30.07,3.34,102.93,1084.67,76.04,8.34,6,98.00,0.814,11,0.012,eleve
GN2025-03907,2025-05-24,2025,5,21,Nzérékoré,Macenta,forestier,8.54000,-9.47000,25.57,21.45,29.21,2.76,29.07,367.64,70.96,8.11,6,58.45,0.529,4,0.004,moyen
GN2025-03908,2025-08-21,2025,8,34,Nzérékoré,Nzérékoré,forestier,7.76000,-8.82000,25.99,21.30,29.29,59.98,298.85,986.42,79.24,4.56,7,98.00,1.000,16,0.017,eleve
GN2025-03909,2025-09-09,2025,9,37,Nzérékoré,Yomou,forestier,7.56000,-9.31000,25.01,20.24,29.00,16.91,324.07,1342.96,74.56,9.64,7,98.00,1.000,9,0.010,eleve
GN2025-03910,2025-05-21,2025,5,21,Conakry,Conakry,côtier,9.54000,-13.68000,28.62,24.21,32.16,41.62,89.62,213.80,62.91,14.00,5,50.76,0.652,8,0.009,moyen
GN2025-03911,2025-06-26,2025,6,26,Boké,Boffa,côtier,10.18000,-14.04000,27.66,24.56,32.46,12.43,102.23,326.78,77.84,8.90,6,63.75,0.838,8,0.008,eleve
GN2025-03912,2025-05-22,2025,5,21,Boké,Boké,côtier,10.94000,-14.29000,29.17,26.07,32.96,2.92,43.70,230.92,70.83,12.61,7,62.74,0.576,1,0.001,faible
GN2025-03913,2025-12-05,2025,12,49,Boké,Fria,côtier,10.37000,-13.58000,28.66,25.52,32.70,19.93,74.43,517.32,84.40,9.27,7,70.13,0.807,7,0.007,moyen
GN2025-03914,2025-08-16,2025,8,33,Boké,Gaoual,soudano-guinéen,11.75000,-13.20000,27.05,22.08,31.55,10.14,47.00,359.92,81.45,8.85,4,65.83,0.509,10,0.010,moyen
GN2025-03915,2025-06-12,2025,6,24,Boké,Koundara,soudano-guinéen,12.48000,-13.30000,29.55,25.80,35.30,1.39,15.17,144.75,68.15,8.99,6,54.88,0.454,3,0.003,faible
GN2025-03916,2025-12-28,2025,12,52,Faranah,Dabola,soudano-guinéen,10.75000,-11.11000,27.84,23.49,32.42,1.76,46.39,202.95,75.65,9.62,6,56.09,0.561,6,0.006,moyen
GN2025-03917,2025-11-09,2025,11,45,Faranah,Dinguiraye,soudano-guinéen,11.30000,-10.72000,25.03,21.61,30.56,13.87,85.37,293.63,83.75,7.40,6,63.34,0.813,8,0.008,moyen
GN2025-03918,2025-11-07,2025,11,45,Faranah,Faranah,soudano-guinéen,10.04000,-10.74000,27.10,22.94,31.28,2.39,109.01,396.95,77.07,5.76,7,61.17,0.938,9,0.009,eleve
GN2025-03919,2025-02-14,2025,2,7,Faranah,Kissidougou,forestier,9.18000,-10.10000,27.46,23.07,32.06,0.61,2.75,11.28,57.70,11.82,0,41.61,0.061,4,0.004,faible
GN2025-03920,2025-12-11,2025,12,50,Kankan,Kankan,soudano-guinéen,10.39000,-9.31000,28.00,24.28,32.06,36.19,84.96,308.18,78.98,8.88,5,70.73,0.724,7,0.007,moyen
GN2025-03921,2025-01-11,2025,1,2,Kankan,Kérouané,forestier,9.27000,-9.01000,28.77,23.78,33.32,0.19,4.81,6.57,56.04,14.79,1,38.60,0.161,1,0.001,faible
GN2025-03922,2025-07-12,2025,7,28,Kankan,Kouroussa,soudano-guinéen,10.65000,-9.89000,29.19,25.79,33.27,32.56,91.54,355.10,78.07,10.40,7,53.81,0.847,10,0.010,moyen
GN2025-03923,2025-02-16,2025,2,7,Kankan,Mandiana,soudano-guinéen,10.63000,-8.68000,29.40,24.52,33.39,0.50,4.33,20.43,54.85,7.49,0,38.80,0.165,0,0.000,faible
GN2025-03924,2025-03-17,2025,3,12,Kankan,Siguiri,soudano-guinéen,11.42000,-9.17000,29.83,24.70,33.43,0.15,2.75,27.62,57.06,14.95,0,37.03,0.132,2,0.002,faible
GN2025-03925,2025-04-03,2025,4,14,Kindia,Coyah,côtier,9.71000,-13.38000,29.18,24.20,33.73,0.38,33.60,147.15,69.02,12.42,2,54.96,0.371,4,0.004,faible
GN2025-03926,2025-04-08,2025,4,15,Kindia,Dubréka,côtier,9.79000,-13.52000,28.36,23.08,32.01,0.13,3.28,16.22,66.49,10.36,0,43.26,0.072,4,0.004,faible
GN2025-03927,2025-04-16,2025,4,16,Kindia,Forécariah,côtier,9.43000,-13.09000,28.02,24.72,31.05,0.32,164.62,198.12,61.90,10.63,3,48.06,1.000,5,0.005,eleve
GN2025-03928,2025-07-16,2025,7,29,Kindia,Kindia,côtier,10.06000,-12.87000,26.41,23.37,31.65,22.94,135.64,708.77,78.14,7.26,6,77.74,1.000,10,0.011,eleve
GN2025-03929,2025-12-15,2025,12,51,Kindia,Télimélé,soudano-guinéen,10.91000,-13.04000,27.53,23.94,33.06,11.00,53.36,615.59,76.67,8.11,5,76.04,0.590,7,0.007,moyen
GN2025-03930,2025-10-31,2025,10,44,Labé,Koubia,montagneux,11.59000,-11.90000,24.59,19.16,30.33,22.43,93.75,569.92,78.85,9.36,6,84.18,0.808,3,0.003,moyen
GN2025-03931,2025-04-09,2025,4,15,Labé,Labé,montagneux,11.32000,-12.29000,26.49,22.80,32.28,0.73,2.42,90.55,63.01,6.62,0,37.20,0.104,1,0.001,faible
GN2025-03932,2025-06-16,2025,6,25,Labé,Lélouma,montagneux,11.18000,-12.48000,24.47,18.88,29.96,22.21,180.24,293.64,69.19,7.79,6,57.01,1.000,7,0.006,eleve
GN2025-03933,2025-09-26,2025,9,39,Labé,Mali,montagneux,12.08000,-12.30000,23.33,20.19,27.41,0.75,79.92,394.69,73.17,8.83,5,65.78,0.715,9,0.008,moyen
GN2025-03934,2025-01-12,2025,1,2,Labé,Tougué,montagneux,11.45000,-11.67000,26.21,20.74,30.94,0.32,38.47,40.34,54.52,6.73,2,43.56,0.324,2,0.002,faible
GN2025-03935,2025-10-19,2025,10,42,Mamou,Dalaba,montagneux,10.69000,-12.25000,23.68,19.70,27.15,0.01,65.42,526.49,73.14,5.85,6,70.37,0.722,6,0.006,moyen
GN2025-03936,2025-11-12,2025,11,46,Mamou,Mamou,montagneux,10.38000,-12.09000,25.24,21.85,28.65,2.41,80.78,425.46,74.06,3.33,7,69.15,0.854,7,0.007,moyen
GN2025-03937,2025-05-15,2025,5,20,Mamou,Pita,montagneux,11.06000,-12.40000,24.46,19.21,28.82,1.91,15.77,223.97,68.86,6.61,4,55.27,0.380,6,0.006,faible
GN2025-03938,2025-12-17,2025,12,51,Nzérékoré,Beyla,forestier,8.69000,-8.65000,25.74,22.55,29.46,28.79,127.58,542.29,81.52,8.12,7,74.74,1.000,13,0.013,eleve
GN2025-03939,2025-08-12,2025,8,33,Nzérékoré,Guéckédou,forestier,8.57000,-10.13000,26.26,22.54,29.63,5.43,319.58,1415.91,71.29,9.72,6,98.00,1.000,13,0.014,eleve
GN2025-03940,2025-11-03,2025,11,45,Nzérékoré,Lola,forestier,7.80000,-8.53000,25.02,20.74,28.05,52.16,203.49,952.86,84.33,10.13,6,98.00,1.000,12,0.013,eleve
GN2025-03941,2025-07-01,2025,7,27,Nzérékoré,Macenta,forestier,8.54000,-9.47000,26.15,22.44,30.73,27.35,212.23,777.33,83.92,6.77,7,90.98,1.000,6,0.006,eleve
GN2025-03942,2025-11-08,2025,11,45,Nzérékoré,Nzérékoré,forestier,7.76000,-8.82000,26.42,22.17,30.10,1.10,46.87,694.76,71.44,6.10,5,86.43,0.519,15,0.016,moyen
GN2025-03943,2025-05-10,2025,5,19,Nzérékoré,Yomou,forestier,7.56000,-9.31000,26.34,23.29,30.67,2.73,59.10,209.25,60.77,11.40,7,56.92,0.735,12,0.013,moyen
GN2025-03944,2025-09-02,2025,9,36,Conakry,Conakry,côtier,9.54000,-13.68000,27.01,22.42,31.32,51.95,225.61,986.47,78.41,11.63,7,97.89,1.000,8,0.009,eleve
GN2025-03945,2025-10-22,2025,10,43,Boké,Boffa,côtier,10.18000,-14.04000,26.79,22.91,32.49,21.26,142.28,695.31,76.96,8.67,7,89.89,1.000,11,0.011,eleve
GN2025-03946,2025-10-27,2025,10,44,Boké,Boké,côtier,10.94000,-14.29000,27.63,22.71,31.22,0.56,90.50,415.53,78.72,8.97,5,68.00,0.764,9,0.009,eleve
GN2025-03947,2025-09-13,2025,9,37,Boké,Fria,côtier,10.37000,-13.58000,28.34,24.93,33.79,15.62,65.76,608.43,76.47,9.92,6,72.68,0.711,6,0.006,moyen
GN2025-03948,2025-02-22,2025,2,8,Boké,Gaoual,soudano-guinéen,11.75000,-13.20000,30.23,26.42,34.61,0.08,2.85,13.79,56.10,8.19,0,36.49,0.081,0,0.000,faible
GN2025-03949,2025-07-25,2025,7,30,Boké,Koundara,soudano-guinéen,12.48000,-13.30000,27.99,23.95,33.41,2.53,9.62,80.11,73.23,11.59,4,45.64,0.326,3,0.003,faible
GN2025-03950,2025-08-06,2025,8,32,Faranah,Dabola,soudano-guinéen,10.75000,-11.11000,28.23,23.76,33.13,25.51,38.50,243.50,78.94,6.19,4,56.50,0.516,5,0.005,moyen
GN2025-03951,2025-09-07,2025,9,36,Faranah,Dinguiraye,soudano-guinéen,11.30000,-10.72000,26.95,23.18,31.79,83.53,207.83,463.60,83.60,5.77,6,71.98,1.000,14,0.013,eleve
GN2025-03952,2025-09-12,2025,9,37,Faranah,Faranah,soudano-guinéen,10.04000,-10.74000,27.23,21.77,30.27,0.37,34.62,405.52,68.65,5.85,5,61.18,0.485,7,0.007,moyen
GN2025-03953,2025-08-26,2025,8,35,Faranah,Kissidougou,forestier,9.18000,-10.10000,26.91,22.67,31.53,0.60,108.10,881.99,69.79,7.62,5,86.31,0.804,7,0.007,eleve
GN2025-03954,2025-08-11,2025,8,33,Kankan,Kankan,soudano-guinéen,10.39000,-9.31000,28.55,23.40,33.45,1.88,19.11,167.81,74.35,9.41,5,56.28,0.462,8,0.008,faible
GN2025-03955,2025-08-27,2025,8,35,Kankan,Kérouané,forestier,9.27000,-9.01000,27.80,24.04,33.32,3.99,172.41,513.31,74.16,4.12,7,78.63,1.000,10,0.010,eleve
GN2025-03956,2025-02-25,2025,2,9,Kankan,Kouroussa,soudano-guinéen,10.65000,-9.89000,29.18,25.55,33.34,0.60,2.86,33.01,55.23,10.55,0,34.35,0.076,5,0.005,faible
GN2025-03957,2025-11-12,2025,11,46,Kankan,Mandiana,soudano-guinéen,10.63000,-8.68000,29.00,23.95,34.43,12.22,75.17,315.43,73.90,9.19,7,61.07,0.777,5,0.005,moyen
GN2025-03958,2025-10-05,2025,10,40,Kankan,Siguiri,soudano-guinéen,11.42000,-9.17000,29.97,25.81,34.78,8.76,33.08,184.61,82.94,10.96,6,54.61,0.589,7,0.007,moyen
GN2025-03959,2025-04-26,2025,4,17,Kindia,Coyah,côtier,9.71000,-13.38000,28.17,23.51,32.70,38.29,127.44,177.19,59.75,10.41,6,42.94,0.940,10,0.011,moyen
GN2025-03960,2025-01-26,2025,1,4,Kindia,Dubréka,côtier,9.79000,-13.52000,28.29,23.92,33.13,0.05,31.27,38.94,63.63,3.30,1,34.12,0.299,6,0.007,faible
GN2025-03961,2025-01-04,2025,1,1,Kindia,Forécariah,côtier,9.43000,-13.09000,27.96,24.28,32.35,0.65,2.24,2.24,56.69,12.03,0,42.28,0.087,3,0.003,faible
GN2025-03962,2025-06-15,2025,6,24,Kindia,Kindia,côtier,10.06000,-12.87000,26.16,22.00,31.59,142.56,439.44,669.38,78.66,7.64,7,78.51,1.000,9,0.010,eleve
GN2025-03963,2025-08-19,2025,8,34,Kindia,Télimélé,soudano-guinéen,10.91000,-13.04000,26.50,21.65,30.11,35.85,104.56,446.63,77.56,8.20,5,70.07,0.814,13,0.013,moyen
GN2025-03964,2025-04-09,2025,4,15,Labé,Koubia,montagneux,11.59000,-11.90000,26.11,20.80,30.40,0.68,11.67,103.36,63.94,6.32,1,47.68,0.151,3,0.003,faible
GN2025-03965,2025-02-15,2025,2,7,Labé,Labé,montagneux,11.32000,-12.29000,25.54,21.30,31.22,0.26,2.22,65.76,59.57,10.33,0,47.33,0.103,2,0.002,faible
GN2025-03966,2025-01-15,2025,1,3,Labé,Lélouma,montagneux,11.18000,-12.48000,25.13,21.76,29.34,15.87,17.90,21.31,59.44,14.22,1,33.56,0.283,1,0.001,faible
GN2025-03967,2025-08-04,2025,8,32,Labé,Mali,montagneux,12.08000,-12.30000,24.48,20.50,28.65,52.63,99.86,371.90,76.15,12.52,7,63.94,0.946,10,0.009,moyen
GN2025-03968,2025-09-06,2025,9,36,Labé,Tougué,montagneux,11.45000,-11.67000,26.01,21.61,30.02,23.22,110.07,556.18,80.62,8.04,6,78.42,0.930,12,0.011,eleve
GN2025-03969,2025-09-15,2025,9,38,Mamou,Dalaba,montagneux,10.69000,-12.25000,24.58,21.48,28.42,2.95,159.94,747.97,79.66,4.13,6,87.71,1.000,13,0.012,eleve
GN2025-03970,2025-02-16,2025,2,7,Mamou,Mamou,montagneux,10.38000,-12.09000,26.27,22.40,30.80,0.09,1.55,29.82,57.08,6.06,0,37.97,0.059,3,0.003,faible
GN2025-03971,2025-11-17,2025,11,47,Mamou,Pita,montagneux,11.06000,-12.40000,24.58,20.47,28.72,26.93,75.47,382.61,79.26,8.18,5,69.66,0.727,9,0.008,moyen
GN2025-03972,2025-02-25,2025,2,9,Nzérékoré,Beyla,forestier,8.69000,-8.65000,27.18,22.44,32.47,19.34,20.96,78.18,58.95,10.93,1,46.18,0.231,4,0.004,faible
GN2025-03973,2025-10-23,2025,10,43,Nzérékoré,Guéckédou,forestier,8.57000,-10.13000,25.27,21.87,29.08,19.15,197.02,870.26,76.57,8.57,7,92.55,1.000,12,0.013,eleve
GN2025-03974,2025-06-05,2025,6,23,Nzérékoré,Lola,forestier,7.80000,-8.53000,26.12,21.60,31.29,118.02,347.66,617.42,85.10,9.36,7,76.62,1.000,12,0.013,eleve
GN2025-03975,2025-01-03,2025,1,1,Nzérékoré,Macenta,forestier,8.54000,-9.47000,26.14,21.84,30.65,0.30,0.99,0.99,61.83,9.88,0,42.01,0.111,3,0.003,faible
GN2025-03976,2025-08-20,2025,8,34,Nzérékoré,Nzérékoré,forestier,7.76000,-8.82000,25.61,22.46,30.21,35.66,261.98,973.94,74.27,9.06,7,98.00,1.000,14,0.015,eleve
GN2025-03977,2025-08-10,2025,8,32,Nzérékoré,Yomou,forestier,7.56000,-9.31000,25.84,20.40,28.89,34.06,326.97,1046.58,79.26,9.74,7,98.00,1.000,17,0.018,eleve
GN2025-03978,2025-01-30,2025,1,5,Conakry,Conakry,côtier,9.54000,-13.68000,27.94,23.10,31.38,0.05,2.75,64.33,60.21,11.21,0,42.69,0.071,4,0.005,faible
GN2025-03979,2025-01-02,2025,1,1,Boké,Boffa,côtier,10.18000,-14.04000,29.29,23.74,32.57,1.05,3.06,3.06,57.69,9.26,2,44.14,0.197,1,0.001,faible
GN2025-03980,2025-04-28,2025,4,18,Boké,Boké,côtier,10.94000,-14.29000,29.38,24.44,35.16,17.77,63.82,86.35,59.81,8.52,4,43.39,0.556,3,0.003,faible
GN2025-03981,2025-12-02,2025,12,49,Boké,Fria,côtier,10.37000,-13.58000,28.78,24.73,31.96,32.96,96.93,600.36,73.74,5.05,7,83.61,0.880,11,0.011,eleve
GN2025-03982,2025-02-27,2025,2,9,Boké,Gaoual,soudano-guinéen,11.75000,-13.20000,29.27,26.23,33.64,0.72,6.00,13.25,60.65,12.63,1,40.28,0.130,6,0.006,faible
GN2025-03983,2025-11-09,2025,11,45,Boké,Koundara,soudano-guinéen,12.48000,-13.30000,28.96,24.15,34.42,22.99,64.60,163.21,75.75,10.14,5,57.35,0.658,8,0.007,moyen
GN2025-03984,2025-10-28,2025,10,44,Faranah,Dabola,soudano-guinéen,10.75000,-11.11000,28.07,23.27,32.50,1.52,50.69,416.93,80.76,12.70,5,65.97,0.585,4,0.004,moyen
GN2025-03985,2025-05-09,2025,5,19,Faranah,Dinguiraye,soudano-guinéen,11.30000,-10.72000,27.67,24.04,31.78,1.89,65.97,87.95,60.73,7.57,4,46.33,0.545,5,0.005,faible
GN2025-03986,2025-07-11,2025,7,28,Faranah,Faranah,soudano-guinéen,10.04000,-10.74000,27.51,22.03,31.78,0.10,74.33,391.41,69.67,7.79,4,62.29,0.622,6,0.006,moyen
GN2025-03987,2025-02-22,2025,2,8,Faranah,Kissidougou,forestier,9.18000,-10.10000,28.12,22.95,32.11,0.05,41.13,49.76,49.87,8.73,1,35.84,0.304,7,0.007,faible
GN2025-03988,2025-01-14,2025,1,3,Kankan,Kankan,soudano-guinéen,10.39000,-9.31000,31.12,26.03,34.56,0.38,2.83,4.80,59.47,12.28,0,36.49,0.123,0,0.000,faible
GN2025-03989,2025-02-18,2025,2,8,Kankan,Kérouané,forestier,9.27000,-9.01000,29.69,25.36,34.41,0.15,3.02,17.88,58.26,9.83,0,31.63,0.088,4,0.004,faible
GN2025-03990,2025-08-25,2025,8,35,Kankan,Kouroussa,soudano-guinéen,10.65000,-9.89000,28.64,25.33,34.25,7.44,83.73,241.33,71.88,8.43,6,45.59,0.712,6,0.006,moyen
GN2025-03991,2025-02-02,2025,2,5,Kankan,Mandiana,soudano-guinéen,10.63000,-8.68000,28.77,23.36,31.91,0.78,3.33,58.80,51.67,7.17,0,35.74,0.127,1,0.001,faible
GN2025-03992,2025-10-08,2025,10,41,Kankan,Siguiri,soudano-guinéen,11.42000,-9.17000,29.70,26.14,34.99,8.34,60.22,213.04,77.33,7.39,7,59.45,0.666,9,0.008,moyen
GN2025-03993,2025-11-29,2025,11,48,Kindia,Coyah,côtier,9.71000,-13.38000,25.77,20.72,31.42,30.87,250.27,713.13,76.62,9.79,7,92.71,1.000,12,0.013,eleve
GN2025-03994,2025-02-14,2025,2,7,Kindia,Dubréka,côtier,9.79000,-13.52000,29.35,24.24,35.07,0.77,3.86,119.89,57.78,11.79,0,43.86,0.094,3,0.003,faible
GN2025-03995,2025-01-07,2025,1,2,Kindia,Forécariah,côtier,9.43000,-13.09000,28.74,24.70,33.64,0.66,3.86,3.86,56.37,10.50,0,29.51,0.084,3,0.003,faible
GN2025-03996,2025-07-27,2025,7,30,Kindia,Kindia,côtier,10.06000,-12.87000,27.63,24.30,31.34,68.09,237.23,904.76,86.32,5.12,7,95.28,1.000,13,0.014,eleve
GN2025-03997,2025-09-19,2025,9,38,Kindia,Télimélé,soudano-guinéen,10.91000,-13.04000,27.23,23.44,32.77,1.31,298.70,632.15,75.11,7.52,7,84.50,1.000,8,0.008,eleve
GN2025-03998,2025-12-24,2025,12,52,Labé,Koubia,montagneux,11.59000,-11.90000,24.02,20.79,27.13,24.08,29.57,349.48,91.28,5.41,2,71.58,0.405,6,0.005,moyen
GN2025-03999,2025-10-23,2025,10,43,Labé,Labé,montagneux,11.32000,-12.29000,24.48,20.31,30.16,10.27,147.08,423.74,79.27,7.32,7,72.71,1.000,14,0.013,moyen
GN2025-04000,2025-01-06,2025,1,2,Labé,Lélouma,montagneux,11.18000,-12.48000,25.41,21.39,28.85,0.56,2.65,2.65,53.07,9.35,0,42.14,0.121,1,0.001,faible
GN2025-04001,2025-01-29,2025,1,5,Labé,Mali,montagneux,12.08000,-12.30000,24.70,21.18,27.80,0.54,3.08,35.67,58.09,14.40,0,38.34,0.059,3,0.003,faible
GN2025-04002,2025-11-29,2025,11,48,Labé,Tougué,montagneux,11.45000,-11.67000,23.54,18.79,29.18,10.70,116.60,426.00,75.73,11.33,7,70.38,0.981,15,0.014,moyen
GN2025-04003,2025-04-17,2025,4,16,Mamou,Dalaba,montagneux,10.69000,-12.25000,25.21,20.73,29.05,0.75,23.28,60.73,62.65,11.48,1,45.61,0.228,5,0.005,faible
GN2025-04004,2025-09-07,2025,9,36,Mamou,Mamou,montagneux,10.38000,-12.09000,23.76,20.04,28.41,1.63,125.08,459.33,74.60,6.82,7,76.06,0.921,8,0.008,eleve
GN2025-04005,2025-11-12,2025,11,46,Mamou,Pita,montagneux,11.06000,-12.40000,24.18,19.62,28.21,0.61,120.96,351.15,72.17,6.65,4,71.42,0.775,2,0.002,moyen
GN2025-04006,2025-07-13,2025,7,28,Nzérékoré,Beyla,forestier,8.69000,-8.65000,26.06,20.66,31.01,18.34,149.12,504.25,72.73,3.99,6,70.99,1.000,14,0.014,eleve
GN2025-04007,2025-10-21,2025,10,43,Nzérékoré,Guéckédou,forestier,8.57000,-10.13000,26.29,20.88,31.14,38.87,153.87,906.57,79.00,7.18,7,97.74,1.000,20,0.022,eleve
GN2025-04008,2025-03-22,2025,3,12,Nzérékoré,Lola,forestier,7.80000,-8.53000,27.65,22.14,32.67,0.58,26.65,131.12,70.64,10.99,2,54.22,0.334,8,0.008,faible
GN2025-04009,2025-11-27,2025,11,48,Nzérékoré,Macenta,forestier,8.54000,-9.47000,25.25,19.86,29.61,25.08,360.65,1333.03,79.47,9.17,7,98.00,1.000,15,0.016,eleve
GN2025-04010,2025-02-03,2025,2,6,Nzérékoré,Nzérékoré,forestier,7.76000,-8.82000,26.54,22.84,30.02,0.70,2.58,51.82,66.80,15.50,0,45.43,0.135,4,0.004,faible
GN2025-04011,2025-06-25,2025,6,26,Nzérékoré,Yomou,forestier,7.56000,-9.31000,26.38,22.91,31.68,38.68,351.13,772.80,77.09,8.16,7,98.00,1.000,16,0.017,eleve
GN2025-04012,2025-09-24,2025,9,39,Conakry,Conakry,côtier,9.54000,-13.68000,27.83,23.31,33.46,16.25,176.79,976.71,79.08,7.21,7,97.21,1.000,17,0.020,eleve
GN2025-04013,2025-08-04,2025,8,32,Boké,Boffa,côtier,10.18000,-14.04000,27.32,24.21,31.93,37.14,116.69,713.19,76.01,8.59,5,80.57,0.904,17,0.018,eleve
GN2025-04014,2025-06-05,2025,6,23,Boké,Boké,côtier,10.94000,-14.29000,27.98,22.54,31.12,27.29,108.86,267.84,75.68,13.02,6,54.17,0.838,5,0.005,moyen
GN2025-04015,2025-03-17,2025,3,12,Boké,Fria,côtier,10.37000,-13.58000,28.63,23.54,32.94,0.43,10.93,89.63,60.69,11.51,1,44.44,0.201,2,0.002,faible
GN2025-04016,2025-01-21,2025,1,4,Boké,Gaoual,soudano-guinéen,11.75000,-13.20000,29.68,25.74,33.06,0.01,5.95,70.99,61.05,6.42,1,37.44,0.195,2,0.002,faible
GN2025-04017,2025-11-02,2025,11,44,Boké,Koundara,soudano-guinéen,12.48000,-13.30000,29.24,26.16,34.45,0.86,15.12,177.73,80.28,5.45,5,61.33,0.422,8,0.007,faible
GN2025-04018,2025-04-15,2025,4,16,Faranah,Dabola,soudano-guinéen,10.75000,-11.11000,29.47,25.82,34.09,18.06,19.92,51.06,68.81,10.82,1,47.59,0.199,5,0.005,faible
GN2025-04019,2025-06-15,2025,6,24,Faranah,Dinguiraye,soudano-guinéen,11.30000,-10.72000,28.01,23.22,33.33,2.90,89.74,400.28,68.39,9.69,6,58.72,0.790,8,0.008,moyen
GN2025-04020,2025-08-19,2025,8,34,Faranah,Faranah,soudano-guinéen,10.04000,-10.74000,27.73,23.60,32.26,0.83,110.02,460.75,69.20,8.62,6,65.22,0.838,16,0.016,moyen
GN2025-04021,2025-06-28,2025,6,26,Faranah,Kissidougou,forestier,9.18000,-10.10000,25.83,20.41,31.53,77.26,246.23,637.25,75.24,9.85,7,85.66,1.000,16,0.017,eleve
GN2025-04022,2025-01-22,2025,1,4,Kankan,Kankan,soudano-guinéen,10.39000,-9.31000,30.72,26.86,35.26,0.28,3.23,8.47,58.69,13.21,0,32.50,0.065,4,0.004,faible
GN2025-04023,2025-10-26,2025,10,43,Kankan,Kérouané,forestier,9.27000,-9.01000,26.15,22.72,31.91,2.27,113.68,744.50,74.68,8.17,6,88.40,0.869,6,0.006,eleve
GN2025-04024,2025-09-25,2025,9,39,Kankan,Kouroussa,soudano-guinéen,10.65000,-9.89000,28.41,25.13,33.35,18.35,50.25,288.82,85.55,9.55,4,64.50,0.544,7,0.007,moyen
GN2025-04025,2025-01-23,2025,1,4,Kankan,Mandiana,soudano-guinéen,10.63000,-8.68000,29.42,24.55,34.14,0.63,10.13,55.58,56.70,10.68,1,46.60,0.185,0,0.000,faible
GN2025-04026,2025-06-28,2025,6,26,Kankan,Siguiri,soudano-guinéen,11.42000,-9.17000,28.99,25.80,33.73,2.69,16.55,172.63,73.48,13.31,4,61.40,0.322,4,0.004,faible
GN2025-04027,2025-07-23,2025,7,30,Kindia,Coyah,côtier,9.71000,-13.38000,27.87,23.79,32.05,13.78,199.52,737.05,82.40,7.27,5,82.48,1.000,11,0.012,eleve
GN2025-04028,2025-12-20,2025,12,51,Kindia,Dubréka,côtier,9.79000,-13.52000,27.28,22.60,30.92,39.82,259.46,899.98,78.11,4.61,7,98.00,1.000,10,0.011,eleve
GN2025-04029,2025-10-21,2025,10,43,Kindia,Forécariah,côtier,9.43000,-13.09000,26.51,22.18,31.33,1.10,304.81,1090.87,83.68,8.90,7,98.00,1.000,11,0.012,eleve
GN2025-04030,2025-07-08,2025,7,28,Kindia,Kindia,côtier,10.06000,-12.87000,26.56,22.65,29.62,9.83,146.27,1100.60,72.67,6.21,7,98.00,1.000,10,0.011,eleve
GN2025-04031,2025-12-02,2025,12,49,Kindia,Télimélé,soudano-guinéen,10.91000,-13.04000,26.72,21.19,32.06,14.38,77.54,828.76,80.39,8.40,4,91.19,0.674,10,0.010,eleve
GN2025-04032,2025-11-01,2025,11,44,Labé,Koubia,montagneux,11.59000,-11.90000,24.21,18.97,29.83,2.16,93.69,569.20,78.08,7.95,6,82.05,0.806,16,0.015,moyen
GN2025-04033,2025-07-13,2025,7,28,Labé,Labé,montagneux,11.32000,-12.29000,24.26,19.11,29.94,0.44,87.42,385.58,72.04,10.89,5,64.88,0.683,7,0.007,moyen
GN2025-04034,2025-06-04,2025,6,23,Labé,Lélouma,montagneux,11.18000,-12.48000,24.07,19.03,27.59,5.43,22.08,96.72,73.07,3.23,6,41.69,0.446,3,0.003,faible
GN2025-04035,2025-12-17,2025,12,51,Labé,Mali,montagneux,12.08000,-12.30000,24.14,18.56,29.81,24.52,95.80,280.28,69.40,8.08,6,47.74,0.788,8,0.007,moyen
GN2025-04036,2025-03-15,2025,3,11,Labé,Tougué,montagneux,11.45000,-11.67000,26.01,21.10,30.28,0.08,11.32,51.46,52.92,9.76,1,45.42,0.126,3,0.003,faible
GN2025-04037,2025-05-04,2025,5,18,Mamou,Dalaba,montagneux,10.69000,-12.25000,24.59,21.02,28.67,0.71,58.90,113.44,60.72,11.27,2,50.89,0.453,2,0.002,faible
GN2025-04038,2025-09-13,2025,9,37,Mamou,Mamou,montagneux,10.38000,-12.09000,24.14,19.70,29.13,57.22,86.05,456.34,89.59,7.40,6,75.51,0.804,5,0.005,moyen
GN2025-04039,2025-03-18,2025,3,12,Mamou,Pita,montagneux,11.06000,-12.40000,25.54,21.97,29.21,0.49,27.91,84.25,61.91,9.70,1,49.38,0.261,4,0.004,faible
GN2025-04040,2025-11-22,2025,11,47,Nzérékoré,Beyla,forestier,8.69000,-8.65000,27.40,22.00,31.82,0.63,99.63,722.12,69.71,9.89,5,76.91,0.748,9,0.009,eleve
GN2025-04041,2025-01-04,2025,1,1,Nzérékoré,Guéckédou,forestier,8.57000,-10.13000,27.82,24.17,32.36,0.17,1.87,1.87,57.39,10.46,0,31.46,0.083,0,0.000,faible
GN2025-04042,2025-03-20,2025,3,12,Nzérékoré,Lola,forestier,7.80000,-8.53000,27.81,23.42,33.37,11.34,13.82,118.93,62.15,7.05,1,52.83,0.205,5,0.005,faible
GN2025-04043,2025-12-06,2025,12,49,Nzérékoré,Macenta,forestier,8.54000,-9.47000,25.79,22.24,30.55,62.54,199.74,1310.27,79.78,4.01,7,98.00,1.000,10,0.011,eleve
GN2025-04044,2025-11-24,2025,11,48,Nzérékoré,Nzérékoré,forestier,7.76000,-8.82000,25.11,20.27,28.70,23.69,141.54,490.49,73.56,5.19,7,63.49,1.000,11,0.012,eleve
GN2025-04045,2025-06-21,2025,6,25,Nzérékoré,Yomou,forestier,7.56000,-9.31000,25.61,20.10,30.69,96.44,405.93,717.40,87.81,10.29,7,90.80,1.000,18,0.019,eleve
GN2025-04046,2025-07-09,2025,7,28,Conakry,Conakry,côtier,9.54000,-13.68000,28.81,23.46,32.79,46.29,120.23,805.36,87.42,10.62,5,96.06,0.946,12,0.014,eleve
GN2025-04047,2025-07-02,2025,7,27,Boké,Boffa,côtier,10.18000,-14.04000,26.80,22.35,29.87,73.20,104.03,334.67,82.83,9.15,6,71.34,0.878,7,0.007,eleve
GN2025-04048,2025-01-24,2025,1,4,Boké,Boké,côtier,10.94000,-14.29000,29.21,23.71,33.65,0.65,16.45,22.55,59.94,11.50,1,26.63,0.224,5,0.005,faible
GN2025-04049,2025-01-27,2025,1,5,Boké,Fria,côtier,10.37000,-13.58000,28.88,25.13,32.23,0.50,12.45,51.64,58.52,9.48,2,36.23,0.204,3,0.003,faible
GN2025-04050,2025-01-24,2025,1,4,Boké,Gaoual,soudano-guinéen,11.75000,-13.20000,30.43,25.41,36.04,4.58,22.10,91.40,59.15,11.99,2,43.35,0.290,5,0.005,faible
GN2025-04051,2025-03-30,2025,3,13,Boké,Koundara,soudano-guinéen,12.48000,-13.30000,30.24,27.10,33.66,0.14,1.71,10.76,57.08,12.54,0,41.62,0.109,6,0.006,faible
GN2025-04052,2025-06-02,2025,6,23,Faranah,Dabola,soudano-guinéen,10.75000,-11.11000,28.18,24.60,32.97,2.60,70.55,164.33,65.64,9.89,5,49.36,0.655,6,0.006,moyen
GN2025-04053,2025-12-02,2025,12,49,Faranah,Dinguiraye,soudano-guinéen,11.30000,-10.72000,27.31,23.03,32.70,2.51,22.16,171.14,83.71,8.00,5,60.52,0.444,15,0.014,moyen
GN2025-04054,2025-02-11,2025,2,7,Faranah,Faranah,soudano-guinéen,10.04000,-10.74000,29.52,24.11,33.87,0.22,16.83,59.61,60.74,8.96,1,36.48,0.201,1,0.001,faible
GN2025-04055,2025-01-26,2025,1,4,Faranah,Kissidougou,forestier,9.18000,-10.10000,27.70,23.71,31.40,0.69,2.55,11.07,60.78,9.72,0,35.05,0.128,5,0.005,faible
GN2025-04056,2025-08-24,2025,8,34,Kankan,Kankan,soudano-guinéen,10.39000,-9.31000,28.16,22.87,33.79,2.99,95.12,223.36,83.04,7.33,6,58.82,0.844,10,0.010,moyen
GN2025-04057,2025-12-08,2025,12,50,Kankan,Kérouané,forestier,9.27000,-9.01000,26.97,22.38,32.07,52.80,77.63,692.99,83.58,7.72,4,77.95,0.685,11,0.011,eleve
GN2025-04058,2025-07-07,2025,7,28,Kankan,Kouroussa,soudano-guinéen,10.65000,-9.89000,28.91,25.68,33.66,2.58,35.87,352.31,77.29,8.28,6,66.26,0.520,2,0.002,moyen
GN2025-04059,2025-08-21,2025,8,34,Kankan,Mandiana,soudano-guinéen,10.63000,-8.68000,28.71,23.82,33.47,1.55,62.71,191.87,81.69,7.33,7,53.19,0.748,5,0.005,moyen
GN2025-04060,2025-03-25,2025,3,13,Kankan,Siguiri,soudano-guinéen,11.42000,-9.17000,30.48,27.37,35.46,0.21,7.26,22.06,59.17,8.46,1,31.55,0.188,2,0.002,faible
GN2025-04061,2025-05-17,2025,5,20,Kindia,Coyah,côtier,9.71000,-13.38000,28.20,23.32,32.18,0.32,23.42,192.83,69.03,10.50,5,44.28,0.378,4,0.004,faible
GN2025-04062,2025-12-20,2025,12,51,Kindia,Dubréka,côtier,9.79000,-13.52000,27.28,22.60,30.92,39.82,259.46,899.98,78.11,4.61,7,93.89,1.000,11,0.012,eleve
GN2025-04063,2025-08-08,2025,8,32,Kindia,Forécariah,côtier,9.43000,-13.09000,27.29,24.17,30.56,14.97,226.89,1210.08,71.48,8.81,6,98.00,1.000,17,0.018,eleve
GN2025-04064,2025-09-21,2025,9,38,Kindia,Kindia,côtier,10.06000,-12.87000,26.99,21.83,32.25,35.23,288.27,1204.19,82.05,6.81,7,98.00,1.000,13,0.014,eleve
GN2025-04065,2025-07-30,2025,7,31,Kindia,Télimélé,soudano-guinéen,10.91000,-13.04000,26.52,22.00,32.26,20.31,70.96,510.93,81.86,9.41,6,75.00,0.849,9,0.009,eleve
GN2025-04066,2025-10-13,2025,10,42,Labé,Koubia,montagneux,11.59000,-11.90000,24.02,19.04,28.97,28.61,117.24,370.70,75.68,5.51,7,68.61,0.922,3,0.003,moyen
GN2025-04067,2025-07-21,2025,7,30,Labé,Labé,montagneux,11.32000,-12.29000,24.07,18.74,28.28,2.81,174.87,424.99,73.11,8.47,5,70.56,1.000,9,0.008,eleve
GN2025-04068,2025-03-29,2025,3,13,Labé,Lélouma,montagneux,11.18000,-12.48000,24.75,19.51,27.88,0.03,40.74,66.74,60.02,7.21,2,42.14,0.396,2,0.002,faible
GN2025-04069,2025-09-12,2025,9,37,Labé,Mali,montagneux,12.08000,-12.30000,24.22,18.94,27.29,1.20,50.01,406.96,69.98,12.71,5,63.27,0.512,11,0.010,faible
GN2025-04070,2025-04-16,2025,4,16,Labé,Tougué,montagneux,11.45000,-11.67000,26.16,20.77,29.58,0.64,4.98,31.21,58.32,11.35,1,41.80,0.116,3,0.003,faible
GN2025-04071,2025-07-08,2025,7,28,Mamou,Dalaba,montagneux,10.69000,-12.25000,25.31,19.96,30.67,14.66,81.76,254.95,74.86,8.76,6,56.58,0.774,8,0.007,moyen
GN2025-04072,2025-10-12,2025,10,41,Mamou,Mamou,montagneux,10.38000,-12.09000,24.80,20.25,30.44,19.37,115.83,544.72,85.60,11.22,7,88.00,0.985,11,0.010,eleve
GN2025-04073,2025-08-18,2025,8,34,Mamou,Pita,montagneux,11.06000,-12.40000,24.94,19.46,30.37,5.47,117.06,539.92,83.42,4.22,7,65.05,0.967,13,0.012,eleve
GN2025-04074,2025-01-06,2025,1,2,Nzérékoré,Beyla,forestier,8.69000,-8.65000,26.60,22.09,30.26,0.37,14.60,14.60,65.47,12.06,1,39.74,0.200,4,0.004,faible
GN2025-04075,2025-08-15,2025,8,33,Nzérékoré,Guéckédou,forestier,8.57000,-10.13000,25.48,19.99,29.88,21.81,135.01,1268.10,78.99,9.19,6,98.00,0.984,10,0.011,eleve
GN2025-04076,2025-02-06,2025,2,6,Nzérékoré,Lola,forestier,7.80000,-8.53000,25.96,21.37,28.99,0.80,3.65,12.49,63.46,15.10,0,45.39,0.106,1,0.001,faible
GN2025-04077,2025-10-05,2025,10,40,Nzérékoré,Macenta,forestier,8.54000,-9.47000,25.09,21.32,29.11,32.13,282.98,1149.47,74.76,8.91,6,98.00,1.000,11,0.012,eleve
GN2025-04078,2025-09-11,2025,9,37,Nzérékoré,Nzérékoré,forestier,7.76000,-8.82000,26.05,21.26,29.95,30.91,230.93,934.75,77.97,2.46,7,98.00,1.000,16,0.017,eleve
GN2025-04079,2025-02-28,2025,2,9,Nzérékoré,Yomou,forestier,7.56000,-9.31000,27.45,22.47,32.43,28.58,63.71,130.65,60.51,13.57,2,43.88,0.467,7,0.007,faible
GN2025-04080,2025-05-14,2025,5,20,Conakry,Conakry,côtier,9.54000,-13.68000,28.59,23.52,33.82,16.33,73.83,171.37,75.63,9.41,5,54.92,0.692,14,0.016,moyen
GN2025-04081,2025-03-22,2025,3,12,Boké,Boffa,côtier,10.18000,-14.04000,29.34,24.08,35.02,6.93,24.41,78.20,57.25,14.19,2,37.43,0.243,4,0.004,faible
GN2025-04082,2025-11-04,2025,11,45,Boké,Boké,côtier,10.94000,-14.29000,27.64,23.35,32.99,1.30,67.56,402.91,72.65,8.04,7,66.27,0.721,8,0.008,moyen
GN2025-04083,2025-03-29,2025,3,13,Boké,Fria,côtier,10.37000,-13.58000,28.96,25.10,34.34,24.99,27.94,132.98,60.30,10.49,2,34.69,0.295,4,0.004,faible
GN2025-04084,2025-06-05,2025,6,23,Boké,Gaoual,soudano-guinéen,11.75000,-13.20000,27.97,23.70,31.31,0.14,29.08,69.80,69.10,12.29,4,43.93,0.417,7,0.007,faible
GN2025-04085,2025-09-01,2025,9,36,Boké,Koundara,soudano-guinéen,12.48000,-13.30000,27.96,23.64,33.32,0.94,61.09,248.96,74.91,10.56,5,56.37,0.612,4,0.004,moyen
GN2025-04086,2025-10-12,2025,10,41,Faranah,Dabola,soudano-guinéen,10.75000,-11.11000,27.40,23.40,30.49,2.27,43.71,472.97,73.43,9.53,7,77.99,0.600,5,0.005,moyen
GN2025-04087,2025-02-14,2025,2,7,Faranah,Dinguiraye,soudano-guinéen,11.30000,-10.72000,28.31,24.37,31.34,0.79,2.97,30.76,50.70,8.75,0,36.46,0.053,4,0.004,faible
GN2025-04088,2025-08-28,2025,8,35,Faranah,Faranah,soudano-guinéen,10.04000,-10.74000,27.78,23.21,31.27,55.74,140.70,594.39,71.05,6.18,7,80.50,1.000,11,0.011,eleve
GN2025-04089,2025-02-24,2025,2,9,Faranah,Kissidougou,forestier,9.18000,-10.10000,28.64,23.93,31.67,0.27,40.96,50.25,54.77,11.29,1,43.67,0.319,9,0.009,faible
GN2025-04090,2025-11-28,2025,11,48,Kankan,Kankan,soudano-guinéen,10.39000,-9.31000,27.86,23.07,32.23,2.66,18.13,192.21,76.42,10.67,6,60.33,0.501,7,0.007,faible
GN2025-04091,2025-08-29,2025,8,35,Kankan,Kérouané,forestier,9.27000,-9.01000,28.28,24.40,32.29,0.49,180.21,534.34,74.50,6.60,6,80.10,1.000,10,0.010,eleve
GN2025-04092,2025-07-06,2025,7,27,Kankan,Kouroussa,soudano-guinéen,10.65000,-9.89000,29.39,25.30,32.43,8.36,95.97,352.07,82.07,10.20,6,61.65,0.809,7,0.007,moyen
GN2025-04093,2025-01-03,2025,1,1,Kankan,Mandiana,soudano-guinéen,10.63000,-8.68000,30.38,27.30,35.98,0.77,1.25,1.25,51.96,13.31,0,32.02,0.024,3,0.003,faible
GN2025-04094,2025-01-13,2025,1,3,Kankan,Siguiri,soudano-guinéen,11.42000,-9.17000,31.34,26.40,35.32,0.04,11.02,13.96,54.66,12.27,2,43.61,0.171,3,0.003,faible
GN2025-04095,2025-12-24,2025,12,52,Kindia,Coyah,côtier,9.71000,-13.38000,26.75,23.58,31.55,2.69,365.86,1067.49,73.69,4.18,7,98.00,1.000,11,0.012,eleve
GN2025-04096,2025-08-28,2025,8,35,Kindia,Dubréka,côtier,9.79000,-13.52000,26.33,21.08,31.63,1.72,249.84,1020.42,75.10,3.24,6,98.00,1.000,12,0.013,eleve
GN2025-04097,2025-10-13,2025,10,42,Kindia,Forécariah,côtier,9.43000,-13.09000,26.60,21.67,30.87,0.67,63.91,931.34,80.35,6.72,5,97.94,0.675,12,0.013,eleve
GN2025-04098,2025-07-11,2025,7,28,Kindia,Kindia,côtier,10.06000,-12.87000,26.91,22.31,32.34,0.58,144.17,1133.45,76.11,9.33,6,98.00,0.960,10,0.011,eleve
GN2025-04099,2025-12-15,2025,12,51,Kindia,Télimélé,soudano-guinéen,10.91000,-13.04000,27.53,23.94,33.06,11.00,53.36,615.59,76.67,8.11,5,85.01,0.570,9,0.009,moyen
GN2025-04100,2025-05-05,2025,5,19,Labé,Koubia,montagneux,11.59000,-11.90000,25.34,20.40,29.10,1.59,36.00,83.89,62.94,9.97,3,43.16,0.372,3,0.003,faible
GN2025-04101,2025-05-05,2025,5,19,Labé,Labé,montagneux,11.32000,-12.29000,25.06,20.20,30.10,2.75,18.26,73.34,64.64,9.64,2,40.23,0.255,4,0.004,faible
GN2025-04102,2025-08-17,2025,8,33,Labé,Lélouma,montagneux,11.18000,-12.48000,24.09,20.86,28.65,2.14,49.36,458.36,77.46,9.43,6,67.38,0.651,12,0.011,moyen
GN2025-04103,2025-07-25,2025,7,30,Labé,Mali,montagneux,12.08000,-12.30000,25.07,19.89,29.39,2.63,116.81,343.14,78.13,10.54,5,69.29,0.924,7,0.006,moyen
GN2025-04104,2025-03-10,2025,3,11,Labé,Tougué,montagneux,11.45000,-11.67000,25.03,19.57,29.61,0.26,2.01,48.75,55.01,8.78,0,45.57,0.101,3,0.003,faible
GN2025-04105,2025-12-04,2025,12,49,Mamou,Dalaba,montagneux,10.69000,-12.25000,25.57,21.05,31.21,65.56,191.24,662.03,93.18,11.01,6,74.23,1.000,6,0.006,eleve
GN2025-04106,2025-09-08,2025,9,37,Mamou,Mamou,montagneux,10.38000,-12.09000,24.79,21.02,28.41,1.80,106.02,460.57,76.92,7.11,7,67.62,0.843,8,0.008,moyen
GN2025-04107,2025-11-13,2025,11,46,Mamou,Pita,montagneux,11.06000,-12.40000,23.16,20.13,27.50,2.46,32.80,315.93,78.06,5.73,4,69.13,0.394,6,0.006,faible
GN2025-04108,2025-09-20,2025,9,38,Nzérékoré,Beyla,forestier,8.69000,-8.65000,25.71,22.06,30.14,17.18,161.64,677.56,81.73,9.14,6,83.17,1.000,12,0.012,eleve
GN2025-04109,2025-08-31,2025,8,35,Nzérékoré,Guéckédou,forestier,8.57000,-10.13000,24.99,20.03,28.80,1.50,193.56,954.41,69.38,9.42,6,95.79,1.000,12,0.013,eleve
GN2025-04110,2025-01-21,2025,1,4,Nzérékoré,Lola,forestier,7.80000,-8.53000,27.31,22.23,32.11,0.13,2.94,8.85,51.25,13.88,0,36.81,0.106,1,0.001,faible
GN2025-04111,2025-04-03,2025,4,14,Nzérékoré,Macenta,forestier,8.54000,-9.47000,25.94,21.72,29.81,13.67,16.74,90.33,58.31,11.93,1,41.07,0.176,2,0.002,faible
GN2025-04112,2025-12-15,2025,12,51,Nzérékoré,Nzérékoré,forestier,7.76000,-8.82000,25.35,21.00,30.09,32.33,199.13,763.20,78.72,6.69,6,88.64,1.000,19,0.021,eleve
GN2025-04113,2025-03-20,2025,3,12,Nzérékoré,Yomou,forestier,7.56000,-9.31000,26.32,21.42,31.11,42.28,95.68,174.27,64.13,10.38,3,52.09,0.638,4,0.004,moyen
GN2025-04114,2025-11-01,2025,11,44,Conakry,Conakry,côtier,9.54000,-13.68000,25.59,21.15,31.10,56.00,513.21,1138.85,85.05,8.14,7,98.00,1.000,9,0.010,eleve
GN2025-04115,2025-07-02,2025,7,27,Boké,Boffa,côtier,10.18000,-14.04000,26.80,22.35,29.87,73.20,104.03,334.67,82.83,9.15,6,71.13,0.937,9,0.009,eleve
GN2025-04116,2025-10-14,2025,10,42,Boké,Boké,côtier,10.94000,-14.29000,28.06,23.27,32.71,1.06,132.93,449.27,70.95,10.50,6,67.55,0.978,7,0.007,eleve
GN2025-04117,2025-07-15,2025,7,29,Boké,Fria,côtier,10.37000,-13.58000,27.17,21.86,32.77,1.55,12.66,554.60,84.51,7.18,6,80.01,0.506,10,0.010,moyen
GN2025-04118,2025-06-16,2025,6,25,Boké,Gaoual,soudano-guinéen,11.75000,-13.20000,28.06,23.56,32.12,2.49,43.41,121.92,71.90,7.32,5,46.31,0.534,8,0.008,faible
GN2025-04119,2025-04-19,2025,4,16,Boké,Koundara,soudano-guinéen,12.48000,-13.30000,31.10,27.66,36.89,0.06,19.79,42.22,60.71,11.83,2,33.35,0.256,2,0.002,faible
GN2025-04120,2025-01-13,2025,1,3,Faranah,Dabola,soudano-guinéen,10.75000,-11.11000,29.85,25.01,35.20,0.41,2.95,4.78,54.63,15.10,0,36.17,0.022,5,0.005,faible
GN2025-04121,2025-04-03,2025,4,14,Faranah,Dinguiraye,soudano-guinéen,11.30000,-10.72000,28.29,23.27,33.84,38.57,40.63,73.89,63.16,11.61,1,48.51,0.316,6,0.006,faible
GN2025-04122,2025-11-01,2025,11,44,Faranah,Faranah,soudano-guinéen,10.04000,-10.74000,28.48,23.61,32.45,32.87,131.44,391.55,72.63,6.65,7,68.93,0.963,5,0.005,eleve
GN2025-04123,2025-04-12,2025,4,15,Faranah,Kissidougou,forestier,9.18000,-10.10000,26.99,23.16,30.98,0.57,38.95,202.82,60.25,10.75,2,49.92,0.290,3,0.003,faible
GN2025-04124,2025-02-17,2025,2,8,Kankan,Kankan,soudano-guinéen,10.39000,-9.31000,29.23,23.95,32.94,0.62,5.03,47.24,58.71,9.17,1,40.22,0.134,2,0.002,faible
GN2025-04125,2025-05-31,2025,5,22,Kankan,Kérouané,forestier,9.27000,-9.01000,28.87,23.77,34.27,1.89,76.42,294.42,73.36,7.99,4,64.84,0.582,10,0.010,moyen
GN2025-04126,2025-04-19,2025,4,16,Kankan,Kouroussa,soudano-guinéen,10.65000,-9.89000,30.11,24.98,35.56,0.14,5.51,25.61,60.72,13.57,1,47.40,0.147,4,0.004,faible
GN2025-04127,2025-12-29,2025,12,1,Kankan,Mandiana,soudano-guinéen,10.63000,-8.68000,27.52,23.69,30.92,1.39,147.72,351.19,75.89,5.99,6,75.35,1.000,9,0.009,eleve
GN2025-04128,2025-06-03,2025,6,23,Kankan,Siguiri,soudano-guinéen,11.42000,-9.17000,30.44,26.97,33.85,2.79,18.22,99.40,62.29,6.82,4,39.06,0.345,6,0.006,faible
GN2025-04129,2025-04-21,2025,4,17,Kindia,Coyah,côtier,9.71000,-13.38000,28.82,23.89,33.28,29.95,32.52,82.30,67.17,10.96,1,43.50,0.301,3,0.003,faible
GN2025-04130,2025-02-28,2025,2,9,Kindia,Dubréka,côtier,9.79000,-13.52000,29.45,26.16,33.63,0.59,2.51,91.80,57.91,9.88,0,48.15,0.095,4,0.004,faible
GN2025-04131,2025-11-10,2025,11,46,Kindia,Forécariah,côtier,9.43000,-13.09000,28.05,23.67,31.09,71.69,220.13,1129.33,86.57,9.43,6,98.00,1.000,20,0.022,eleve
GN2025-04132,2025-02-05,2025,2,6,Kindia,Kindia,côtier,10.06000,-12.87000,28.86,23.71,32.45,0.33,2.93,12.49,59.67,11.57,0,46.75,0.053,2,0.002,faible
GN2025-04133,2025-01-18,2025,1,3,Kindia,Télimélé,soudano-guinéen,10.91000,-13.04000,28.61,25.04,33.07,1.88,19.88,44.58,63.08,7.00,2,38.40,0.226,0,0.000,faible
GN2025-04134,2025-01-11,2025,1,2,Labé,Koubia,montagneux,11.59000,-11.90000,25.86,21.82,29.21,0.13,2.30,4.48,52.26,9.19,0,27.91,0.067,0,0.000,faible
GN2025-04135,2025-04-18,2025,4,16,Labé,Labé,montagneux,11.32000,-12.29000,25.22,20.16,30.15,0.74,2.78,72.68,67.98,10.42,0,43.61,0.079,0,0.000,faible
GN2025-04136,2025-05-01,2025,5,18,Labé,Lélouma,montagneux,11.18000,-12.48000,25.68,21.83,29.20,5.78,8.53,69.13,61.39,4.35,1,39.52,0.142,2,0.002,faible
GN2025-04137,2025-06-16,2025,6,25,Labé,Mali,montagneux,12.08000,-12.30000,25.15,20.32,29.01,1.55,21.71,156.69,69.73,7.39,6,50.13,0.484,5,0.005,faible
GN2025-04138,2025-01-12,2025,1,2,Labé,Tougué,montagneux,11.45000,-11.67000,26.21,20.74,30.94,0.32,38.47,40.34,54.52,6.73,2,39.67,0.392,3,0.003,faible
GN2025-04139,2025-08-25,2025,8,35,Mamou,Dalaba,montagneux,10.69000,-12.25000,23.30,19.56,27.95,18.74,271.59,668.41,76.32,6.58,6,80.41,1.000,14,0.013,eleve
GN2025-04140,2025-01-24,2025,1,4,Mamou,Mamou,montagneux,10.38000,-12.09000,27.25,23.71,30.40,16.32,17.66,56.21,60.64,6.94,1,35.79,0.194,1,0.001,faible
GN2025-04141,2025-01-26,2025,1,4,Mamou,Pita,montagneux,11.06000,-12.40000,25.28,19.96,29.01,0.77,3.36,28.03,54.92,9.87,0,36.94,0.115,3,0.003,faible
GN2025-04142,2025-07-17,2025,7,29,Nzérékoré,Beyla,forestier,8.69000,-8.65000,25.85,22.61,29.67,33.07,174.48,533.29,76.94,9.30,6,72.31,1.000,10,0.010,eleve
GN2025-04143,2025-01-05,2025,1,1,Nzérékoré,Guéckédou,forestier,8.57000,-10.13000,27.53,23.84,30.92,0.19,2.06,2.06,54.64,12.47,0,35.55,0.068,2,0.002,faible
GN2025-04144,2025-11-24,2025,11,48,Nzérékoré,Lola,forestier,7.80000,-8.53000,25.75,21.62,29.47,13.87,371.87,1014.06,80.03,6.10,6,98.00,1.000,15,0.016,eleve
GN2025-04145,2025-11-27,2025,11,48,Nzérékoré,Macenta,forestier,8.54000,-9.47000,25.25,19.86,29.61,25.08,360.65,1333.03,79.47,9.17,7,98.00,1.000,17,0.018,eleve
GN2025-04146,2025-03-27,2025,3,13,Nzérékoré,Nzérékoré,forestier,7.76000,-8.82000,26.66,21.38,30.18,0.66,2.80,10.69,62.91,12.51,0,49.15,0.043,3,0.003,faible
GN2025-04147,2025-06-27,2025,6,26,Nzérékoré,Yomou,forestier,7.56000,-9.31000,25.68,21.43,31.37,29.32,243.43,722.87,78.91,9.09,7,84.71,1.000,9,0.010,eleve
GN2025-04148,2025-12-03,2025,12,49,Conakry,Conakry,côtier,9.54000,-13.68000,26.95,23.11,30.26,38.15,209.15,1009.96,79.22,10.73,7,98.00,1.000,15,0.017,eleve
GN2025-04149,2025-04-08,2025,4,15,Boké,Boffa,côtier,10.18000,-14.04000,29.05,24.94,32.71,0.16,17.78,79.61,62.68,11.34,1,45.70,0.184,1,0.001,faible
GN2025-04150,2025-01-30,2025,1,5,Boké,Boké,côtier,10.94000,-14.29000,29.00,25.10,34.71,9.04,12.56,34.46,62.53,11.95,1,53.02,0.151,4,0.004,faible
GN2025-04151,2025-03-19,2025,3,12,Boké,Fria,côtier,10.37000,-13.58000,29.67,26.35,32.75,0.25,2.70,89.18,60.61,12.35,0,46.05,0.075,5,0.005,faible
GN2025-04152,2025-10-15,2025,10,42,Boké,Gaoual,soudano-guinéen,11.75000,-13.20000,28.05,22.86,33.66,22.24,83.02,373.59,71.81,6.89,7,67.05,0.752,10,0.010,moyen
GN2025-04153,2025-09-14,2025,9,37,Boké,Koundara,soudano-guinéen,12.48000,-13.30000,28.76,23.37,32.45,1.37,25.87,222.90,77.62,8.21,6,59.55,0.495,7,0.007,faible
GN2025-04154,2025-06-15,2025,6,24,Faranah,Dabola,soudano-guinéen,10.75000,-11.11000,28.19,24.30,33.97,1.05,14.72,200.65,71.54,11.03,6,52.06,0.415,9,0.009,faible
GN2025-04155,2025-09-30,2025,9,40,Faranah,Dinguiraye,soudano-guinéen,11.30000,-10.72000,28.28,23.10,32.44,2.18,44.08,369.15,68.00,6.40,6,49.67,0.540,10,0.009,moyen
GN2025-04156,2025-11-25,2025,11,48,Faranah,Faranah,soudano-guinéen,10.04000,-10.74000,29.03,23.90,32.24,1.32,104.29,492.19,72.05,5.48,6,68.09,0.839,9,0.009,eleve
GN2025-04157,2025-08-31,2025,8,35,Faranah,Kissidougou,forestier,9.18000,-10.10000,26.60,21.19,30.64,3.30,172.31,813.55,77.15,6.48,6,84.07,1.000,15,0.016,eleve
GN2025-04158,2025-11-08,2025,11,45,Kankan,Kankan,soudano-guinéen,10.39000,-9.31000,29.18,25.89,33.80,1.80,39.14,260.34,72.22,8.81,5,52.51,0.546,3,0.003,moyen
GN2025-04159,2025-08-31,2025,8,35,Kankan,Kérouané,forestier,9.27000,-9.01000,26.48,21.73,30.53,61.60,213.83,652.32,84.52,9.24,6,72.67,1.000,5,0.005,eleve
GN2025-04160,2025-02-17,2025,2,8,Kankan,Kouroussa,soudano-guinéen,10.65000,-9.89000,30.77,25.76,34.33,0.22,15.25,32.65,55.77,15.15,1,32.89,0.218,1,0.001,faible
GN2025-04161,2025-06-06,2025,6,23,Kankan,Mandiana,soudano-guinéen,10.63000,-8.68000,29.07,25.00,34.27,17.37,129.10,208.85,77.43,9.52,5,57.83,0.930,11,0.011,moyen
GN2025-04162,2025-09-27,2025,9,39,Kankan,Siguiri,soudano-guinéen,11.42000,-9.17000,28.82,23.98,33.03,25.87,65.28,233.92,79.53,10.41,3,52.19,0.528,11,0.010,moyen
GN2025-04163,2025-10-21,2025,10,43,Kindia,Coyah,côtier,9.71000,-13.38000,27.46,21.95,31.48,2.00,96.95,1299.24,75.74,9.25,7,98.00,0.833,12,0.013,eleve
GN2025-04164,2025-11-03,2025,11,45,Kindia,Dubréka,côtier,9.79000,-13.52000,27.23,23.23,31.45,2.11,174.94,967.81,81.26,10.92,7,98.00,1.000,15,0.017,eleve
GN2025-04165,2025-07-22,2025,7,30,Kindia,Forécariah,côtier,9.43000,-13.09000,25.95,22.64,29.13,2.07,170.27,883.98,83.61,5.52,6,88.98,1.000,11,0.012,eleve
GN2025-04166,2025-05-21,2025,5,21,Kindia,Kindia,côtier,10.06000,-12.87000,27.96,24.44,31.07,9.17,82.73,345.39,62.93,7.01,6,47.55,0.743,6,0.006,moyen
GN2025-04167,2025-03-25,2025,3,13,Kindia,Télimélé,soudano-guinéen,10.91000,-13.04000,29.08,25.33,33.33,0.24,3.02,64.09,56.90,5.73,0,38.72,0.016,11,0.011,faible
GN2025-04168,2025-05-21,2025,5,21,Labé,Koubia,montagneux,11.59000,-11.90000,24.28,20.38,27.45,2.45,16.78,119.34,66.58,10.05,5,44.66,0.353,2,0.002,faible
GN2025-04169,2025-03-20,2025,3,12,Labé,Labé,montagneux,11.32000,-12.29000,24.89,21.27,28.33,0.74,20.32,71.97,58.85,10.51,1,34.80,0.255,8,0.008,faible
GN2025-04170,2025-03-05,2025,3,10,Labé,Lélouma,montagneux,11.18000,-12.48000,24.74,19.91,28.66,2.30,10.33,24.33,56.36,6.63,2,38.60,0.266,3,0.003,faible
GN2025-04171,2025-07-05,2025,7,27,Labé,Mali,montagneux,12.08000,-12.30000,23.67,18.23,27.94,0.77,44.64,282.96,71.37,9.24,4,60.88,0.483,7,0.006,faible
GN2025-04172,2025-10-20,2025,10,43,Labé,Tougué,montagneux,11.45000,-11.67000,24.18,18.96,27.37,26.53,99.92,290.03,77.55,7.69,6,67.80,0.885,12,0.011,moyen
GN2025-04173,2025-09-01,2025,9,36,Mamou,Dalaba,montagneux,10.69000,-12.25000,24.42,19.62,27.98,15.50,77.07,626.48,74.10,9.88,6,74.18,0.785,12,0.011,moyen
GN2025-04174,2025-08-18,2025,8,34,Mamou,Mamou,montagneux,10.38000,-12.09000,23.72,18.50,28.00,2.39,156.67,469.46,71.53,8.21,6,70.96,1.000,11,0.010,eleve
GN2025-04175,2025-09-24,2025,9,39,Mamou,Pita,montagneux,11.06000,-12.40000,23.90,19.53,27.68,0.11,100.78,426.66,72.14,7.65,6,71.23,0.781,10,0.009,moyen
GN2025-04176,2025-02-18,2025,2,8,Nzérékoré,Beyla,forestier,8.69000,-8.65000,28.93,25.29,33.85,0.74,41.60,80.95,49.71,10.49,1,40.89,0.315,3,0.003,faible
GN2025-04177,2025-06-11,2025,6,24,Nzérékoré,Guéckédou,forestier,8.57000,-10.13000,25.83,21.48,29.63,0.97,263.70,823.17,66.70,8.59,5,85.87,1.000,7,0.008,eleve
GN2025-04178,2025-05-25,2025,5,21,Nzérékoré,Lola,forestier,7.80000,-8.53000,26.38,21.85,29.77,0.53,124.21,297.68,63.06,11.25,6,52.34,0.891,10,0.011,moyen
GN2025-04179,2025-10-25,2025,10,43,Nzérékoré,Macenta,forestier,8.54000,-9.47000,24.82,20.79,28.44,100.59,338.19,1155.65,80.16,11.09,7,98.00,1.000,15,0.016,eleve
GN2025-04180,2025-07-04,2025,7,27,Nzérékoré,Nzérékoré,forestier,7.76000,-8.82000,25.35,19.95,29.82,0.45,277.24,854.96,69.99,2.42,6,95.14,1.000,8,0.009,eleve
GN2025-04181,2025-05-08,2025,5,19,Nzérékoré,Yomou,forestier,7.56000,-9.31000,26.85,23.64,31.89,1.33,54.96,205.40,66.66,6.47,5,51.53,0.563,7,0.007,moyen
GN2025-04182,2025-07-03,2025,7,27,Conakry,Conakry,côtier,9.54000,-13.68000,27.41,24.07,32.04,17.87,167.44,951.33,72.51,10.63,5,98.00,1.000,10,0.012,eleve
GN2025-04183,2025-09-01,2025,9,36,Boké,Boffa,côtier,10.18000,-14.04000,28.46,24.21,34.26,77.52,303.81,820.04,85.52,7.28,6,94.32,1.000,11,0.011,eleve
GN2025-04184,2025-11-14,2025,11,46,Boké,Boké,côtier,10.94000,-14.29000,28.74,25.58,32.40,39.11,207.79,460.35,73.46,5.17,7,66.93,1.000,7,0.007,eleve
GN2025-04185,2025-12-27,2025,12,52,Boké,Fria,côtier,10.37000,-13.58000,26.88,21.41,32.06,2.74,13.59,291.51,72.04,6.00,5,52.24,0.369,3,0.003,faible
GN2025-04186,2025-04-02,2025,4,14,Boké,Gaoual,soudano-guinéen,11.75000,-13.20000,31.10,26.34,36.34,0.08,13.55,76.95,59.72,13.24,2,34.17,0.222,2,0.002,faible
GN2025-04187,2025-06-29,2025,6,26,Boké,Koundara,soudano-guinéen,12.48000,-13.30000,28.81,23.90,33.16,0.01,44.87,146.79,61.79,10.38,6,50.23,0.660,6,0.006,faible
GN2025-04188,2025-10-03,2025,10,40,Faranah,Dabola,soudano-guinéen,10.75000,-11.11000,28.54,23.00,33.57,50.04,165.44,571.65,75.15,4.25,6,76.06,1.000,11,0.011,eleve
GN2025-04189,2025-06-23,2025,6,26,Faranah,Dinguiraye,soudano-guinéen,11.30000,-10.72000,26.58,21.63,31.41,2.60,128.48,454.12,68.29,10.00,7,65.59,0.963,3,0.003,eleve
GN2025-04190,2025-02-04,2025,2,6,Faranah,Faranah,soudano-guinéen,10.04000,-10.74000,27.82,22.73,31.68,0.72,2.53,45.11,61.31,14.65,0,44.39,0.051,3,0.003,faible
GN2025-04191,2025-12-06,2025,12,49,Faranah,Kissidougou,forestier,9.18000,-10.10000,25.63,22.48,30.08,0.52,192.99,891.02,75.42,8.27,4,82.48,1.000,15,0.016,eleve
GN2025-04192,2025-11-06,2025,11,45,Kankan,Kankan,soudano-guinéen,10.39000,-9.31000,28.99,24.69,32.13,0.05,13.82,270.26,77.61,8.37,3,59.01,0.344,7,0.007,faible
GN2025-04193,2025-11-04,2025,11,45,Kankan,Kérouané,forestier,9.27000,-9.01000,27.66,23.99,31.90,2.04,137.18,687.19,66.01,8.48,5,75.34,0.939,8,0.008,eleve
GN2025-04194,2025-12-11,2025,12,50,Kankan,Kouroussa,soudano-guinéen,10.65000,-9.89000,28.75,24.25,32.68,0.51,36.60,328.02,70.75,6.94,6,58.66,0.486,12,0.012,moyen
GN2025-04195,2025-04-23,2025,4,17,Kankan,Mandiana,soudano-guinéen,10.63000,-8.68000,29.95,24.73,32.98,0.49,3.07,33.13,56.71,6.34,0,37.64,0.103,5,0.005,faible
GN2025-04196,2025-01-01,2025,1,1,Kankan,Siguiri,soudano-guinéen,11.42000,-9.17000,30.84,27.50,35.79,0.79,0.79,0.79,58.91,8.57,0,35.23,0.045,3,0.003,faible
GN2025-04197,2025-09-11,2025,9,37,Kindia,Coyah,côtier,9.71000,-13.38000,27.87,22.74,32.22,0.76,160.51,937.90,71.42,7.79,6,89.40,1.000,16,0.018,eleve
GN2025-04198,2025-11-25,2025,11,48,Kindia,Dubréka,côtier,9.79000,-13.52000,26.58,23.29,31.16,2.67,112.18,846.93,82.11,11.20,7,86.28,0.918,17,0.019,eleve
GN2025-04199,2025-07-05,2025,7,27,Kindia,Forécariah,côtier,9.43000,-13.09000,28.11,24.62,31.25,16.63,131.16,755.17,80.89,5.41,6,94.76,1.000,8,0.009,eleve
GN2025-04200,2025-08-15,2025,8,33,Kindia,Kindia,côtier,10.06000,-12.87000,28.12,24.52,33.39,23.59,127.08,989.16,78.49,7.41,6,98.00,0.963,20,0.021,eleve
GN2025-04201,2025-10-17,2025,10,42,Kindia,Télimélé,soudano-guinéen,10.91000,-13.04000,26.42,21.50,31.94,65.83,246.13,534.46,85.36,6.46,7,75.21,1.000,16,0.016,eleve
GN2025-04202,2025-08-03,2025,8,31,Labé,Koubia,montagneux,11.59000,-11.90000,24.34,19.82,30.13,26.19,88.20,437.55,77.53,6.21,5,81.25,0.795,8,0.007,moyen
GN2025-04203,2025-04-19,2025,4,16,Labé,Labé,montagneux,11.32000,-12.29000,25.95,22.01,31.15,0.61,3.27,72.55,59.77,11.04,0,41.73,0.101,6,0.006,faible
GN2025-04204,2025-01-04,2025,1,1,Labé,Lélouma,montagneux,11.18000,-12.48000,25.33,21.22,30.03,0.29,1.58,1.58,63.25,7.80,0,47.99,0.141,5,0.005,faible
GN2025-04205,2025-05-20,2025,5,21,Labé,Mali,montagneux,12.08000,-12.30000,25.32,20.18,30.15,2.70,90.79,278.52,66.43,8.91,7,63.19,0.780,5,0.005,moyen
GN2025-04206,2025-09-17,2025,9,38,Labé,Tougué,montagneux,11.45000,-11.67000,24.81,21.20,29.86,6.84,86.51,552.46,74.89,13.46,7,76.86,0.829,6,0.005,moyen
GN2025-04207,2025-05-07,2025,5,19,Mamou,Dalaba,montagneux,10.69000,-12.25000,24.03,19.76,27.22,1.18,60.77,105.37,66.76,7.50,4,57.23,0.528,6,0.006,faible
GN2025-04208,2025-09-30,2025,9,40,Mamou,Mamou,montagneux,10.38000,-12.09000,24.94,21.78,30.34,11.71,186.18,480.97,73.49,11.41,5,64.86,1.000,4,0.004,eleve
GN2025-04209,2025-08-30,2025,8,35,Mamou,Pita,montagneux,11.06000,-12.40000,24.29,20.55,29.71,39.85,161.96,520.38,79.69,6.55,3,83.51,1.000,12,0.011,eleve
GN2025-04210,2025-11-25,2025,11,48,Nzérékoré,Beyla,forestier,8.69000,-8.65000,26.19,22.13,29.58,15.89,86.73,690.40,79.76,14.05,6,74.61,0.722,7,0.007,eleve
GN2025-04211,2025-03-02,2025,3,9,Nzérékoré,Guéckédou,forestier,8.57000,-10.13000,27.73,24.63,32.75,0.40,38.23,100.85,60.86,7.42,1,38.69,0.245,4,0.004,faible
GN2025-04212,2025-03-15,2025,3,11,Nzérékoré,Lola,forestier,7.80000,-8.53000,26.80,21.91,32.19,0.34,2.81,108.28,61.90,13.64,0,52.39,0.095,0,0.000,faible
GN2025-04213,2025-05-14,2025,5,20,Nzérékoré,Macenta,forestier,8.54000,-9.47000,24.87,19.83,28.30,20.23,131.58,315.01,74.88,10.87,6,61.31,1.000,8,0.009,eleve
GN2025-04214,2025-01-09,2025,1,2,Nzérékoré,Nzérékoré,forestier,7.76000,-8.82000,27.17,23.96,32.47,0.25,17.73,18.84,61.96,11.14,1,38.90,0.224,6,0.007,faible
GN2025-04215,2025-04-03,2025,4,14,Nzérékoré,Yomou,forestier,7.56000,-9.31000,26.66,21.62,32.09,0.72,42.49,174.29,59.89,10.85,1,40.34,0.270,9,0.010,faible
GN2025-04216,2025-11-05,2025,11,45,Conakry,Conakry,côtier,9.54000,-13.68000,26.71,23.11,30.40,1.10,219.51,1165.71,80.71,6.68,7,98.00,1.000,14,0.016,eleve
GN2025-04217,2025-06-15,2025,6,24,Boké,Boffa,côtier,10.18000,-14.04000,27.44,23.30,30.84,2.61,21.16,212.40,70.61,9.56,5,55.98,0.410,3,0.003,faible
GN2025-04218,2025-06-17,2025,6,25,Boké,Boké,côtier,10.94000,-14.29000,29.01,24.80,34.20,3.91,97.02,329.00,71.98,11.30,6,61.64,0.821,6,0.006,moyen
GN2025-04219,2025-05-18,2025,5,20,Boké,Fria,côtier,10.37000,-13.58000,27.79,23.39,32.14,6.50,96.28,324.42,66.44,9.42,6,54.41,0.788,5,0.005,moyen
GN2025-04220,2025-05-07,2025,5,19,Boké,Gaoual,soudano-guinéen,11.75000,-13.20000,29.84,26.49,33.16,0.62,5.87,102.71,65.95,11.41,1,46.29,0.136,2,0.002,faible
GN2025-04221,2025-04-09,2025,4,15,Boké,Koundara,soudano-guinéen,12.48000,-13.30000,32.29,28.17,37.33,0.47,13.58,21.43,57.57,6.55,1,33.84,0.162,2,0.002,faible
GN2025-04222,2025-09-27,2025,9,39,Faranah,Dabola,soudano-guinéen,10.75000,-11.11000,27.19,22.61,31.32,1.29,77.12,454.06,77.16,7.90,4,73.31,0.619,12,0.012,moyen
GN2025-04223,2025-12-18,2025,12,51,Faranah,Dinguiraye,soudano-guinéen,11.30000,-10.72000,27.11,22.26,32.11,6.71,45.06,190.38,83.45,5.16,5,62.86,0.577,5,0.005,moyen
GN2025-04224,2025-11-06,2025,11,45,Faranah,Faranah,soudano-guinéen,10.04000,-10.74000,28.18,24.04,31.53,18.93,153.87,430.62,82.48,11.84,7,70.58,1.000,8,0.008,eleve
GN2025-04225,2025-03-27,2025,3,13,Faranah,Kissidougou,forestier,9.18000,-10.10000,28.19,24.52,33.70,0.02,2.25,105.92,60.31,10.07,0,46.98,0.032,4,0.004,faible
GN2025-04226,2025-06-29,2025,6,26,Kankan,Kankan,soudano-guinéen,10.39000,-9.31000,28.72,24.56,33.22,0.45,41.05,275.74,68.55,10.30,4,53.90,0.442,8,0.008,faible
GN2025-04227,2025-07-30,2025,7,31,Kankan,Kérouané,forestier,9.27000,-9.01000,26.44,22.28,31.31,2.13,196.84,465.02,73.09,5.46,7,69.18,1.000,7,0.007,eleve
GN2025-04228,2025-01-20,2025,1,4,Kankan,Kouroussa,soudano-guinéen,10.65000,-9.89000,29.24,24.49,34.72,0.69,3.23,11.34,58.23,10.15,0,37.05,0.086,2,0.002,faible
GN2025-04229,2025-02-25,2025,2,9,Kankan,Mandiana,soudano-guinéen,10.63000,-8.68000,29.90,24.52,33.66,0.17,7.48,18.62,59.44,11.15,1,36.43,0.107,2,0.002,faible
GN2025-04230,2025-04-27,2025,4,17,Kankan,Siguiri,soudano-guinéen,11.42000,-9.17000,29.96,25.54,35.02,7.97,17.61,76.70,62.39,10.62,2,52.18,0.194,2,0.002,faible
GN2025-04231,2025-08-17,2025,8,33,Kindia,Coyah,côtier,9.71000,-13.38000,26.85,22.41,31.74,0.56,121.06,1213.27,71.87,6.06,5,98.00,0.866,11,0.012,eleve
GN2025-04232,2025-01-15,2025,1,3,Kindia,Dubréka,côtier,9.79000,-13.52000,29.51,26.17,34.68,0.79,3.47,6.61,59.73,13.38,0,37.48,0.041,0,0.000,faible
GN2025-04233,2025-08-20,2025,8,34,Kindia,Forécariah,côtier,9.43000,-13.09000,26.86,21.57,31.19,10.89,267.71,1156.72,70.05,7.06,6,98.00,1.000,23,0.025,eleve
GN2025-04234,2025-03-20,2025,3,12,Kindia,Kindia,côtier,10.06000,-12.87000,28.21,24.13,33.59,0.29,35.87,45.88,50.17,12.84,3,33.67,0.399,5,0.005,faible
GN2025-04235,2025-08-17,2025,8,33,Kindia,Télimélé,soudano-guinéen,10.91000,-13.04000,26.25,21.89,29.98,51.34,86.85,400.58,86.85,5.35,5,65.44,0.880,11,0.011,eleve
GN2025-04236,2025-05-16,2025,5,20,Labé,Koubia,montagneux,11.59000,-11.90000,25.11,19.73,29.91,5.02,12.11,126.37,72.52,8.79,4,38.44,0.252,4,0.004,faible
GN2025-04237,2025-02-07,2025,2,6,Labé,Labé,montagneux,11.32000,-12.29000,25.59,20.06,29.39,0.12,14.86,65.69,55.47,12.35,1,37.48,0.130,4,0.004,faible
GN2025-04238,2025-09-08,2025,9,37,Labé,Lélouma,montagneux,11.18000,-12.48000,23.29,18.37,26.95,1.65,121.44,378.05,68.31,10.73,6,63.55,0.908,12,0.011,moyen
GN2025-04239,2025-03-19,2025,3,12,Labé,Mali,montagneux,12.08000,-12.30000,25.75,20.58,29.67,0.49,2.01,13.07,62.24,10.62,0,39.90,0.132,2,0.002,faible
GN2025-04240,2025-02-06,2025,2,6,Labé,Tougué,montagneux,11.45000,-11.67000,27.05,23.93,32.68,0.27,31.83,100.84,57.05,13.15,2,42.92,0.359,3,0.003,faible
GN2025-04241,2025-10-21,2025,10,43,Mamou,Dalaba,montagneux,10.69000,-12.25000,23.98,20.53,29.57,10.54,84.41,546.81,79.12,11.24,6,89.27,0.726,5,0.005,moyen
GN2025-04242,2025-07-13,2025,7,28,Mamou,Mamou,montagneux,10.38000,-12.09000,25.20,20.73,29.02,46.04,50.50,332.93,78.00,7.65,3,65.74,0.486,6,0.006,moyen
GN2025-04243,2025-05-30,2025,5,22,Mamou,Pita,montagneux,11.06000,-12.40000,24.49,19.84,29.10,2.26,68.49,204.04,70.87,7.52,6,60.46,0.691,9,0.008,moyen
GN2025-04244,2025-02-12,2025,2,7,Nzérékoré,Beyla,forestier,8.69000,-8.65000,27.63,23.47,33.10,39.76,42.69,95.22,68.08,7.77,1,53.02,0.298,2,0.002,faible
GN2025-04245,2025-09-18,2025,9,38,Nzérékoré,Guéckédou,forestier,8.57000,-10.13000,25.68,21.83,29.43,0.53,145.17,644.66,75.70,7.99,6,80.36,1.000,14,0.015,eleve
GN2025-04246,2025-01-21,2025,1,4,Nzérékoré,Lola,forestier,7.80000,-8.53000,27.31,22.23,32.11,0.13,2.94,8.85,51.25,13.88,0,35.96,0.064,4,0.004,faible
GN2025-04247,2025-12-16,2025,12,51,Nzérékoré,Macenta,forestier,8.54000,-9.47000,25.46,21.92,29.43,56.67,254.35,1277.67,80.38,6.67,7,98.00,1.000,8,0.009,eleve
GN2025-04248,2025-06-23,2025,6,26,Nzérékoré,Nzérékoré,forestier,7.76000,-8.82000,25.77,20.46,30.75,17.44,353.61,599.44,69.88,3.91,7,76.13,1.000,10,0.011,eleve
GN2025-04249,2025-04-17,2025,4,16,Nzérékoré,Yomou,forestier,7.56000,-9.31000,26.29,22.31,31.07,44.62,46.71,204.44,58.06,12.72,1,47.98,0.314,3,0.003,faible
GN2025-04250,2025-05-04,2025,5,18,Conakry,Conakry,côtier,9.54000,-13.68000,27.44,22.46,31.62,0.17,3.24,65.23,63.93,9.53,0,47.17,0.076,4,0.005,faible
GN2025-04251,2025-05-09,2025,5,19,Boké,Boffa,côtier,10.18000,-14.04000,27.91,24.84,32.39,0.25,30.01,167.43,59.37,10.33,4,48.24,0.454,6,0.006,faible
GN2025-04252,2025-01-20,2025,1,4,Boké,Boké,côtier,10.94000,-14.29000,28.00,24.59,31.11,0.25,2.87,7.60,58.50,5.96,0,29.70,0.071,2,0.002,faible
GN2025-04253,2025-12-07,2025,12,49,Boké,Fria,côtier,10.37000,-13.58000,28.48,24.76,34.21,14.25,89.94,400.79,78.20,6.87,7,74.65,0.865,9,0.009,moyen
GN2025-04254,2025-06-22,2025,6,25,Boké,Gaoual,soudano-guinéen,11.75000,-13.20000,29.22,25.43,33.07,0.50,44.77,150.22,74.53,11.45,5,54.57,0.522,7,0.007,faible
GN2025-04255,2025-07-08,2025,7,28,Boké,Koundara,soudano-guinéen,12.48000,-13.30000,28.28,24.91,32.66,0.50,16.20,137.06,83.14,8.01,6,64.42,0.466,3,0.003,moyen
GN2025-04256,2025-10-02,2025,10,40,Faranah,Dabola,soudano-guinéen,10.75000,-11.11000,28.69,24.62,34.36,22.11,115.84,544.20,75.44,7.05,5,77.75,0.896,9,0.009,moyen
GN2025-04257,2025-06-25,2025,6,26,Faranah,Dinguiraye,soudano-guinéen,11.30000,-10.72000,28.17,23.97,33.05,0.72,108.32,475.49,67.95,6.37,6,68.71,0.847,8,0.008,moyen
GN2025-04258,2025-02-10,2025,2,7,Faranah,Faranah,soudano-guinéen,10.04000,-10.74000,29.69,25.48,35.22,0.12,17.33,60.17,53.64,9.56,1,43.85,0.239,0,0.000,faible
GN2025-04259,2025-09-23,2025,9,39,Faranah,Kissidougou,forestier,9.18000,-10.10000,26.80,21.63,29.85,40.62,81.54,687.22,82.84,10.05,5,83.75,0.718,4,0.004,eleve
GN2025-04260,2025-06-17,2025,6,25,Kankan,Kankan,soudano-guinéen,10.39000,-9.31000,29.71,24.28,35.48,9.82,97.13,270.39,76.48,10.71,6,65.21,0.798,9,0.009,moyen
GN2025-04261,2025-04-02,2025,4,14,Kankan,Kérouané,forestier,9.27000,-9.01000,29.38,26.29,33.23,0.25,2.43,27.04,65.63,11.12,0,44.23,0.052,5,0.005,faible
GN2025-04262,2025-08-08,2025,8,32,Kankan,Kouroussa,soudano-guinéen,10.65000,-9.89000,27.84,22.33,31.07,38.14,101.38,329.31,82.38,6.37,6,59.97,0.872,8,0.008,eleve
GN2025-04263,2025-04-10,2025,4,15,Kankan,Mandiana,soudano-guinéen,10.63000,-8.68000,30.56,26.50,34.60,0.35,18.03,46.25,53.87,12.77,2,35.65,0.287,4,0.004,faible
GN2025-04264,2025-04-30,2025,4,18,Kankan,Siguiri,soudano-guinéen,11.42000,-9.17000,30.98,26.48,35.42,0.50,32.64,85.90,58.30,10.06,3,31.39,0.386,5,0.005,faible
GN2025-04265,2025-12-15,2025,12,51,Kindia,Coyah,côtier,9.71000,-13.38000,27.20,22.50,31.75,65.75,276.74,822.86,87.29,11.75,6,97.68,1.000,10,0.011,eleve
GN2025-04266,2025-01-27,2025,1,5,Kindia,Dubréka,côtier,9.79000,-13.52000,28.52,24.57,33.96,0.55,31.68,39.49,58.15,10.31,1,34.94,0.253,3,0.003,faible
GN2025-04267,2025-01-10,2025,1,2,Kindia,Forécariah,côtier,9.43000,-13.09000,28.86,24.55,32.91,6.26,9.56,11.15,54.68,9.81,1,38.35,0.141,4,0.004,faible
GN2025-04268,2025-04-18,2025,4,16,Kindia,Kindia,côtier,10.06000,-12.87000,27.44,23.70,33.07,0.63,19.59,84.71,61.07,12.09,2,40.44,0.309,9,0.010,faible
GN2025-04269,2025-08-21,2025,8,34,Kindia,Télimélé,soudano-guinéen,10.91000,-13.04000,27.21,23.13,30.97,0.92,107.32,429.01,70.56,1.63,6,59.29,0.880,11,0.011,eleve
GN2025-04270,2025-04-30,2025,4,18,Labé,Koubia,montagneux,11.59000,-11.90000,25.78,22.01,30.67,0.79,22.18,58.81,61.12,11.48,1,47.65,0.218,7,0.006,faible
GN2025-04271,2025-07-14,2025,7,29,Labé,Labé,montagneux,11.32000,-12.29000,24.05,19.21,28.66,0.72,81.88,378.96,73.18,7.51,4,65.49,0.576,6,0.006,moyen
GN2025-04272,2025-02-24,2025,2,9,Labé,Lélouma,montagneux,11.18000,-12.48000,25.26,20.09,29.58,0.03,2.36,9.97,51.95,6.19,0,32.58,0.119,4,0.004,faible
GN2025-04273,2025-01-28,2025,1,5,Labé,Mali,montagneux,12.08000,-12.30000,26.08,22.00,31.48,0.47,2.91,35.13,59.49,7.56,0,37.77,0.073,4,0.004,faible
GN2025-04274,2025-08-03,2025,8,31,Labé,Tougué,montagneux,11.45000,-11.67000,24.48,19.39,27.76,0.46,40.49,304.85,72.74,11.35,4,64.86,0.422,6,0.005,faible
GN2025-04275,2025-02-24,2025,2,9,Mamou,Dalaba,montagneux,10.69000,-12.25000,24.12,19.54,27.20,0.64,12.01,52.77,56.15,9.39,1,49.66,0.234,2,0.002,faible
GN2025-04276,2025-05-23,2025,5,21,Mamou,Mamou,montagneux,10.38000,-12.09000,25.62,20.39,29.22,8.61,52.20,92.07,68.97,10.64,5,41.66,0.522,11,0.010,faible
GN2025-04277,2025-03-18,2025,3,12,Mamou,Pita,montagneux,11.06000,-12.40000,25.54,21.97,29.21,0.49,27.91,84.25,61.91,9.70,1,46.25,0.244,3,0.003,faible
GN2025-04278,2025-12-05,2025,12,49,Nzérékoré,Beyla,forestier,8.69000,-8.65000,26.33,22.47,30.85,2.30,143.48,529.20,78.32,7.77,6,73.47,1.000,15,0.015,eleve
GN2025-04279,2025-07-31,2025,7,31,Nzérékoré,Guéckédou,forestier,8.57000,-10.13000,25.57,21.29,29.07,14.69,211.85,1343.15,79.03,1.45,6,98.00,1.000,22,0.024,eleve
GN2025-04280,2025-04-28,2025,4,18,Nzérékoré,Lola,forestier,7.80000,-8.53000,25.93,21.14,29.79,32.93,129.65,313.07,65.55,6.81,2,59.13,0.784,8,0.008,moyen
GN2025-04281,2025-05-18,2025,5,20,Nzérékoré,Macenta,forestier,8.54000,-9.47000,24.39,20.80,27.53,19.73,154.61,360.67,73.10,4.25,7,60.26,1.000,10,0.011,eleve
GN2025-04282,2025-12-17,2025,12,51,Nzérékoré,Nzérékoré,forestier,7.76000,-8.82000,24.70,21.15,29.67,39.87,245.60,832.02,79.53,6.79,6,97.79,1.000,20,0.022,eleve
GN2025-04283,2025-05-28,2025,5,22,Nzérékoré,Yomou,forestier,7.56000,-9.31000,26.46,21.56,29.70,21.25,154.59,446.20,69.91,9.05,6,57.25,1.000,7,0.007,eleve
GN2025-04284,2025-09-18,2025,9,38,Conakry,Conakry,côtier,9.54000,-13.68000,26.85,23.26,31.02,48.07,230.38,1141.30,85.99,4.78,6,98.00,1.000,12,0.014,eleve
GN2025-04285,2025-01-22,2025,1,4,Boké,Boffa,côtier,10.18000,-14.04000,28.18,24.68,31.34,0.47,2.89,11.49,56.54,8.92,0,42.30,0.056,3,0.003,faible
GN2025-04286,2025-09-01,2025,9,36,Boké,Boké,côtier,10.94000,-14.29000,27.95,24.27,32.85,2.11,75.39,392.11,78.47,8.65,5,73.25,0.732,10,0.010,moyen
GN2025-04287,2025-11-28,2025,11,48,Boké,Fria,côtier,10.37000,-13.58000,25.76,20.44,30.03,35.49,67.42,597.63,77.93,7.10,6,76.04,0.689,6,0.006,moyen
GN2025-04288,2025-07-10,2025,7,28,Boké,Gaoual,soudano-guinéen,11.75000,-13.20000,29.34,25.24,32.84,1.01,31.22,269.84,78.93,7.96,6,68.00,0.547,8,0.008,moyen
GN2025-04289,2025-09-15,2025,9,38,Boké,Koundara,soudano-guinéen,12.48000,-13.30000,27.90,24.70,33.29,10.91,32.86,215.09,74.09,3.87,6,62.03,0.438,1,0.001,faible
GN2025-04290,2025-01-03,2025,1,1,Faranah,Dabola,soudano-guinéen,10.75000,-11.11000,29.32,25.28,34.19,0.53,0.90,0.90,62.40,8.16,0,43.42,0.104,5,0.005,faible
GN2025-04291,2025-11-24,2025,11,48,Faranah,Dinguiraye,soudano-guinéen,11.30000,-10.72000,27.97,23.35,32.25,1.03,7.43,187.64,72.52,7.47,3,47.87,0.265,3,0.003,faible
GN2025-04292,2025-01-16,2025,1,3,Faranah,Faranah,soudano-guinéen,10.04000,-10.74000,28.00,22.63,32.01,15.58,18.43,26.11,57.87,9.00,1,38.37,0.203,4,0.004,faible
GN2025-04293,2025-08-23,2025,8,34,Faranah,Kissidougou,forestier,9.18000,-10.10000,27.57,24.21,30.91,35.53,154.43,868.44,78.56,9.67,6,95.71,1.000,10,0.011,eleve
GN2025-04294,2025-10-13,2025,10,42,Kankan,Kankan,soudano-guinéen,10.39000,-9.31000,28.95,24.96,32.36,21.11,103.55,345.71,83.12,5.55,7,62.57,0.978,8,0.008,eleve
GN2025-04295,2025-12-20,2025,12,51,Kankan,Kérouané,forestier,9.27000,-9.01000,26.80,21.96,31.79,54.74,280.73,694.84,84.24,8.22,7,93.84,1.000,9,0.009,eleve
GN2025-04296,2025-11-21,2025,11,47,Kankan,Kouroussa,soudano-guinéen,10.65000,-9.89000,29.28,25.79,32.35,2.90,56.08,231.04,69.91,7.65,5,50.57,0.549,5,0.005,moyen
GN2025-04297,2025-08-20,2025,8,34,Kankan,Mandiana,soudano-guinéen,10.63000,-8.68000,28.92,24.54,34.08,2.67,62.12,205.28,74.39,4.98,6,52.36,0.650,8,0.008,moyen
GN2025-04298,2025-03-14,2025,3,11,Kankan,Siguiri,soudano-guinéen,11.42000,-9.17000,30.12,26.37,33.47,0.69,2.41,27.61,50.13,9.64,0,31.60,0.161,1,0.001,faible
GN2025-04299,2025-07-11,2025,7,28,Kindia,Coyah,côtier,9.71000,-13.38000,26.96,22.29,31.61,13.23,85.09,596.80,78.95,10.94,6,76.94,0.678,12,0.013,eleve
GN2025-04300,2025-05-25,2025,5,21,Kindia,Dubréka,côtier,9.79000,-13.52000,28.18,23.99,33.61,2.68,14.41,296.66,67.55,9.03,6,55.40,0.393,6,0.007,faible
GN2025-04301,2025-01-28,2025,1,5,Kindia,Forécariah,côtier,9.43000,-13.09000,28.06,23.54,33.21,0.45,1.17,16.87,62.79,13.56,0,42.59,0.084,3,0.003,faible
GN2025-04302,2025-03-21,2025,3,12,Kindia,Kindia,côtier,10.06000,-12.87000,26.56,21.38,30.07,0.42,35.88,46.00,54.99,11.31,3,39.47,0.401,6,0.006,faible
GN2025-04303,2025-07-16,2025,7,29,Kindia,Télimélé,soudano-guinéen,10.91000,-13.04000,26.06,21.39,29.57,19.45,276.98,601.80,80.20,4.59,7,73.97,1.000,18,0.018,eleve
GN2025-04304,2025-12-21,2025,12,51,Labé,Koubia,montagneux,11.59000,-11.90000,24.81,21.67,29.64,2.58,13.54,383.40,77.92,8.05,4,52.11,0.368,9,0.008,moyen
GN2025-04305,2025-06-09,2025,6,24,Labé,Labé,montagneux,11.32000,-12.29000,24.64,19.09,28.19,1.51,111.47,376.01,72.06,7.44,7,62.78,0.897,5,0.005,moyen
GN2025-04306,2025-05-04,2025,5,18,Labé,Lélouma,montagneux,11.18000,-12.48000,23.96,19.58,27.10,0.58,8.67,69.21,62.45,4.54,1,41.10,0.110,2,0.002,faible
GN2025-04307,2025-09-29,2025,9,40,Labé,Mali,montagneux,12.08000,-12.30000,24.78,21.46,29.58,2.89,20.78,395.51,72.16,7.04,4,66.70,0.388,4,0.004,faible
GN2025-04308,2025-05-06,2025,5,19,Labé,Tougué,montagneux,11.45000,-11.67000,26.49,20.92,30.97,10.22,16.90,71.94,62.65,10.31,2,38.04,0.268,6,0.005,faible
GN2025-04309,2025-08-10,2025,8,32,Mamou,Dalaba,montagneux,10.69000,-12.25000,24.25,19.52,28.22,2.65,127.74,397.93,73.85,5.47,7,66.06,0.995,10,0.009,moyen
GN2025-04310,2025-07-30,2025,7,31,Mamou,Mamou,montagneux,10.38000,-12.09000,24.75,19.91,30.47,0.52,111.98,411.44,80.49,9.23,4,64.41,0.822,13,0.012,moyen
GN2025-04311,2025-01-19,2025,1,3,Mamou,Pita,montagneux,11.06000,-12.40000,26.24,20.74,29.81,0.68,2.76,24.68,57.60,11.65,0,36.26,0.111,3,0.003,faible
GN2025-04312,2025-03-08,2025,3,10,Nzérékoré,Beyla,forestier,8.69000,-8.65000,27.79,23.10,32.35,0.61,2.27,84.38,58.34,11.94,0,38.13,0.132,6,0.006,faible
GN2025-04313,2025-01-20,2025,1,4,Nzérékoré,Guéckédou,forestier,8.57000,-10.13000,28.45,23.69,33.58,0.16,14.03,18.36,62.26,11.85,1,29.14,0.218,5,0.006,faible
GN2025-04314,2025-01-24,2025,1,4,Nzérékoré,Lola,forestier,7.80000,-8.53000,25.92,22.42,31.38,0.75,3.10,10.32,57.41,9.10,0,41.82,0.129,3,0.003,faible
GN2025-04315,2025-11-26,2025,11,48,Nzérékoré,Macenta,forestier,8.54000,-9.47000,24.61,20.76,29.65,67.64,360.40,1341.88,84.20,6.45,7,98.00,1.000,11,0.012,eleve
GN2025-04316,2025-12-26,2025,12,52,Nzérékoré,Nzérékoré,forestier,7.76000,-8.82000,25.10,20.36,30.68,39.71,323.63,1018.54,81.39,4.47,6,98.00,1.000,10,0.011,eleve
GN2025-04317,2025-04-01,2025,4,14,Nzérékoré,Yomou,forestier,7.56000,-9.31000,27.01,22.12,31.33,0.74,70.58,173.45,53.68,13.30,2,52.21,0.493,4,0.004,moyen
GN2025-04318,2025-01-15,2025,1,3,Conakry,Conakry,côtier,9.54000,-13.68000,28.67,23.67,32.14,22.60,52.76,54.76,60.44,5.83,2,53.02,0.430,1,0.001,faible
GN2025-04319,2025-11-09,2025,11,45,Boké,Boffa,côtier,10.18000,-14.04000,27.98,23.71,33.25,0.28,143.29,580.46,81.16,10.84,4,73.38,0.938,12,0.012,eleve
GN2025-04320,2025-10-21,2025,10,43,Boké,Boké,côtier,10.94000,-14.29000,27.56,24.01,30.89,37.79,107.46,542.34,79.44,7.67,6,73.36,0.940,14,0.014,eleve
GN2025-04321,2025-04-19,2025,4,16,Boké,Fria,côtier,10.37000,-13.58000,29.67,25.93,33.24,0.03,36.05,93.32,63.30,10.91,1,52.82,0.237,7,0.007,faible
GN2025-04322,2025-05-24,2025,5,21,Boké,Gaoual,soudano-guinéen,11.75000,-13.20000,30.36,26.35,34.04,2.26,16.23,52.95,68.91,7.19,5,35.11,0.364,7,0.007,faible
GN2025-04323,2025-08-21,2025,8,34,Boké,Koundara,soudano-guinéen,12.48000,-13.30000,29.19,24.93,33.68,2.39,106.58,249.93,71.42,5.70,6,46.96,0.830,6,0.006,moyen
GN2025-04324,2025-04-30,2025,4,18,Faranah,Dabola,soudano-guinéen,10.75000,-11.11000,28.68,24.71,32.43,0.25,94.75,145.14,63.62,7.56,3,46.52,0.673,4,0.004,faible
GN2025-04325,2025-03-08,2025,3,10,Faranah,Dinguiraye,soudano-guinéen,11.30000,-10.72000,28.72,25.49,33.34,0.34,3.05,46.41,54.28,8.08,0,40.06,0.082,6,0.006,faible
GN2025-04326,2025-01-25,2025,1,4,Faranah,Faranah,soudano-guinéen,10.04000,-10.74000,29.08,25.62,32.57,0.22,9.23,48.19,59.94,12.92,1,53.02,0.166,2,0.002,faible
GN2025-04327,2025-07-24,2025,7,30,Faranah,Kissidougou,forestier,9.18000,-10.10000,25.43,22.31,29.40,32.57,318.39,976.10,77.55,11.41,6,96.15,1.000,17,0.018,eleve
GN2025-04328,2025-01-23,2025,1,4,Kankan,Kankan,soudano-guinéen,10.39000,-9.31000,29.57,26.11,35.34,0.58,3.16,9.04,58.97,9.72,0,36.00,0.085,3,0.003,faible
GN2025-04329,2025-11-04,2025,11,45,Kankan,Kérouané,forestier,9.27000,-9.01000,27.66,23.99,31.90,2.04,137.18,687.19,66.01,8.48,5,73.15,0.966,20,0.021,eleve
GN2025-04330,2025-12-26,2025,12,52,Kankan,Kouroussa,soudano-guinéen,10.65000,-9.89000,28.84,23.96,33.87,33.60,47.37,180.89,76.54,8.38,6,55.37,0.586,12,0.012,moyen
GN2025-04331,2025-12-28,2025,12,52,Kankan,Mandiana,soudano-guinéen,10.63000,-8.68000,28.31,24.38,31.44,0.35,158.80,350.82,77.78,9.42,6,51.65,1.000,7,0.007,eleve
GN2025-04332,2025-03-17,2025,3,12,Kankan,Siguiri,soudano-guinéen,11.42000,-9.17000,29.83,24.70,33.43,0.15,2.75,27.62,57.06,14.95,0,26.83,0.057,2,0.002,faible
GN2025-04333,2025-11-17,2025,11,47,Kindia,Coyah,côtier,9.71000,-13.38000,28.12,25.03,32.02,103.75,278.49,740.25,84.07,9.82,7,88.93,1.000,11,0.012,eleve
GN2025-04334,2025-04-26,2025,4,17,Kindia,Dubréka,côtier,9.79000,-13.52000,29.53,25.93,34.12,128.45,180.52,388.85,70.26,12.81,2,64.78,0.972,17,0.019,eleve
GN2025-04335,2025-12-02,2025,12,49,Kindia,Forécariah,côtier,9.43000,-13.09000,27.24,22.48,32.18,6.49,372.90,1049.99,76.94,8.83,7,98.00,1.000,16,0.017,eleve
GN2025-04336,2025-07-20,2025,7,29,Kindia,Kindia,côtier,10.06000,-12.87000,27.65,23.75,33.09,1.93,307.65,834.67,75.94,7.23,7,94.14,1.000,13,0.014,eleve
GN2025-04337,2025-11-17,2025,11,47,Kindia,Télimélé,soudano-guinéen,10.91000,-13.04000,26.99,22.34,31.55,33.46,281.94,620.71,74.53,8.56,5,79.97,1.000,15,0.015,eleve
GN2025-04338,2025-04-10,2025,4,15,Labé,Koubia,montagneux,11.59000,-11.90000,25.70,22.57,29.47,0.40,3.42,103.42,61.23,9.49,0,44.07,0.124,3,0.003,faible
GN2025-04339,2025-07-05,2025,7,27,Labé,Labé,montagneux,11.32000,-12.29000,24.27,19.41,27.83,0.32,77.06,357.55,73.74,6.10,6,56.14,0.664,5,0.005,moyen
GN2025-04340,2025-09-21,2025,9,38,Labé,Lélouma,montagneux,11.18000,-12.48000,23.21,19.11,28.05,2.50,107.24,386.70,71.31,8.78,7,72.47,0.856,12,0.011,moyen
GN2025-04341,2025-02-26,2025,2,9,Labé,Mali,montagneux,12.08000,-12.30000,25.84,21.67,31.51,0.73,3.13,44.28,56.27,17.02,0,43.83,0.067,1,0.001,faible
GN2025-04342,2025-09-16,2025,9,38,Labé,Tougué,montagneux,11.45000,-11.67000,24.57,20.65,28.22,17.10,81.90,545.87,73.26,10.81,7,80.34,0.742,16,0.015,moyen
GN2025-04343,2025-01-29,2025,1,5,Mamou,Dalaba,montagneux,10.69000,-12.25000,25.11,19.98,29.86,0.08,2.14,55.10,53.10,9.76,0,42.32,0.030,2,0.002,faible
GN2025-04344,2025-06-26,2025,6,26,Mamou,Mamou,montagneux,10.38000,-12.09000,25.48,22.26,30.01,55.27,89.89,246.08,85.50,7.37,5,57.73,0.782,9,0.009,moyen
GN2025-04345,2025-03-20,2025,3,12,Mamou,Pita,montagneux,11.06000,-12.40000,26.09,22.04,29.68,0.41,2.54,77.35,56.30,10.57,0,43.51,0.056,2,0.002,faible
GN2025-04346,2025-02-18,2025,2,8,Nzérékoré,Beyla,forestier,8.69000,-8.65000,28.93,25.29,33.85,0.74,41.60,80.95,49.71,10.49,1,38.77,0.259,6,0.006,faible
GN2025-04347,2025-12-26,2025,12,52,Nzérékoré,Guéckédou,forestier,8.57000,-10.13000,25.07,20.46,28.61,0.45,129.92,1274.04,77.68,7.91,6,98.00,0.921,16,0.018,eleve
GN2025-04348,2025-01-18,2025,1,3,Nzérékoré,Lola,forestier,7.80000,-8.53000,25.52,21.86,30.91,0.62,3.12,7.85,62.32,12.23,0,42.24,0.092,5,0.005,faible
GN2025-04349,2025-02-16,2025,2,7,Nzérékoré,Macenta,forestier,8.54000,-9.47000,26.19,20.87,31.08,1.99,4.20,28.03,63.08,11.42,1,46.37,0.118,3,0.003,faible
GN2025-04350,2025-07-15,2025,7,29,Nzérékoré,Nzérékoré,forestier,7.76000,-8.82000,24.82,21.02,28.14,17.04,255.73,1063.28,74.68,8.92,6,98.00,1.000,16,0.017,eleve
GN2025-04351,2025-04-25,2025,4,17,Nzérékoré,Yomou,forestier,7.56000,-9.31000,26.38,22.95,29.87,0.49,45.34,154.96,63.47,9.18,3,42.79,0.419,5,0.005,faible
GN2025-04352,2025-05-08,2025,5,19,Conakry,Conakry,côtier,9.54000,-13.68000,27.82,24.38,32.12,18.77,65.13,118.60,64.41,12.22,4,48.83,0.556,7,0.008,moyen
GN2025-04353,2025-02-11,2025,2,7,Boké,Boffa,côtier,10.18000,-14.04000,29.71,25.49,34.41,0.62,3.33,27.79,56.59,11.67,0,32.74,0.146,4,0.004,faible
GN2025-04354,2025-10-03,2025,10,40,Boké,Boké,côtier,10.94000,-14.29000,28.52,24.71,33.52,33.06,106.78,376.04,79.70,7.14,6,68.78,0.885,9,0.009,moyen
GN2025-04355,2025-07-22,2025,7,30,Boké,Fria,côtier,10.37000,-13.58000,28.00,22.56,31.35,2.44,24.14,382.76,71.76,8.12,4,62.07,0.404,6,0.006,moyen
GN2025-04356,2025-05-26,2025,5,22,Boké,Gaoual,soudano-guinéen,11.75000,-13.20000,29.32,24.83,33.94,1.67,12.96,56.04,74.08,10.46,6,52.46,0.415,6,0.006,faible
GN2025-04357,2025-04-05,2025,4,14,Boké,Koundara,soudano-guinéen,12.48000,-13.30000,29.97,25.82,34.76,0.41,2.51,11.11,62.49,9.75,0,38.69,0.096,1,0.001,faible
GN2025-04358,2025-02-28,2025,2,9,Faranah,Dabola,soudano-guinéen,10.75000,-11.11000,28.15,24.61,33.31,0.67,3.15,29.04,66.33,8.68,0,37.69,0.113,3,0.003,faible
GN2025-04359,2025-09-14,2025,9,37,Faranah,Dinguiraye,soudano-guinéen,11.30000,-10.72000,27.35,22.03,32.66,1.72,54.06,381.00,74.00,5.52,6,71.48,0.659,8,0.008,moyen
GN2025-04360,2025-09-06,2025,9,36,Faranah,Faranah,soudano-guinéen,10.04000,-10.74000,28.52,24.83,32.11,5.40,89.82,505.79,70.08,10.08,5,77.98,0.735,15,0.015,moyen
GN2025-04361,2025-10-30,2025,10,44,Faranah,Kissidougou,forestier,9.18000,-10.10000,27.84,23.64,32.69,0.79,60.78,694.55,75.77,11.41,6,87.71,0.640,14,0.015,eleve
GN2025-04362,2025-12-10,2025,12,50,Kankan,Kankan,soudano-guinéen,10.39000,-9.31000,28.06,23.89,31.62,0.85,106.48,303.87,73.53,6.01,5,68.35,0.726,9,0.009,moyen
GN2025-04363,2025-10-21,2025,10,43,Kankan,Kérouané,forestier,9.27000,-9.01000,27.91,23.03,32.58,19.08,189.86,730.86,83.11,7.89,6,86.46,1.000,13,0.013,eleve
GN2025-04364,2025-01-06,2025,1,2,Kankan,Kouroussa,soudano-guinéen,10.65000,-9.89000,30.55,25.13,34.58,0.30,2.60,2.60,58.01,11.55,0,40.67,0.144,3,0.003,faible
GN2025-04365,2025-06-04,2025,6,23,Kankan,Mandiana,soudano-guinéen,10.63000,-8.68000,29.46,24.23,33.59,2.40,86.27,173.90,67.94,12.43,5,51.14,0.730,12,0.012,moyen
GN2025-04366,2025-12-21,2025,12,51,Kankan,Siguiri,soudano-guinéen,11.42000,-9.17000,29.21,24.47,32.77,2.11,13.09,73.77,72.12,7.90,6,41.35,0.386,6,0.006,faible
GN2025-04367,2025-12-26,2025,12,52,Kindia,Coyah,côtier,9.71000,-13.38000,27.20,23.06,30.69,33.91,248.40,1035.96,83.53,6.92,7,98.00,1.000,12,0.013,eleve
GN2025-04368,2025-12-05,2025,12,49,Kindia,Dubréka,côtier,9.79000,-13.52000,26.30,22.30,31.66,2.87,192.53,803.40,67.81,6.54,6,81.67,1.000,10,0.011,eleve
GN2025-04369,2025-10-09,2025,10,41,Kindia,Forécariah,côtier,9.43000,-13.09000,27.61,23.62,32.34,0.39,283.94,988.83,76.76,9.62,6,95.42,1.000,14,0.015,eleve
GN2025-04370,2025-05-02,2025,5,18,Kindia,Kindia,côtier,10.06000,-12.87000,28.15,24.14,33.61,2.95,47.55,177.91,58.78,8.65,2,42.54,0.420,9,0.010,faible
GN2025-04371,2025-08-19,2025,8,34,Kindia,Télimélé,soudano-guinéen,10.91000,-13.04000,26.50,21.65,30.11,35.85,104.56,446.63,77.56,8.20,5,66.45,0.825,14,0.014,moyen
GN2025-04372,2025-12-01,2025,12,49,Labé,Koubia,montagneux,11.59000,-11.90000,23.59,18.15,27.91,63.62,83.79,506.97,74.66,10.22,7,74.96,0.817,11,0.010,moyen
GN2025-04373,2025-09-14,2025,9,37,Labé,Labé,montagneux,11.32000,-12.29000,24.27,19.29,29.68,21.85,126.46,600.03,78.16,4.99,7,75.67,1.000,8,0.008,eleve
GN2025-04374,2025-08-26,2025,8,35,Labé,Lélouma,montagneux,11.18000,-12.48000,23.55,19.46,28.61,13.43,71.84,341.73,78.74,7.68,6,62.92,0.721,9,0.008,moyen
GN2025-04375,2025-01-31,2025,1,5,Labé,Mali,montagneux,12.08000,-12.30000,25.61,21.30,28.78,0.07,2.40,21.16,61.75,14.42,0,25.92,0.150,4,0.004,faible
GN2025-04376,2025-09-15,2025,9,38,Labé,Tougué,montagneux,11.45000,-11.67000,24.77,21.71,28.30,52.59,98.63,529.21,76.19,7.63,7,76.31,0.908,10,0.009,moyen
GN2025-04377,2025-04-25,2025,4,17,Mamou,Dalaba,montagneux,10.69000,-12.25000,24.89,20.49,30.12,0.50,3.25,60.48,60.37,10.52,0,41.00,0.059,3,0.003,faible
GN2025-04378,2025-09-05,2025,9,36,Mamou,Mamou,montagneux,10.38000,-12.09000,24.15,20.54,28.19,58.74,130.31,436.56,91.00,10.10,7,63.96,1.000,10,0.009,eleve
GN2025-04379,2025-01-01,2025,1,1,Mamou,Pita,montagneux,11.06000,-12.40000,25.03,21.68,30.68,0.17,0.17,0.17,50.64,12.94,0,32.03,0.062,1,0.001,faible
GN2025-04380,2025-09-01,2025,9,36,Nzérékoré,Beyla,forestier,8.69000,-8.65000,26.49,21.36,30.73,1.16,122.03,585.53,79.00,5.14,4,78.27,0.857,11,0.011,eleve
GN2025-04381,2025-07-14,2025,7,29,Nzérékoré,Guéckédou,forestier,8.57000,-10.13000,25.45,21.90,28.79,34.83,299.38,1073.82,78.08,10.18,7,98.00,1.000,12,0.013,eleve
GN2025-04382,2025-06-01,2025,6,22,Nzérékoré,Lola,forestier,7.80000,-8.53000,26.41,22.38,31.11,50.55,212.09,412.78,82.05,7.72,7,79.92,1.000,8,0.008,eleve
GN2025-04383,2025-08-29,2025,8,35,Nzérékoré,Macenta,forestier,8.54000,-9.47000,24.56,19.38,27.66,91.61,368.87,1513.11,77.64,5.97,7,98.00,1.000,12,0.013,eleve
GN2025-04384,2025-04-10,2025,4,15,Nzérékoré,Nzérékoré,forestier,7.76000,-8.82000,26.19,21.21,30.33,18.48,82.32,118.18,61.16,12.21,4,40.10,0.656,9,0.010,moyen
GN2025-04385,2025-12-17,2025,12,51,Nzérékoré,Yomou,forestier,7.56000,-9.31000,26.12,21.60,29.91,59.99,241.89,1111.48,84.27,10.38,7,98.00,1.000,19,0.020,eleve
GN2025-04386,2025-08-30,2025,8,35,Conakry,Conakry,côtier,9.54000,-13.68000,27.14,21.56,31.61,37.00,416.04,1092.95,80.58,10.43,7,98.00,1.000,18,0.021,eleve
GN2025-04387,2025-04-04,2025,4,14,Boké,Boffa,côtier,10.18000,-14.04000,27.98,23.92,31.38,0.12,2.55,80.57,59.56,8.78,0,40.79,0.106,2,0.002,faible
GN2025-04388,2025-05-21,2025,5,21,Boké,Boké,côtier,10.94000,-14.29000,29.12,25.92,34.18,6.58,41.78,228.49,68.18,6.69,6,56.90,0.589,8,0.008,moyen
GN2025-04389,2025-02-21,2025,2,8,Boké,Fria,côtier,10.37000,-13.58000,29.58,26.38,33.59,0.70,3.16,89.14,55.59,7.17,0,47.81,0.017,2,0.002,faible
GN2025-04390,2025-05-13,2025,5,20,Boké,Gaoual,soudano-guinéen,11.75000,-13.20000,29.57,26.38,34.06,5.59,14.21,114.84,66.97,7.73,6,49.78,0.443,6,0.006,faible
GN2025-04391,2025-01-05,2025,1,1,Boké,Koundara,soudano-guinéen,12.48000,-13.30000,29.19,26.07,32.63,0.67,13.57,13.57,59.32,10.33,1,46.48,0.280,4,0.004,faible
GN2025-04392,2025-04-10,2025,4,15,Faranah,Dabola,soudano-guinéen,10.75000,-11.11000,29.64,25.95,33.33,0.14,13.51,33.47,66.96,5.99,2,32.59,0.227,7,0.007,faible
GN2025-04393,2025-08-10,2025,8,32,Faranah,Dinguiraye,soudano-guinéen,11.30000,-10.72000,27.13,22.80,31.58,25.09,142.40,432.38,78.47,4.41,7,68.21,1.000,11,0.010,eleve
GN2025-04394,2025-03-30,2025,3,13,Faranah,Faranah,soudano-guinéen,10.04000,-10.74000,29.26,26.01,34.42,0.47,3.36,46.31,55.27,16.84,0,34.08,0.122,3,0.003,faible
GN2025-04395,2025-01-12,2025,1,2,Faranah,Kissidougou,forestier,9.18000,-10.10000,28.09,24.30,32.10,0.72,3.85,5.50,51.29,12.07,0,41.38,0.080,4,0.004,faible
GN2025-04396,2025-05-08,2025,5,19,Kankan,Kankan,soudano-guinéen,10.39000,-9.31000,29.57,25.14,32.81,36.47,46.60,72.46,65.86,7.51,3,45.46,0.399,5,0.005,faible
GN2025-04397,2025-05-08,2025,5,19,Kankan,Kérouané,forestier,9.27000,-9.01000,28.82,24.45,33.62,3.07,44.02,94.00,59.63,9.08,3,36.89,0.367,10,0.010,faible
GN2025-04398,2025-10-07,2025,10,41,Kankan,Kouroussa,soudano-guinéen,10.65000,-9.89000,27.64,22.88,32.36,0.04,58.97,323.03,73.20,8.78,4,61.14,0.569,6,0.006,moyen
GN2025-04399,2025-01-17,2025,1,3,Kankan,Mandiana,soudano-guinéen,10.63000,-8.68000,29.10,25.46,34.35,0.71,2.70,46.17,64.54,13.80,0,36.71,0.067,6,0.006,faible
GN2025-04400,2025-09-01,2025,9,36,Kankan,Siguiri,soudano-guinéen,11.42000,-9.17000,31.08,27.35,35.55,1.48,56.59,175.44,79.49,7.72,7,59.89,0.680,6,0.006,faible
GN2025-04401,2025-03-12,2025,3,11,Kindia,Coyah,côtier,9.71000,-13.38000,28.35,24.41,31.71,7.74,9.29,50.22,57.92,9.59,1,39.09,0.223,7,0.008,faible
GN2025-04402,2025-07-01,2025,7,27,Kindia,Dubréka,côtier,9.79000,-13.52000,26.81,21.59,32.59,17.44,66.91,608.47,68.54,11.84,7,68.73,0.718,6,0.007,eleve
GN2025-04403,2025-03-31,2025,3,14,Kindia,Forécariah,côtier,9.43000,-13.09000,27.01,21.77,30.58,0.38,11.28,53.40,60.92,11.32,1,39.26,0.202,12,0.013,faible
GN2025-04404,2025-02-16,2025,2,7,Kindia,Kindia,côtier,10.06000,-12.87000,28.14,25.05,33.65,0.10,1.98,18.44,60.69,9.97,0,45.41,0.112,4,0.004,faible
GN2025-04405,2025-06-29,2025,6,26,Kindia,Télimélé,soudano-guinéen,10.91000,-13.04000,27.34,22.78,32.61,1.21,131.28,399.97,75.92,5.16,7,75.66,1.000,9,0.009,eleve
GN2025-04406,2025-07-24,2025,7,30,Labé,Koubia,montagneux,11.59000,-11.90000,23.84,18.81,28.34,2.25,93.36,385.99,77.02,9.70,6,70.27,0.840,3,0.003,moyen
GN2025-04407,2025-07-30,2025,7,31,Labé,Labé,montagneux,11.32000,-12.29000,24.03,20.50,27.75,24.18,223.09,563.84,79.58,4.54,6,75.61,1.000,12,0.011,eleve
GN2025-04408,2025-04-10,2025,4,15,Labé,Lélouma,montagneux,11.18000,-12.48000,25.46,20.26,30.39,0.20,18.88,93.10,63.62,9.27,1,44.47,0.242,4,0.004,faible
GN2025-04409,2025-02-02,2025,2,5,Labé,Mali,montagneux,12.08000,-12.30000,25.70,22.53,30.89,21.25,23.48,41.77,67.34,9.61,1,49.08,0.275,3,0.003,faible
GN2025-04410,2025-11-18,2025,11,47,Labé,Tougué,montagneux,11.45000,-11.67000,24.06,18.91,28.73,0.13,37.67,497.58,75.65,5.51,5,71.66,0.487,5,0.005,faible
GN2025-04411,2025-07-08,2025,7,28,Mamou,Dalaba,montagneux,10.69000,-12.25000,25.31,19.96,30.67,14.66,81.76,254.95,74.86,8.76,6,58.82,0.727,7,0.007,moyen
GN2025-04412,2025-11-03,2025,11,45,Mamou,Mamou,montagneux,10.38000,-12.09000,24.37,20.85,28.29,31.69,156.92,483.85,80.59,6.26,7,70.05,1.000,11,0.010,eleve
GN2025-04413,2025-05-19,2025,5,21,Mamou,Pita,montagneux,11.06000,-12.40000,25.44,21.70,29.75,2.03,14.89,226.78,71.42,6.70,5,55.20,0.370,6,0.006,faible
GN2025-04414,2025-01-16,2025,1,3,Nzérékoré,Beyla,forestier,8.69000,-8.65000,28.69,23.53,34.36,14.68,16.39,31.28,56.28,14.79,1,33.40,0.141,2,0.002,faible
GN2025-04415,2025-08-07,2025,8,32,Nzérékoré,Guéckédou,forestier,8.57000,-10.13000,24.98,21.21,30.24,167.27,461.76,1373.08,89.26,9.31,5,98.00,1.000,19,0.021,eleve
GN2025-04416,2025-04-11,2025,4,15,Nzérékoré,Lola,forestier,7.80000,-8.53000,28.11,24.33,32.18,0.22,41.79,165.45,62.72,10.41,2,49.26,0.277,6,0.006,faible
GN2025-04417,2025-04-25,2025,4,17,Nzérékoré,Macenta,forestier,8.54000,-9.47000,27.90,23.59,33.49,0.42,2.79,78.20,59.33,9.58,0,36.98,0.093,3,0.003,faible
GN2025-04418,2025-05-22,2025,5,21,Nzérékoré,Nzérékoré,forestier,7.76000,-8.82000,26.86,23.66,30.87,15.37,50.59,332.45,67.21,8.83,7,54.45,0.548,5,0.005,moyen
GN2025-04419,2025-08-10,2025,8,32,Nzérékoré,Yomou,forestier,7.56000,-9.31000,25.84,20.40,28.89,34.06,326.97,1046.58,79.26,9.74,7,98.00,1.000,15,0.016,eleve
GN2025-04420,2025-05-12,2025,5,20,Conakry,Conakry,côtier,9.54000,-13.68000,27.24,23.59,30.96,0.19,62.19,155.12,69.85,6.70,6,50.86,0.652,10,0.012,moyen
GN2025-04421,2025-08-18,2025,8,34,Boké,Boffa,côtier,10.18000,-14.04000,26.91,23.76,32.47,7.38,186.66,717.74,69.40,7.88,7,82.32,1.000,9,0.009,eleve
GN2025-04422,2025-10-25,2025,10,43,Boké,Boké,côtier,10.94000,-14.29000,28.54,23.12,33.39,1.37,88.09,406.33,74.04,7.37,5,75.67,0.806,10,0.010,moyen
GN2025-04423,2025-08-20,2025,8,34,Boké,Fria,côtier,10.37000,-13.58000,28.50,23.88,33.45,1.48,126.16,679.37,68.56,9.14,7,75.78,1.000,15,0.015,eleve
GN2025-04424,2025-02-01,2025,2,5,Boké,Gaoual,soudano-guinéen,11.75000,-13.20000,30.94,26.65,34.19,0.25,2.10,93.27,54.59,10.69,0,37.99,0.123,1,0.001,faible
GN2025-04425,2025-09-14,2025,9,37,Boké,Koundara,soudano-guinéen,12.48000,-13.30000,28.76,23.37,32.45,1.37,25.87,222.90,77.62,8.21,6,63.45,0.530,8,0.007,moyen
GN2025-04426,2025-05-03,2025,5,18,Faranah,Dabola,soudano-guinéen,10.75000,-11.11000,28.63,25.32,33.53,30.06,128.09,242.81,63.98,10.04,3,46.94,0.821,4,0.004,moyen
GN2025-04427,2025-06-25,2025,6,26,Faranah,Dinguiraye,soudano-guinéen,11.30000,-10.72000,28.17,23.97,33.05,0.72,108.32,475.49,67.95,6.37,6,58.45,0.815,8,0.008,moyen
GN2025-04428,2025-12-27,2025,12,52,Faranah,Faranah,soudano-guinéen,10.04000,-10.74000,28.54,22.95,33.10,16.55,155.07,484.91,82.95,3.93,6,76.38,1.000,15,0.015,eleve
GN2025-04429,2025-09-06,2025,9,36,Faranah,Kissidougou,forestier,9.18000,-10.10000,25.76,20.87,29.86,35.48,179.68,930.23,77.40,7.35,6,96.62,1.000,21,0.022,eleve
GN2025-04430,2025-05-23,2025,5,21,Kankan,Kankan,soudano-guinéen,10.39000,-9.31000,30.20,26.52,35.20,14.26,28.15,126.06,71.28,6.72,6,43.33,0.433,2,0.002,faible
GN2025-04431,2025-09-04,2025,9,36,Kankan,Kérouané,forestier,9.27000,-9.01000,26.93,23.72,32.12,133.82,387.91,779.00,85.44,9.69,6,91.16,1.000,11,0.011,eleve
GN2025-04432,2025-01-22,2025,1,4,Kankan,Kouroussa,soudano-guinéen,10.65000,-9.89000,29.71,24.54,33.43,0.24,2.59,11.74,57.00,7.85,0,40.88,0.062,3,0.003,faible
GN2025-04433,2025-07-22,2025,7,30,Kankan,Mandiana,soudano-guinéen,10.63000,-8.68000,26.89,22.06,31.15,14.97,86.03,271.84,75.04,5.74,7,67.23,0.878,10,0.010,moyen
GN2025-04434,2025-06-24,2025,6,26,Kankan,Siguiri,soudano-guinéen,11.42000,-9.17000,29.51,24.26,34.16,8.86,70.35,170.70,72.52,8.19,5,48.79,0.546,5,0.005,moyen
GN2025-04435,2025-09-28,2025,9,39,Kindia,Coyah,côtier,9.71000,-13.38000,27.33,22.99,31.69,15.99,474.36,1239.79,75.13,10.32,6,98.00,1.000,18,0.020,eleve
GN2025-04436,2025-10-26,2025,10,43,Kindia,Dubréka,côtier,9.79000,-13.52000,27.07,21.89,30.60,104.16,246.21,960.22,87.92,4.95,6,94.88,1.000,14,0.015,eleve
GN2025-04437,2025-12-19,2025,12,51,Kindia,Forécariah,côtier,9.43000,-13.09000,26.20,21.08,31.80,1.03,142.11,969.24,76.45,7.04,6,94.91,1.000,13,0.014,eleve
GN2025-04438,2025-05-07,2025,5,19,Kindia,Kindia,côtier,10.06000,-12.87000,26.49,22.85,31.44,1.43,98.49,239.53,61.93,8.85,5,51.28,0.811,8,0.008,moyen
GN2025-04439,2025-01-06,2025,1,2,Kindia,Télimélé,soudano-guinéen,10.91000,-13.04000,27.77,22.86,31.51,0.62,2.65,2.65,59.61,5.89,0,44.54,0.111,3,0.003,faible
GN2025-04440,2025-03-18,2025,3,12,Labé,Koubia,montagneux,11.59000,-11.90000,25.99,21.89,29.94,0.16,9.60,39.46,57.56,8.97,1,33.63,0.179,3,0.003,faible
GN2025-04441,2025-05-19,2025,5,21,Labé,Labé,montagneux,11.32000,-12.29000,25.16,21.37,28.42,2.56,62.08,162.40,68.59,3.81,7,55.19,0.692,3,0.003,moyen
GN2025-04442,2025-10-17,2025,10,42,Labé,Lélouma,montagneux,11.18000,-12.48000,23.19,18.07,26.30,22.51,135.40,670.60,82.10,4.01,6,86.88,1.000,12,0.011,moyen
GN2025-04443,2025-10-15,2025,10,42,Labé,Mali,montagneux,12.08000,-12.30000,24.41,20.72,28.64,6.28,19.97,338.60,73.72,11.44,5,64.56,0.438,7,0.006,faible
GN2025-04444,2025-04-08,2025,4,15,Labé,Tougué,montagneux,11.45000,-11.67000,27.04,23.97,30.88,0.68,4.10,38.22,62.35,10.58,0,46.12,0.093,2,0.002,faible
GN2025-04445,2025-12-22,2025,12,52,Mamou,Dalaba,montagneux,10.69000,-12.25000,22.16,18.76,25.78,90.69,175.82,676.61,83.29,8.45,7,88.03,1.000,11,0.010,eleve
GN2025-04446,2025-07-02,2025,7,27,Mamou,Mamou,montagneux,10.38000,-12.09000,25.35,20.70,29.96,15.39,162.50,327.66,72.40,11.49,6,55.32,1.000,9,0.009,moyen
GN2025-04447,2025-01-14,2025,1,3,Mamou,Pita,montagneux,11.06000,-12.40000,25.73,22.40,29.78,0.66,2.81,22.64,59.81,11.53,0,33.67,0.083,7,0.007,faible
GN2025-04448,2025-04-09,2025,4,15,Nzérékoré,Beyla,forestier,8.69000,-8.65000,26.79,21.24,31.53,0.20,2.72,52.49,53.37,7.54,0,44.89,0.048,2,0.002,faible
GN2025-04449,2025-08-01,2025,8,31,Nzérékoré,Guéckédou,forestier,8.57000,-10.13000,26.00,21.95,31.49,68.30,221.52,1405.74,86.80,5.07,6,98.00,1.000,12,0.013,eleve
GN2025-04450,2025-11-30,2025,11,48,Nzérékoré,Lola,forestier,7.80000,-8.53000,24.09,19.84,29.11,12.62,178.96,1013.78,75.02,9.20,7,98.00,1.000,16,0.017,eleve
GN2025-04451,2025-04-29,2025,4,18,Nzérékoré,Macenta,forestier,8.54000,-9.47000,25.95,22.93,30.63,40.10,44.24,119.47,67.34,7.00,2,48.79,0.371,6,0.006,faible
GN2025-04452,2025-08-17,2025,8,33,Nzérékoré,Nzérékoré,forestier,7.76000,-8.82000,25.29,21.83,28.47,102.83,208.47,942.69,88.41,6.55,6,98.00,1.000,12,0.013,eleve
GN2025-04453,2025-07-11,2025,7,28,Nzérékoré,Yomou,forestier,7.56000,-9.31000,25.17,21.89,30.43,0.23,155.77,886.01,68.68,12.20,4,95.70,0.944,12,0.013,eleve
GN2025-04454,2025-09-19,2025,9,38,Conakry,Conakry,côtier,9.54000,-13.68000,26.25,20.90,30.39,1.69,189.60,1140.82,78.94,9.85,6,98.00,1.000,23,0.027,eleve
GN2025-04455,2025-06-24,2025,6,26,Boké,Boffa,côtier,10.18000,-14.04000,28.13,23.36,32.14,28.35,82.77,335.85,73.81,6.94,5,70.89,0.690,4,0.004,moyen
GN2025-04456,2025-08-05,2025,8,32,Boké,Boké,côtier,10.94000,-14.29000,28.42,23.75,33.81,1.12,36.70,358.90,66.50,6.82,4,57.90,0.472,7,0.007,faible
GN2025-04457,2025-05-06,2025,5,19,Boké,Fria,côtier,10.37000,-13.58000,29.12,25.83,34.27,2.06,15.33,146.79,65.41,14.29,3,58.11,0.243,6,0.006,faible
GN2025-04458,2025-11-23,2025,11,47,Boké,Gaoual,soudano-guinéen,11.75000,-13.20000,28.25,23.39,31.29,1.44,150.84,326.37,78.61,9.31,5,64.04,1.000,10,0.010,eleve
GN2025-04459,2025-05-20,2025,5,21,Boké,Koundara,soudano-guinéen,12.48000,-13.30000,29.42,25.18,34.63,0.16,51.82,128.62,61.82,8.43,3,39.22,0.540,4,0.004,faible
GN2025-04460,2025-05-06,2025,5,19,Faranah,Dabola,soudano-guinéen,10.75000,-11.11000,29.08,25.81,33.78,2.63,115.45,248.54,68.68,13.23,4,55.89,0.788,7,0.007,moyen
GN2025-04461,2025-03-18,2025,3,12,Faranah,Dinguiraye,soudano-guinéen,11.30000,-10.72000,28.54,23.83,33.32,0.09,2.11,45.77,58.18,10.57,0,39.60,0.112,2,0.002,faible
GN2025-04462,2025-07-10,2025,7,28,Faranah,Faranah,soudano-guinéen,10.04000,-10.74000,27.44,23.65,32.18,11.39,75.28,485.88,70.48,9.79,5,65.91,0.652,6,0.006,moyen
GN2025-04463,2025-07-12,2025,7,28,Faranah,Kissidougou,forestier,9.18000,-10.10000,25.56,21.48,28.67,61.56,266.72,752.53,88.85,7.16,6,86.99,1.000,19,0.020,eleve
GN2025-04464,2025-09-08,2025,9,37,Kankan,Kankan,soudano-guinéen,10.39000,-9.31000,28.09,24.30,33.27,17.84,81.43,254.50,86.28,10.85,6,70.71,0.818,12,0.012,moyen
GN2025-04465,2025-01-23,2025,1,4,Kankan,Kérouané,forestier,9.27000,-9.01000,28.61,25.04,31.72,0.77,2.92,11.34,58.83,12.69,0,38.21,0.120,5,0.005,faible
GN2025-04466,2025-01-03,2025,1,1,Kankan,Kouroussa,soudano-guinéen,10.65000,-9.89000,30.17,25.52,34.86,0.47,1.41,1.41,58.70,11.05,0,38.83,0.086,1,0.001,faible
GN2025-04467,2025-02-06,2025,2,6,Kankan,Mandiana,soudano-guinéen,10.63000,-8.68000,29.95,25.98,33.36,0.53,2.24,19.33,54.87,6.85,0,37.74,0.088,2,0.002,faible
GN2025-04468,2025-05-04,2025,5,18,Kankan,Siguiri,soudano-guinéen,11.42000,-9.17000,31.38,27.70,35.96,0.64,27.36,95.34,67.54,8.19,2,42.76,0.301,5,0.005,faible
GN2025-04469,2025-06-03,2025,6,23,Kindia,Coyah,côtier,9.71000,-13.38000,27.56,23.81,33.02,1.13,73.11,188.13,68.00,11.67,6,56.10,0.667,8,0.009,moyen
GN2025-04470,2025-10-17,2025,10,42,Kindia,Dubréka,côtier,9.79000,-13.52000,28.22,23.15,33.23,1.83,118.80,809.06,78.06,9.26,6,79.04,0.899,12,0.013,eleve
GN2025-04471,2025-03-25,2025,3,13,Kindia,Forécariah,côtier,9.43000,-13.09000,28.97,23.74,34.03,0.43,2.82,56.22,58.23,10.49,0,47.91,0.038,4,0.004,faible
GN2025-04472,2025-07-24,2025,7,30,Kindia,Kindia,côtier,10.06000,-12.87000,27.51,24.05,31.92,13.00,278.35,830.57,73.20,7.91,7,90.44,1.000,11,0.012,eleve
GN2025-04473,2025-01-16,2025,1,3,Kindia,Télimélé,soudano-guinéen,10.91000,-13.04000,29.02,24.89,33.07,0.39,18.60,42.23,58.78,7.01,1,40.17,0.238,1,0.001,faible
GN2025-04474,2025-06-07,2025,6,23,Labé,Koubia,montagneux,11.59000,-11.90000,24.28,21.22,27.97,0.39,67.42,166.28,69.33,5.63,5,57.13,0.642,10,0.009,faible
GN2025-04475,2025-01-04,2025,1,1,Labé,Labé,montagneux,11.32000,-12.29000,25.74,22.07,31.43,5.18,6.25,6.25,59.21,7.01,1,41.57,0.114,3,0.003,faible
GN2025-04476,2025-08-13,2025,8,33,Labé,Lélouma,montagneux,11.18000,-12.48000,23.42,18.45,27.84,0.33,210.40,537.45,69.19,12.16,4,70.98,1.000,7,0.006,moyen
GN2025-04477,2025-05-15,2025,5,20,Labé,Mali,montagneux,12.08000,-12.30000,24.65,21.53,30.42,1.26,39.88,226.47,66.32,12.78,5,41.32,0.506,5,0.005,faible
GN2025-04478,2025-03-04,2025,3,10,Labé,Tougué,montagneux,11.45000,-11.67000,26.26,23.19,31.97,0.64,13.43,49.01,54.02,9.57,2,43.65,0.198,4,0.004,faible
GN2025-04479,2025-02-22,2025,2,8,Mamou,Dalaba,montagneux,10.69000,-12.25000,26.85,22.94,30.62,0.30,37.32,52.74,52.42,11.40,2,34.44,0.411,5,0.005,faible
GN2025-04480,2025-07-30,2025,7,31,Mamou,Mamou,montagneux,10.38000,-12.09000,24.75,19.91,30.47,0.52,111.98,411.44,80.49,9.23,4,74.71,0.916,11,0.010,moyen
GN2025-04481,2025-10-05,2025,10,40,Mamou,Pita,montagneux,11.06000,-12.40000,24.10,20.02,27.91,2.77,175.88,535.28,78.32,6.10,6,69.46,1.000,12,0.011,eleve
GN2025-04482,2025-05-26,2025,5,22,Nzérékoré,Beyla,forestier,8.69000,-8.65000,26.56,23.38,31.90,0.28,76.69,348.57,74.17,6.84,5,62.81,0.596,7,0.007,moyen
GN2025-04483,2025-11-20,2025,11,47,Nzérékoré,Guéckédou,forestier,8.57000,-10.13000,25.40,21.67,28.59,7.45,227.09,1030.97,78.63,4.77,7,98.00,1.000,15,0.017,eleve
GN2025-04484,2025-11-08,2025,11,45,Nzérékoré,Lola,forestier,7.80000,-8.53000,23.99,19.56,27.70,2.24,146.89,920.19,73.39,5.96,7,92.59,1.000,15,0.016,eleve
GN2025-04485,2025-08-09,2025,8,32,Nzérékoré,Macenta,forestier,8.54000,-9.47000,25.23,20.71,28.47,61.94,397.12,1450.72,83.56,9.76,7,98.00,1.000,15,0.016,eleve
GN2025-04486,2025-12-01,2025,12,49,Nzérékoré,Nzérékoré,forestier,7.76000,-8.82000,25.54,20.88,30.01,2.78,241.18,610.51,73.71,4.51,7,84.45,1.000,14,0.015,eleve
GN2025-04487,2025-08-23,2025,8,34,Nzérékoré,Yomou,forestier,7.56000,-9.31000,24.42,20.32,29.31,15.95,237.12,998.48,75.32,7.87,7,91.90,1.000,12,0.013,eleve
GN2025-04488,2025-11-18,2025,11,47,Conakry,Conakry,côtier,9.54000,-13.68000,27.31,22.85,31.25,20.82,347.74,1283.95,80.72,9.54,7,98.00,1.000,14,0.016,eleve
GN2025-04489,2025-07-01,2025,7,27,Boké,Boffa,côtier,10.18000,-14.04000,27.72,23.88,31.57,10.96,40.34,272.92,65.99,6.43,6,56.36,0.573,13,0.014,moyen
GN2025-04490,2025-04-19,2025,4,16,Boké,Boké,côtier,10.94000,-14.29000,28.05,22.68,31.74,0.08,11.65,25.84,65.42,13.73,1,41.46,0.234,3,0.003,faible
GN2025-04491,2025-10-17,2025,10,42,Boké,Fria,côtier,10.37000,-13.58000,27.52,21.93,31.12,0.91,47.73,189.66,68.63,9.44,4,54.25,0.474,11,0.011,faible
GN2025-04492,2025-07-06,2025,7,27,Boké,Gaoual,soudano-guinéen,11.75000,-13.20000,29.81,25.11,34.19,20.06,52.24,267.36,75.90,8.74,6,56.79,0.588,7,0.007,moyen
GN2025-04493,2025-04-28,2025,4,18,Boké,Koundara,soudano-guinéen,12.48000,-13.30000,29.36,25.19,34.85,0.55,3.04,43.38,62.65,9.75,1,41.72,0.139,2,0.002,faible
GN2025-04494,2025-09-29,2025,9,40,Faranah,Dabola,soudano-guinéen,10.75000,-11.11000,27.43,22.80,32.02,2.33,37.87,452.30,79.53,7.84,4,74.69,0.497,8,0.008,moyen
GN2025-04495,2025-04-24,2025,4,17,Faranah,Dinguiraye,soudano-guinéen,11.30000,-10.72000,28.04,25.02,33.10,0.12,7.49,60.16,55.69,10.16,1,43.44,0.083,2,0.002,faible
GN2025-04496,2025-12-01,2025,12,49,Faranah,Faranah,soudano-guinéen,10.04000,-10.74000,27.88,23.41,32.61,0.06,93.92,478.50,75.60,12.70,5,68.23,0.722,13,0.013,moyen
GN2025-04497,2025-02-15,2025,2,7,Faranah,Kissidougou,forestier,9.18000,-10.10000,28.04,22.81,31.98,0.44,2.86,11.33,53.66,8.48,0,35.11,0.150,4,0.004,faible
GN2025-04498,2025-11-13,2025,11,46,Kankan,Kankan,soudano-guinéen,10.39000,-9.31000,27.72,24.45,32.38,1.06,83.10,227.47,79.77,7.35,6,52.55,0.807,9,0.009,moyen
GN2025-04499,2025-09-28,2025,9,39,Kankan,Kérouané,forestier,9.27000,-9.01000,27.11,21.60,31.49,19.58,118.70,742.10,76.13,7.52,6,90.47,0.942,14,0.014,eleve
GN2025-04500,2025-07-07,2025,7,28,Kankan,Kouroussa,soudano-guinéen,10.65000,-9.89000,28.91,25.68,33.66,2.58,35.87,352.31,77.29,8.28,6,64.12,0.564,2,0.002,faible
GN2025-04501,2025-04-15,2025,4,16,Kankan,Mandiana,soudano-guinéen,10.63000,-8.68000,29.51,26.21,34.74,0.37,8.84,47.21,59.98,9.69,1,36.26,0.113,4,0.004,faible
GN2025-04502,2025-04-06,2025,4,14,Kankan,Siguiri,soudano-guinéen,11.42000,-9.17000,31.02,26.37,34.07,0.38,3.67,26.87,60.11,14.78,0,41.56,0.102,0,0.000,faible
GN2025-04503,2025-05-19,2025,5,21,Kindia,Coyah,côtier,9.71000,-13.38000,28.10,24.91,31.87,5.53,15.99,199.08,65.52,12.01,6,50.79,0.416,1,0.001,faible
GN2025-04504,2025-08-19,2025,8,34,Kindia,Dubréka,côtier,9.79000,-13.52000,27.49,24.13,32.24,42.92,234.86,1139.07,77.64,5.03,7,98.00,1.000,16,0.018,eleve
GN2025-04505,2025-03-04,2025,3,10,Kindia,Forécariah,côtier,9.43000,-13.09000,28.73,25.73,34.47,0.08,14.28,78.90,67.16,12.75,1,59.25,0.210,8,0.009,faible
GN2025-04506,2025-08-11,2025,8,33,Kindia,Kindia,côtier,10.06000,-12.87000,27.74,22.92,31.78,4.05,189.05,991.02,75.12,9.23,7,98.00,1.000,12,0.013,eleve
GN2025-04507,2025-06-11,2025,6,24,Kindia,Télimélé,soudano-guinéen,10.91000,-13.04000,28.85,23.70,33.40,0.92,122.11,277.91,67.57,7.00,6,53.24,0.917,8,0.008,moyen
GN2025-04508,2025-01-09,2025,1,2,Labé,Koubia,montagneux,11.59000,-11.90000,26.36,23.31,32.09,0.38,2.26,3.74,66.56,8.71,0,40.70,0.084,5,0.005,faible
GN2025-04509,2025-06-13,2025,6,24,Labé,Labé,montagneux,11.32000,-12.29000,24.24,18.93,27.50,1.85,57.87,386.22,72.63,6.59,7,57.58,0.687,11,0.010,moyen
GN2025-04510,2025-02-18,2025,2,8,Labé,Lélouma,montagneux,11.18000,-12.48000,23.72,19.77,27.48,0.09,2.13,28.76,58.01,8.83,0,36.56,0.060,3,0.003,faible
GN2025-04511,2025-08-15,2025,8,33,Labé,Mali,montagneux,12.08000,-12.30000,25.02,21.64,30.68,14.79,154.11,467.30,77.90,7.93,6,73.40,1.000,9,0.008,eleve
GN2025-04512,2025-01-16,2025,1,3,Labé,Tougué,montagneux,11.45000,-11.67000,25.79,22.25,28.87,20.76,23.95,62.48,60.53,11.20,1,43.86,0.198,7,0.006,faible
GN2025-04513,2025-09-16,2025,9,38,Mamou,Dalaba,montagneux,10.69000,-12.25000,25.19,19.70,30.55,33.82,153.56,749.88,77.25,9.52,6,97.26,1.000,16,0.015,eleve
GN2025-04514,2025-10-27,2025,10,44,Mamou,Mamou,montagneux,10.38000,-12.09000,24.92,21.21,28.56,34.69,49.68,511.48,77.53,8.62,6,71.99,0.629,6,0.006,moyen
GN2025-04515,2025-01-02,2025,1,1,Mamou,Pita,montagneux,11.06000,-12.40000,25.67,21.02,31.05,0.33,0.50,0.50,56.06,8.30,0,33.32,0.112,5,0.005,faible
GN2025-04516,2025-12-21,2025,12,51,Nzérékoré,Beyla,forestier,8.69000,-8.65000,25.57,21.52,30.34,0.94,161.52,566.51,81.31,12.35,5,83.66,1.000,10,0.010,eleve
GN2025-04517,2025-11-04,2025,11,45,Nzérékoré,Guéckédou,forestier,8.57000,-10.13000,25.39,20.57,30.16,0.98,222.51,700.48,72.04,11.26,6,92.15,1.000,13,0.014,eleve
GN2025-04518,2025-01-31,2025,1,5,Nzérékoré,Lola,forestier,7.80000,-8.53000,26.69,22.65,32.14,0.68,2.18,12.36,59.62,10.88,0,48.15,0.085,1,0.001,faible
GN2025-04519,2025-07-01,2025,7,27,Nzérékoré,Macenta,forestier,8.54000,-9.47000,26.15,22.44,30.73,27.35,212.23,777.33,83.92,6.77,7,89.30,1.000,11,0.012,eleve
GN2025-04520,2025-01-17,2025,1,3,Nzérékoré,Nzérékoré,forestier,7.76000,-8.82000,26.28,22.48,30.29,0.63,3.01,22.20,59.60,10.28,0,41.05,0.000,1,0.001,faible
GN2025-04521,2025-09-03,2025,9,36,Nzérékoré,Yomou,forestier,7.56000,-9.31000,25.73,22.15,29.43,89.75,507.11,1374.44,80.58,10.41,7,98.00,1.000,9,0.010,eleve
GN2025-04522,2025-09-11,2025,9,37,Conakry,Conakry,côtier,9.54000,-13.68000,26.60,22.33,29.71,1.10,282.30,1055.80,75.63,8.28,7,98.00,1.000,12,0.014,eleve
GN2025-04523,2025-03-24,2025,3,13,Boké,Boffa,côtier,10.18000,-14.04000,29.57,26.26,34.88,0.29,24.56,59.31,61.79,7.34,2,42.80,0.268,9,0.009,faible
GN2025-04524,2025-12-17,2025,12,51,Boké,Boké,côtier,10.94000,-14.29000,28.29,22.85,33.80,1.09,10.30,418.19,72.08,8.07,5,72.39,0.371,7,0.007,moyen
GN2025-04525,2025-10-12,2025,10,41,Boké,Fria,côtier,10.37000,-13.58000,28.32,23.51,33.07,0.86,34.37,291.21,76.95,6.11,5,61.49,0.469,9,0.009,moyen
GN2025-04526,2025-02-05,2025,2,6,Boké,Gaoual,soudano-guinéen,11.75000,-13.20000,30.65,25.97,35.95,0.21,1.70,92.97,55.67,10.24,0,47.09,0.066,3,0.003,faible
GN2025-04527,2025-10-31,2025,10,44,Boké,Koundara,soudano-guinéen,12.48000,-13.30000,29.95,24.74,33.36,3.36,44.55,179.41,82.78,3.01,6,49.16,0.610,9,0.008,moyen
GN2025-04528,2025-02-20,2025,2,8,Faranah,Dabola,soudano-guinéen,10.75000,-11.11000,29.25,24.88,34.37,0.41,2.01,28.24,52.41,9.96,0,36.79,0.063,3,0.003,faible
GN2025-04529,2025-05-29,2025,5,22,Faranah,Dinguiraye,soudano-guinéen,11.30000,-10.72000,27.99,24.27,32.32,1.80,35.46,264.80,69.17,8.62,5,61.51,0.453,6,0.006,faible
GN2025-04530,2025-11-07,2025,11,45,Faranah,Faranah,soudano-guinéen,10.04000,-10.74000,27.10,22.94,31.28,2.39,109.01,396.95,77.07,5.76,7,66.79,0.935,13,0.013,eleve
GN2025-04531,2025-08-24,2025,8,34,Faranah,Kissidougou,forestier,9.18000,-10.10000,27.76,23.55,31.25,17.11,148.16,871.47,79.21,5.98,6,93.58,1.000,10,0.011,eleve
GN2025-04532,2025-02-08,2025,2,6,Kankan,Kankan,soudano-guinéen,10.39000,-9.31000,29.56,25.16,34.84,0.35,1.96,45.18,52.19,9.26,0,36.67,0.117,1,0.001,faible
GN2025-04533,2025-06-14,2025,6,24,Kankan,Kérouané,forestier,9.27000,-9.01000,28.04,23.95,32.09,84.39,98.14,336.87,75.69,6.47,7,71.19,0.881,6,0.006,moyen
GN2025-04534,2025-05-01,2025,5,18,Kankan,Kouroussa,soudano-guinéen,10.65000,-9.89000,29.51,24.98,34.02,0.74,21.58,91.27,61.67,11.79,2,43.07,0.344,4,0.004,faible
GN2025-04535,2025-04-14,2025,4,16,Kankan,Mandiana,soudano-guinéen,10.63000,-8.68000,29.46,24.09,33.36,0.61,8.63,47.12,63.31,8.88,1,43.04,0.148,1,0.001,faible
GN2025-04536,2025-06-27,2025,6,26,Kankan,Siguiri,soudano-guinéen,11.42000,-9.17000,29.73,25.27,32.90,0.06,14.16,170.54,70.22,10.51,3,44.55,0.297,7,0.007,faible
GN2025-04537,2025-10-21,2025,10,43,Kindia,Coyah,côtier,9.71000,-13.38000,27.46,21.95,31.48,2.00,96.95,1299.24,75.74,9.25,7,98.00,0.849,10,0.011,eleve
GN2025-04538,2025-06-17,2025,6,25,Kindia,Dubréka,côtier,9.79000,-13.52000,27.86,24.55,32.03,24.44,261.69,444.00,75.70,11.20,7,78.69,1.000,12,0.013,eleve
GN2025-04539,2025-07-01,2025,7,27,Kindia,Forécariah,côtier,9.43000,-13.09000,28.43,24.47,33.56,7.50,179.36,731.65,74.65,10.10,7,90.60,1.000,8,0.009,eleve
GN2025-04540,2025-05-31,2025,5,22,Kindia,Kindia,côtier,10.06000,-12.87000,27.90,23.92,32.98,40.37,126.00,413.01,73.20,6.91,5,61.14,0.888,9,0.010,eleve
GN2025-04541,2025-04-08,2025,4,15,Kindia,Télimélé,soudano-guinéen,10.91000,-13.04000,28.91,25.57,34.28,0.29,2.60,52.36,57.40,9.67,0,35.82,0.084,5,0.005,faible
GN2025-04542,2025-03-22,2025,3,12,Labé,Koubia,montagneux,11.59000,-11.90000,26.15,22.66,29.34,0.13,39.96,68.77,59.86,7.85,3,39.75,0.361,4,0.004,faible
GN2025-04543,2025-01-08,2025,1,2,Labé,Labé,montagneux,11.32000,-12.29000,25.12,20.75,29.93,0.15,7.31,7.73,54.40,8.54,1,33.53,0.119,1,0.001,faible
GN2025-04544,2025-06-20,2025,6,25,Labé,Lélouma,montagneux,11.18000,-12.48000,24.82,20.52,29.77,0.57,28.51,279.33,74.01,13.33,4,67.03,0.443,8,0.007,faible
GN2025-04545,2025-12-26,2025,12,52,Labé,Mali,montagneux,12.08000,-12.30000,23.26,19.21,26.77,2.39,10.94,262.89,78.56,7.23,5,64.67,0.385,2,0.002,faible
GN2025-04546,2025-08-14,2025,8,33,Labé,Tougué,montagneux,11.45000,-11.67000,24.05,19.07,27.66,19.47,104.87,288.23,78.10,14.14,7,61.91,0.890,13,0.012,moyen
GN2025-04547,2025-05-24,2025,5,21,Mamou,Dalaba,montagneux,10.69000,-12.25000,23.54,19.21,28.67,0.95,15.74,160.26,68.88,10.40,3,50.99,0.308,1,0.001,faible
GN2025-04548,2025-01-10,2025,1,2,Mamou,Mamou,montagneux,10.38000,-12.09000,25.92,22.85,31.49,0.45,16.24,17.94,57.51,9.38,1,48.53,0.190,1,0.001,faible
GN2025-04549,2025-04-26,2025,4,17,Mamou,Pita,montagneux,11.06000,-12.40000,24.14,19.33,28.88,0.25,91.96,120.52,66.03,11.59,3,47.53,0.638,7,0.007,moyen
GN2025-04550,2025-05-30,2025,5,22,Nzérékoré,Beyla,forestier,8.69000,-8.65000,24.85,19.72,28.54,0.08,87.21,393.97,60.20,6.56,5,57.60,0.706,10,0.010,moyen
GN2025-04551,2025-08-10,2025,8,32,Nzérékoré,Guéckédou,forestier,8.57000,-10.13000,25.37,21.10,30.96,2.57,336.33,1451.47,70.19,9.33,5,98.00,1.000,13,0.014,eleve
GN2025-04552,2025-02-25,2025,2,9,Nzérékoré,Lola,forestier,7.80000,-8.53000,27.52,23.94,32.56,0.55,3.71,13.85,48.88,13.28,0,26.25,0.149,4,0.004,faible
GN2025-04553,2025-12-20,2025,12,51,Nzérékoré,Macenta,forestier,8.54000,-9.47000,25.15,19.73,30.41,75.97,210.38,1178.57,83.78,4.50,6,98.00,1.000,20,0.022,eleve
GN2025-04554,2025-09-30,2025,9,40,Nzérékoré,Nzérékoré,forestier,7.76000,-8.82000,26.35,22.90,30.91,103.11,343.83,957.97,86.01,7.80,6,98.00,1.000,16,0.017,eleve
GN2025-04555,2025-10-21,2025,10,43,Nzérékoré,Yomou,forestier,7.56000,-9.31000,25.84,21.41,29.65,0.35,137.21,960.84,77.32,7.91,4,88.81,0.965,14,0.015,eleve
GN2025-04556,2025-08-09,2025,8,32,Conakry,Conakry,côtier,9.54000,-13.68000,26.10,22.35,29.41,0.76,245.55,1170.83,64.49,8.56,6,98.00,1.000,18,0.021,eleve
GN2025-04557,2025-03-24,2025,3,13,Boké,Boffa,côtier,10.18000,-14.04000,29.57,26.26,34.88,0.29,24.56,59.31,61.79,7.34,2,42.10,0.290,4,0.004,faible
GN2025-04558,2025-10-30,2025,10,44,Boké,Boké,côtier,10.94000,-14.29000,28.49,25.17,31.81,2.58,78.81,442.08,78.84,11.33,6,70.85,0.754,10,0.010,moyen
GN2025-04559,2025-12-26,2025,12,52,Boké,Fria,côtier,10.37000,-13.58000,27.27,24.20,31.96,2.58,12.55,291.63,75.78,8.69,5,65.18,0.383,5,0.005,faible
GN2025-04560,2025-12-17,2025,12,51,Boké,Gaoual,soudano-guinéen,11.75000,-13.20000,28.90,23.93,34.28,18.94,74.80,465.21,77.71,7.96,3,64.18,0.615,11,0.011,moyen
GN2025-04561,2025-12-12,2025,12,50,Boké,Koundara,soudano-guinéen,12.48000,-13.30000,28.29,23.39,33.36,0.25,132.43,340.96,76.80,8.10,5,63.17,0.976,13,0.012,eleve
GN2025-04562,2025-04-26,2025,4,17,Faranah,Dabola,soudano-guinéen,10.75000,-11.11000,28.45,24.96,33.78,59.05,67.51,118.00,73.45,8.44,2,49.08,0.446,2,0.002,moyen
GN2025-04563,2025-08-23,2025,8,34,Faranah,Dinguiraye,soudano-guinéen,11.30000,-10.72000,26.79,23.08,32.55,1.20,38.47,455.39,65.19,6.16,7,62.67,0.543,17,0.016,moyen
GN2025-04564,2025-02-04,2025,2,6,Faranah,Faranah,soudano-guinéen,10.04000,-10.74000,27.82,22.73,31.68,0.72,2.53,45.11,61.31,14.65,0,38.56,0.000,3,0.003,faible
GN2025-04565,2025-01-20,2025,1,4,Faranah,Kissidougou,forestier,9.18000,-10.10000,27.90,23.62,32.34,0.27,3.22,8.79,65.80,4.77,0,37.09,0.085,3,0.003,faible
GN2025-04566,2025-08-23,2025,8,34,Kankan,Kankan,soudano-guinéen,10.39000,-9.31000,28.51,23.61,33.71,5.37,123.31,250.76,72.63,7.89,6,65.28,0.919,14,0.014,moyen
GN2025-04567,2025-02-25,2025,2,9,Kankan,Kérouané,forestier,9.27000,-9.01000,28.33,23.49,31.89,0.41,2.64,17.62,63.30,5.74,0,38.65,0.139,5,0.005,faible
GN2025-04568,2025-05-16,2025,5,20,Kankan,Kouroussa,soudano-guinéen,10.65000,-9.89000,29.83,25.56,35.14,0.82,35.97,141.13,65.86,10.87,4,48.61,0.445,3,0.003,faible
GN2025-04569,2025-05-14,2025,5,20,Kankan,Mandiana,soudano-guinéen,10.63000,-8.68000,28.85,24.64,34.47,0.26,17.60,71.12,69.61,10.66,6,50.68,0.427,8,0.008,faible
GN2025-04570,2025-05-09,2025,5,19,Kankan,Siguiri,soudano-guinéen,11.42000,-9.17000,30.05,26.79,33.76,0.42,16.62,73.51,65.72,8.22,4,45.09,0.315,5,0.005,faible
GN2025-04571,2025-10-08,2025,10,41,Kindia,Coyah,côtier,9.71000,-13.38000,28.97,24.54,34.56,35.11,399.70,1388.72,81.71,8.65,7,98.00,1.000,20,0.022,eleve
GN2025-04572,2025-09-07,2025,9,36,Kindia,Dubréka,côtier,9.79000,-13.52000,27.53,22.38,31.23,12.21,180.51,1070.65,77.67,6.72,6,98.00,1.000,15,0.017,eleve
GN2025-04573,2025-06-26,2025,6,26,Kindia,Forécariah,côtier,9.43000,-13.09000,27.24,23.05,30.51,53.72,239.22,668.05,79.15,10.88,7,88.16,1.000,8,0.009,eleve
GN2025-04574,2025-10-27,2025,10,44,Kindia,Kindia,côtier,10.06000,-12.87000,26.35,22.35,30.66,1.41,98.58,922.90,67.83,11.11,7,87.29,0.788,11,0.012,eleve
GN2025-04575,2025-05-08,2025,5,19,Kindia,Télimélé,soudano-guinéen,10.91000,-13.04000,26.70,21.80,32.26,2.67,6.62,111.30,71.54,7.41,2,53.54,0.191,8,0.008,faible
GN2025-04576,2025-05-10,2025,5,19,Labé,Koubia,montagneux,11.59000,-11.90000,25.86,22.32,31.57,0.34,65.71,116.58,64.11,10.58,4,46.89,0.558,5,0.005,faible
GN2025-04577,2025-08-02,2025,8,31,Labé,Labé,montagneux,11.32000,-12.29000,24.71,20.95,28.04,2.21,210.72,533.17,76.70,8.15,7,79.20,1.000,7,0.007,eleve
GN2025-04578,2025-09-30,2025,9,40,Labé,Lélouma,montagneux,11.18000,-12.48000,23.09,19.44,26.48,0.39,253.49,618.99,73.73,5.56,6,78.84,1.000,8,0.007,eleve
GN2025-04579,2025-05-08,2025,5,19,Labé,Mali,montagneux,12.08000,-12.30000,25.28,21.10,29.14,20.39,61.49,204.06,68.56,5.43,6,45.78,0.617,8,0.007,moyen
GN2025-04580,2025-10-18,2025,10,42,Labé,Tougué,montagneux,11.45000,-11.67000,24.79,19.27,29.75,10.94,43.52,270.84,73.43,8.99,5,62.17,0.566,9,0.008,faible
GN2025-04581,2025-06-27,2025,6,26,Mamou,Dalaba,montagneux,10.69000,-12.25000,23.80,20.31,27.31,7.40,52.48,315.59,68.38,9.94,4,54.32,0.538,6,0.006,faible
GN2025-04582,2025-12-31,2025,12,1,Mamou,Mamou,montagneux,10.38000,-12.09000,24.70,19.38,30.26,43.49,214.71,622.27,80.46,6.66,7,88.02,1.000,10,0.009,eleve
GN2025-04583,2025-09-11,2025,9,37,Mamou,Pita,montagneux,11.06000,-12.40000,25.22,19.69,30.40,2.23,149.79,563.74,74.73,4.55,7,79.82,1.000,9,0.008,eleve
GN2025-04584,2025-08-16,2025,8,33,Nzérékoré,Beyla,forestier,8.69000,-8.65000,26.14,21.04,30.75,75.75,169.94,923.64,82.21,5.54,7,98.00,1.000,15,0.015,eleve
GN2025-04585,2025-12-02,2025,12,49,Nzérékoré,Guéckédou,forestier,8.57000,-10.13000,26.15,21.46,31.56,0.13,414.49,1168.11,74.26,3.59,5,98.00,1.000,13,0.014,eleve
GN2025-04586,2025-06-03,2025,6,23,Nzérékoré,Lola,forestier,7.80000,-8.53000,26.14,20.75,30.23,1.30,174.37,441.32,72.47,8.02,7,70.50,1.000,9,0.010,eleve
GN2025-04587,2025-11-13,2025,11,46,Nzérékoré,Macenta,forestier,8.54000,-9.47000,25.38,21.43,30.03,76.45,168.62,966.49,85.61,6.27,5,98.00,1.000,11,0.012,eleve
GN2025-04588,2025-09-12,2025,9,37,Nzérékoré,Nzérékoré,forestier,7.76000,-8.82000,26.00,20.73,29.65,20.85,209.29,954.72,79.90,7.82,7,98.00,1.000,16,0.017,eleve
GN2025-04589,2025-10-18,2025,10,42,Nzérékoré,Yomou,forestier,7.56000,-9.31000,24.87,21.23,30.57,0.82,228.15,1079.44,80.85,11.15,5,98.00,1.000,20,0.021,eleve
GN2025-04590,2025-10-12,2025,10,41,Conakry,Conakry,côtier,9.54000,-13.68000,27.54,22.78,31.34,14.11,229.94,743.34,81.15,9.23,6,85.97,1.000,13,0.015,eleve
GN2025-04591,2025-02-09,2025,2,6,Boké,Boffa,côtier,10.18000,-14.04000,28.32,22.84,32.54,0.53,3.17,26.97,62.70,9.42,0,36.82,0.119,3,0.003,faible
GN2025-04592,2025-02-19,2025,2,8,Boké,Boké,côtier,10.94000,-14.29000,29.21,25.58,34.48,17.81,36.11,92.51,62.72,11.13,2,44.48,0.297,2,0.002,faible
GN2025-04593,2025-03-09,2025,3,10,Boké,Fria,côtier,10.37000,-13.58000,28.33,23.38,32.33,15.68,22.60,81.32,60.19,9.25,2,51.26,0.285,4,0.004,faible
GN2025-04594,2025-07-28,2025,7,31,Boké,Gaoual,soudano-guinéen,11.75000,-13.20000,27.70,23.04,31.79,54.37,81.04,262.92,76.28,7.84,4,61.12,0.667,9,0.009,moyen
GN2025-04595,2025-05-12,2025,5,20,Boké,Koundara,soudano-guinéen,12.48000,-13.30000,30.60,27.48,34.12,0.22,50.03,94.43,60.68,9.73,4,53.24,0.538,4,0.004,faible
GN2025-04596,2025-12-12,2025,12,50,Faranah,Dabola,soudano-guinéen,10.75000,-11.11000,27.77,22.95,33.42,0.13,37.63,295.74,76.45,4.82,5,54.34,0.536,12,0.012,moyen
GN2025-04597,2025-02-05,2025,2,6,Faranah,Dinguiraye,soudano-guinéen,11.30000,-10.72000,29.78,26.04,33.90,0.22,2.98,32.00,54.28,12.57,0,34.48,0.084,2,0.002,faible
GN2025-04598,2025-01-15,2025,1,3,Faranah,Faranah,soudano-guinéen,10.04000,-10.74000,28.91,23.35,32.24,0.38,3.23,10.53,65.26,10.50,0,42.52,0.095,3,0.003,faible
GN2025-04599,2025-09-20,2025,9,38,Faranah,Kissidougou,forestier,9.18000,-10.10000,25.91,22.05,31.18,0.93,102.79,662.48,80.36,10.97,5,78.14,0.769,15,0.016,eleve
GN2025-04600,2025-08-26,2025,8,35,Kankan,Kankan,soudano-guinéen,10.39000,-9.31000,28.27,23.46,31.94,0.23,48.34,223.24,63.93,7.18,4,46.65,0.464,8,0.008,moyen
GN2025-04601,2025-10-23,2025,10,43,Kankan,Kérouané,forestier,9.27000,-9.01000,25.59,22.14,29.85,14.56,161.55,691.06,81.70,6.69,6,81.36,1.000,9,0.009,eleve
GN2025-04602,2025-11-28,2025,11,48,Kankan,Kouroussa,soudano-guinéen,10.65000,-9.89000,29.66,24.15,34.68,2.56,193.38,363.95,68.79,9.91,6,62.34,1.000,10,0.010,eleve
GN2025-04603,2025-08-20,2025,8,34,Kankan,Mandiana,soudano-guinéen,10.63000,-8.68000,28.92,24.54,34.08,2.67,62.12,205.28,74.39,4.98,6,56.44,0.602,12,0.012,moyen
GN2025-04604,2025-12-23,2025,12,52,Kankan,Siguiri,soudano-guinéen,11.42000,-9.17000,29.37,24.44,32.45,12.56,23.29,72.43,75.37,8.83,5,42.41,0.414,8,0.007,faible
GN2025-04605,2025-04-27,2025,4,17,Kindia,Coyah,côtier,9.71000,-13.38000,28.25,23.40,33.31,0.20,127.44,176.78,63.81,7.97,6,56.62,0.955,8,0.009,eleve
GN2025-04606,2025-11-26,2025,11,48,Kindia,Dubréka,côtier,9.79000,-13.52000,27.58,22.07,31.28,11.71,109.85,837.67,78.16,11.26,7,90.70,0.981,15,0.017,eleve
GN2025-04607,2025-09-05,2025,9,36,Kindia,Forécariah,côtier,9.43000,-13.09000,26.97,21.63,31.46,123.64,496.64,1178.07,94.83,8.04,7,98.00,1.000,14,0.015,eleve
GN2025-04608,2025-11-15,2025,11,46,Kindia,Kindia,côtier,10.06000,-12.87000,27.27,23.03,30.32,55.16,318.13,1031.97,82.13,7.51,7,98.00,1.000,20,0.021,eleve
GN2025-04609,2025-04-19,2025,4,16,Kindia,Télimélé,soudano-guinéen,10.91000,-13.04000,29.05,25.42,33.71,0.30,71.89,107.76,61.35,14.26,2,48.86,0.480,7,0.007,moyen
GN2025-04610,2025-03-12,2025,3,11,Labé,Koubia,montagneux,11.59000,-11.90000,25.58,22.01,28.90,0.39,2.27,55.33,62.12,9.69,0,46.65,0.095,2,0.002,faible
GN2025-04611,2025-01-31,2025,1,5,Labé,Labé,montagneux,11.32000,-12.29000,26.19,22.06,30.64,0.34,2.83,58.14,59.69,9.73,0,37.21,0.045,6,0.006,faible
GN2025-04612,2025-01-30,2025,1,5,Labé,Lélouma,montagneux,11.18000,-12.48000,24.29,18.97,28.91,0.22,1.98,83.07,59.26,10.04,0,35.78,0.077,2,0.002,faible
GN2025-04613,2025-06-04,2025,6,23,Labé,Mali,montagneux,12.08000,-12.30000,24.87,20.91,27.97,20.39,41.52,216.16,67.02,9.84,7,45.91,0.588,5,0.005,faible
GN2025-04614,2025-01-17,2025,1,3,Labé,Tougué,montagneux,11.45000,-11.67000,25.21,20.01,30.06,2.58,25.82,65.06,57.48,9.30,2,43.42,0.215,3,0.003,faible
GN2025-04615,2025-02-16,2025,2,7,Mamou,Dalaba,montagneux,10.69000,-12.25000,25.61,22.61,31.32,0.08,2.25,47.08,62.81,9.05,0,39.85,0.067,1,0.001,faible
GN2025-04616,2025-12-08,2025,12,50,Mamou,Mamou,montagneux,10.38000,-12.09000,25.64,21.18,30.00,2.83,139.97,568.35,69.91,8.66,7,71.83,1.000,11,0.010,eleve
GN2025-04617,2025-06-17,2025,6,25,Mamou,Pita,montagneux,11.06000,-12.40000,25.09,21.54,30.37,4.89,52.48,277.69,74.82,6.20,7,56.32,0.653,7,0.007,moyen
GN2025-04618,2025-08-26,2025,8,35,Nzérékoré,Beyla,forestier,8.69000,-8.65000,26.50,22.17,30.10,25.67,160.33,823.10,74.06,10.87,6,94.01,1.000,10,0.010,eleve
GN2025-04619,2025-12-15,2025,12,51,Nzérékoré,Guéckédou,forestier,8.57000,-10.13000,24.81,20.58,29.42,14.81,310.04,1226.12,81.03,7.44,7,98.00,1.000,12,0.013,eleve
GN2025-04620,2025-10-16,2025,10,42,Nzérékoré,Lola,forestier,7.80000,-8.53000,26.11,22.98,29.12,56.85,267.89,1245.50,82.78,6.86,7,98.00,1.000,16,0.017,eleve
GN2025-04621,2025-01-31,2025,1,5,Nzérékoré,Macenta,forestier,8.54000,-9.47000,25.34,20.21,28.73,0.45,17.50,28.16,54.05,12.24,1,39.07,0.285,3,0.003,faible
GN2025-04622,2025-01-15,2025,1,3,Nzérékoré,Nzérékoré,forestier,7.76000,-8.82000,26.21,22.31,31.30,0.78,2.84,21.44,60.71,10.47,0,41.83,0.103,1,0.001,faible
GN2025-04623,2025-03-19,2025,3,12,Nzérékoré,Yomou,forestier,7.56000,-9.31000,27.53,23.29,31.73,38.72,53.99,132.61,64.14,11.28,2,43.24,0.408,4,0.004,moyen
GN2025-04624,2025-08-07,2025,8,32,Conakry,Conakry,côtier,9.54000,-13.68000,26.68,21.97,30.86,25.70,314.20,1215.43,77.79,9.33,7,98.00,1.000,8,0.009,eleve
GN2025-04625,2025-07-01,2025,7,27,Boké,Boffa,côtier,10.18000,-14.04000,27.72,23.88,31.57,10.96,40.34,272.92,65.99,6.43,6,51.80,0.584,11,0.011,moyen
GN2025-04626,2025-01-20,2025,1,4,Boké,Boké,côtier,10.94000,-14.29000,28.00,24.59,31.11,0.25,2.87,7.60,58.50,5.96,0,35.82,0.108,3,0.003,faible
GN2025-04627,2025-09-19,2025,9,38,Boké,Fria,côtier,10.37000,-13.58000,28.75,25.06,33.44,2.07,140.15,673.45,72.13,9.59,7,80.08,1.000,10,0.010,eleve
GN2025-04628,2025-02-09,2025,2,6,Boké,Gaoual,soudano-guinéen,11.75000,-13.20000,31.25,27.30,36.41,0.33,1.88,69.82,57.35,9.07,0,40.50,0.071,3,0.003,faible
GN2025-04629,2025-11-06,2025,11,45,Boké,Koundara,soudano-guinéen,12.48000,-13.30000,30.14,25.26,34.11,2.60,45.68,177.19,80.69,13.22,5,63.82,0.626,7,0.007,faible
GN2025-04630,2025-10-06,2025,10,41,Faranah,Dabola,soudano-guinéen,10.75000,-11.11000,26.90,21.63,31.15,7.14,187.28,569.46,76.51,9.90,7,70.82,1.000,17,0.016,eleve
GN2025-04631,2025-11-07,2025,11,45,Faranah,Dinguiraye,soudano-guinéen,11.30000,-10.72000,26.75,22.88,31.88,2.09,60.32,356.99,70.54,7.31,5,56.67,0.562,7,0.007,moyen
GN2025-04632,2025-02-07,2025,2,6,Faranah,Faranah,soudano-guinéen,10.04000,-10.74000,29.64,26.19,33.55,0.03,2.41,44.90,60.98,10.29,0,34.30,0.044,4,0.004,faible
GN2025-04633,2025-01-01,2025,1,1,Faranah,Kissidougou,forestier,9.18000,-10.10000,27.79,22.51,31.72,0.21,0.21,0.21,54.07,10.97,0,36.35,0.056,5,0.005,faible
GN2025-04634,2025-08-24,2025,8,34,Kankan,Kankan,soudano-guinéen,10.39000,-9.31000,28.16,22.87,33.79,2.99,95.12,223.36,83.04,7.33,6,62.64,0.893,8,0.008,eleve
GN2025-04635,2025-11-30,2025,11,48,Kankan,Kérouané,forestier,9.27000,-9.01000,28.82,24.31,32.20,47.58,160.16,836.41,83.76,5.60,7,90.13,1.000,14,0.014,eleve
GN2025-04636,2025-04-19,2025,4,16,Kankan,Kouroussa,soudano-guinéen,10.65000,-9.89000,30.11,24.98,35.56,0.14,5.51,25.61,60.72,13.57,1,35.52,0.147,4,0.004,faible
GN2025-04637,2025-08-17,2025,8,33,Kankan,Mandiana,soudano-guinéen,10.63000,-8.68000,26.87,22.54,32.00,39.68,57.48,218.71,82.08,9.13,6,67.58,0.690,13,0.013,moyen
GN2025-04638,2025-08-21,2025,8,34,Kankan,Siguiri,soudano-guinéen,11.42000,-9.17000,30.65,25.69,34.94,13.66,56.32,210.52,75.86,4.96,4,55.46,0.610,12,0.011,moyen
GN2025-04639,2025-05-22,2025,5,21,Kindia,Coyah,côtier,9.71000,-13.38000,28.03,23.35,33.31,7.89,20.81,168.53,70.06,7.06,6,46.15,0.476,3,0.003,moyen
GN2025-04640,2025-07-14,2025,7,29,Kindia,Dubréka,côtier,9.79000,-13.52000,27.82,22.85,32.01,13.27,122.93,525.85,70.55,10.01,6,70.47,0.920,12,0.013,eleve
GN2025-04641,2025-02-23,2025,2,8,Kindia,Forécariah,côtier,9.43000,-13.09000,30.03,25.01,33.23,0.53,59.17,82.85,55.08,12.74,2,42.45,0.474,0,0.000,faible
GN2025-04642,2025-11-21,2025,11,47,Kindia,Kindia,côtier,10.06000,-12.87000,27.37,22.27,32.69,17.23,144.61,874.01,79.37,3.06,6,89.18,1.000,17,0.018,eleve
GN2025-04643,2025-03-26,2025,3,13,Kindia,Télimélé,soudano-guinéen,10.91000,-13.04000,27.41,22.23,32.18,0.15,2.38,64.10,57.11,7.42,0,33.11,0.121,3,0.003,faible
GN2025-04644,2025-09-08,2025,9,37,Labé,Koubia,montagneux,11.59000,-11.90000,25.65,21.03,29.75,39.60,154.90,698.15,81.70,8.03,7,83.55,1.000,14,0.013,eleve
GN2025-04645,2025-04-01,2025,4,14,Labé,Labé,montagneux,11.32000,-12.29000,24.86,20.08,28.01,0.27,3.49,72.46,54.49,11.73,0,41.52,0.081,4,0.004,faible
GN2025-04646,2025-03-28,2025,3,13,Labé,Lélouma,montagneux,11.18000,-12.48000,24.72,20.22,27.87,32.89,55.59,72.76,61.06,7.43,3,51.37,0.404,4,0.004,faible
GN2025-04647,2025-07-31,2025,7,31,Labé,Mali,montagneux,12.08000,-12.30000,24.09,20.90,28.29,33.84,44.45,342.04,75.71,9.82,6,63.96,0.593,6,0.005,faible
GN2025-04648,2025-06-17,2025,6,25,Labé,Tougué,montagneux,11.45000,-11.67000,24.92,19.76,30.64,1.32,75.02,246.74,77.33,12.08,6,52.89,0.735,4,0.004,moyen
GN2025-04649,2025-04-18,2025,4,16,Mamou,Dalaba,montagneux,10.69000,-12.25000,24.69,20.91,28.91,0.52,23.21,60.51,57.82,9.47,1,47.25,0.265,3,0.003,faible
GN2025-04650,2025-11-30,2025,11,48,Mamou,Mamou,montagneux,10.38000,-12.09000,25.51,21.99,30.11,61.38,189.40,527.89,80.79,6.41,5,72.44,1.000,11,0.010,eleve
GN2025-04651,2025-12-24,2025,12,52,Mamou,Pita,montagneux,11.06000,-12.40000,24.77,19.88,28.17,97.04,218.93,585.02,83.92,8.28,6,76.55,1.000,6,0.006,eleve
GN2025-04652,2025-03-13,2025,3,11,Nzérékoré,Beyla,forestier,8.69000,-8.65000,26.54,22.99,30.81,0.53,3.24,84.01,64.70,8.34,0,43.79,0.057,4,0.004,faible
GN2025-04653,2025-07-11,2025,7,28,Nzérékoré,Guéckédou,forestier,8.57000,-10.13000,25.13,21.88,29.01,9.78,385.94,1048.32,78.43,9.92,7,98.00,1.000,12,0.013,eleve
GN2025-04654,2025-05-31,2025,5,22,Nzérékoré,Lola,forestier,7.80000,-8.53000,25.62,22.05,30.35,29.62,162.07,362.32,68.90,9.85,6,61.25,1.000,9,0.010,eleve
GN2025-04655,2025-04-11,2025,4,15,Nzérékoré,Macenta,forestier,8.54000,-9.47000,26.50,21.72,32.09,0.35,36.84,119.97,59.43,12.21,1,44.89,0.320,2,0.002,faible
GN2025-04656,2025-05-05,2025,5,19,Nzérékoré,Nzérékoré,forestier,7.76000,-8.82000,26.88,23.14,31.19,2.24,21.42,231.65,67.91,8.99,2,50.76,0.232,10,0.011,faible
GN2025-04657,2025-10-24,2025,10,43,Nzérékoré,Yomou,forestier,7.56000,-9.31000,24.92,21.39,28.48,32.48,245.57,1025.89,85.88,8.76,5,98.00,1.000,10,0.011,eleve
GN2025-04658,2025-07-13,2025,7,28,Conakry,Conakry,côtier,9.54000,-13.68000,26.20,22.45,31.42,90.08,345.92,923.90,85.80,9.57,6,98.00,1.000,12,0.014,eleve
GN2025-04659,2025-12-23,2025,12,52,Boké,Boffa,côtier,10.18000,-14.04000,26.11,21.79,30.67,22.26,59.66,461.90,78.41,9.68,6,65.96,0.637,9,0.009,moyen
GN2025-04660,2025-01-23,2025,1,4,Boké,Boké,côtier,10.94000,-14.29000,29.75,24.41,34.13,0.05,16.33,21.89,60.79,10.25,1,40.61,0.149,3,0.003,faible
GN2025-04661,2025-06-21,2025,6,25,Boké,Fria,côtier,10.37000,-13.58000,27.29,22.64,31.29,0.21,113.80,397.25,69.20,7.85,5,58.05,0.814,15,0.015,moyen
GN2025-04662,2025-05-02,2025,5,18,Boké,Gaoual,soudano-guinéen,11.75000,-13.20000,28.89,25.11,32.47,0.46,13.49,103.83,65.71,11.31,1,50.02,0.207,3,0.003,faible
GN2025-04663,2025-07-05,2025,7,27,Boké,Koundara,soudano-guinéen,12.48000,-13.30000,28.67,24.87,33.31,2.32,22.84,135.13,73.01,5.46,6,46.63,0.472,13,0.012,faible
GN2025-04664,2025-06-25,2025,6,26,Faranah,Dabola,soudano-guinéen,10.75000,-11.11000,28.07,23.96,32.04,1.58,18.89,165.38,71.71,6.77,4,52.01,0.273,5,0.005,faible
GN2025-04665,2025-05-22,2025,5,21,Faranah,Dinguiraye,soudano-guinéen,11.30000,-10.72000,28.39,23.48,32.03,14.34,59.55,235.53,67.05,7.58,4,45.26,0.503,5,0.005,faible
GN2025-04666,2025-07-10,2025,7,28,Faranah,Faranah,soudano-guinéen,10.04000,-10.74000,27.44,23.65,32.18,11.39,75.28,485.88,70.48,9.79,5,69.88,0.631,14,0.014,moyen
GN2025-04667,2025-01-16,2025,1,3,Faranah,Kissidougou,forestier,9.18000,-10.10000,28.36,24.10,33.48,0.39,3.23,7.34,57.66,11.64,0,41.68,0.090,5,0.005,faible
GN2025-04668,2025-11-12,2025,11,46,Kankan,Kankan,soudano-guinéen,10.39000,-9.31000,28.57,24.06,33.14,21.05,82.09,251.01,78.41,9.94,5,56.88,0.741,14,0.014,moyen
GN2025-04669,2025-01-23,2025,1,4,Kankan,Kérouané,forestier,9.27000,-9.01000,28.61,25.04,31.72,0.77,2.92,11.34,58.83,12.69,0,31.61,0.082,2,0.002,faible
GN2025-04670,2025-04-08,2025,4,15,Kankan,Kouroussa,soudano-guinéen,10.65000,-9.89000,29.88,25.88,33.79,0.35,2.74,38.54,65.48,9.91,0,44.48,0.130,1,0.001,faible
GN2025-04671,2025-08-06,2025,8,32,Kankan,Mandiana,soudano-guinéen,10.63000,-8.68000,29.38,25.96,32.95,21.26,53.02,231.38,73.24,7.99,6,51.27,0.581,7,0.007,moyen
GN2025-04672,2025-11-16,2025,11,46,Kankan,Siguiri,soudano-guinéen,11.42000,-9.17000,30.75,25.69,35.21,2.95,42.86,144.15,80.96,4.97,6,57.55,0.617,4,0.004,faible
GN2025-04673,2025-07-04,2025,7,27,Kindia,Coyah,côtier,9.71000,-13.38000,26.57,22.93,31.33,40.84,132.53,539.81,77.67,8.04,6,72.80,1.000,10,0.011,eleve
GN2025-04674,2025-10-29,2025,10,44,Kindia,Dubréka,côtier,9.79000,-13.52000,27.44,21.98,32.37,49.66,222.38,908.65,83.88,10.35,6,98.00,1.000,15,0.017,eleve
GN2025-04675,2025-10-09,2025,10,41,Kindia,Forécariah,côtier,9.43000,-13.09000,27.61,23.62,32.34,0.39,283.94,988.83,76.76,9.62,6,97.84,1.000,17,0.018,eleve
GN2025-04676,2025-10-16,2025,10,42,Kindia,Kindia,côtier,10.06000,-12.87000,26.10,22.59,30.49,14.85,145.08,942.63,79.25,10.20,6,96.27,1.000,7,0.007,eleve
GN2025-04677,2025-10-28,2025,10,44,Kindia,Télimélé,soudano-guinéen,10.91000,-13.04000,27.49,23.87,30.75,2.99,106.18,554.38,71.28,5.85,6,78.67,0.817,11,0.011,eleve
GN2025-04678,2025-02-17,2025,2,8,Labé,Koubia,montagneux,11.59000,-11.90000,25.66,20.84,30.87,0.22,25.30,51.49,58.80,11.11,1,42.53,0.237,7,0.006,faible
GN2025-04679,2025-03-21,2025,3,12,Labé,Labé,montagneux,11.32000,-12.29000,25.73,22.53,29.15,0.15,2.69,71.85,57.99,10.03,0,34.56,0.100,9,0.008,faible
GN2025-04680,2025-03-30,2025,3,13,Labé,Lélouma,montagneux,11.18000,-12.48000,24.63,21.50,28.23,0.03,40.49,66.39,58.22,2.93,2,36.07,0.330,5,0.005,faible
GN2025-04681,2025-12-19,2025,12,51,Labé,Mali,montagneux,12.08000,-12.30000,23.73,19.45,29.42,2.57,79.37,266.25,75.16,9.12,7,48.36,0.802,8,0.007,moyen
GN2025-04682,2025-06-23,2025,6,26,Labé,Tougué,montagneux,11.45000,-11.67000,24.50,20.86,30.24,1.74,37.49,276.55,71.84,6.73,6,49.48,0.576,7,0.006,faible
GN2025-04683,2025-06-05,2025,6,23,Mamou,Dalaba,montagneux,10.69000,-12.25000,24.87,19.49,28.03,0.58,138.72,238.73,73.26,10.07,5,50.08,0.948,9,0.008,moyen
GN2025-04684,2025-12-08,2025,12,50,Mamou,Mamou,montagneux,10.38000,-12.09000,25.64,21.18,30.00,2.83,139.97,568.35,69.91,8.66,7,75.55,1.000,9,0.009,moyen
GN2025-04685,2025-12-30,2025,12,1,Mamou,Pita,montagneux,11.06000,-12.40000,23.35,19.87,26.51,5.52,237.84,641.40,76.74,5.14,7,83.94,1.000,7,0.007,eleve
GN2025-04686,2025-08-01,2025,8,31,Nzérékoré,Beyla,forestier,8.69000,-8.65000,25.64,22.35,30.85,36.11,436.17,861.21,80.56,6.00,7,91.23,1.000,12,0.012,eleve
GN2025-04687,2025-12-19,2025,12,51,Nzérékoré,Guéckédou,forestier,8.57000,-10.13000,25.21,22.03,28.64,50.55,257.65,1310.37,82.82,9.08,7,98.00,1.000,13,0.014,eleve
GN2025-04688,2025-01-20,2025,1,4,Nzérékoré,Lola,forestier,7.80000,-8.53000,27.11,22.95,31.97,0.78,3.01,8.72,57.06,11.74,0,35.41,0.069,4,0.004,faible
GN2025-04689,2025-10-03,2025,10,40,Nzérékoré,Macenta,forestier,8.54000,-9.47000,24.88,20.88,28.66,13.66,296.92,1218.01,73.01,6.60,6,98.00,1.000,13,0.014,eleve
GN2025-04690,2025-10-22,2025,10,43,Nzérékoré,Nzérékoré,forestier,7.76000,-8.82000,26.47,23.46,31.65,94.82,269.74,1049.05,78.53,7.46,7,98.00,1.000,21,0.023,eleve
GN2025-04691,2025-12-12,2025,12,50,Nzérékoré,Yomou,forestier,7.56000,-9.31000,24.80,19.53,28.46,28.69,192.85,1161.02,75.98,7.71,7,98.00,1.000,11,0.012,eleve
GN2025-04692,2025-02-26,2025,2,9,Conakry,Conakry,côtier,9.54000,-13.68000,27.05,23.06,31.53,0.62,51.48,80.00,56.63,10.93,1,44.73,0.372,3,0.003,faible
GN2025-04693,2025-11-13,2025,11,46,Boké,Boffa,côtier,10.18000,-14.04000,26.48,20.97,29.72,22.44,187.80,566.52,74.23,11.37,5,74.98,1.000,11,0.011,eleve
GN2025-04694,2025-05-04,2025,5,18,Boké,Boké,côtier,10.94000,-14.29000,30.08,25.83,34.26,12.39,32.33,98.48,59.24,14.42,2,49.73,0.335,5,0.005,faible
GN2025-04695,2025-06-24,2025,6,26,Boké,Fria,côtier,10.37000,-13.58000,26.84,23.35,31.99,40.72,170.85,518.19,71.60,5.71,4,79.05,1.000,8,0.008,eleve
GN2025-04696,2025-05-03,2025,5,18,Boké,Gaoual,soudano-guinéen,11.75000,-13.20000,29.50,24.44,33.07,0.32,13.49,103.85,65.35,9.58,1,45.99,0.201,4,0.004,faible
GN2025-04697,2025-05-12,2025,5,20,Boké,Koundara,soudano-guinéen,12.48000,-13.30000,30.60,27.48,34.12,0.22,50.03,94.43,60.68,9.73,4,42.57,0.505,4,0.004,faible
GN2025-04698,2025-11-05,2025,11,45,Faranah,Dabola,soudano-guinéen,10.75000,-11.11000,28.22,23.32,31.56,60.27,214.28,489.57,83.04,9.35,6,74.47,1.000,15,0.014,eleve
GN2025-04699,2025-12-23,2025,12,52,Faranah,Dinguiraye,soudano-guinéen,11.30000,-10.72000,26.12,21.77,29.74,0.27,69.27,246.02,80.87,10.92,6,48.36,0.702,9,0.008,moyen
GN2025-04700,2025-09-15,2025,9,38,Faranah,Faranah,soudano-guinéen,10.04000,-10.74000,27.07,22.10,31.87,25.77,58.27,418.58,77.98,5.31,5,71.24,0.620,9,0.009,moyen
GN2025-04701,2025-10-30,2025,10,44,Faranah,Kissidougou,forestier,9.18000,-10.10000,27.84,23.64,32.69,0.79,60.78,694.55,75.77,11.41,6,76.05,0.684,15,0.016,eleve
GN2025-04702,2025-02-04,2025,2,6,Kankan,Kankan,soudano-guinéen,10.39000,-9.31000,30.82,27.62,35.80,0.10,2.64,45.66,46.12,8.25,0,26.18,0.091,3,0.003,faible
GN2025-04703,2025-05-17,2025,5,20,Kankan,Kérouané,forestier,9.27000,-9.01000,28.48,24.39,33.89,1.86,92.37,164.35,65.85,11.14,6,59.00,0.785,7,0.007,moyen
GN2025-04704,2025-03-24,2025,3,13,Kankan,Kouroussa,soudano-guinéen,10.65000,-9.89000,30.68,27.21,34.59,0.75,18.12,29.01,58.87,4.89,1,33.83,0.173,1,0.001,faible
GN2025-04705,2025-02-06,2025,2,6,Kankan,Mandiana,soudano-guinéen,10.63000,-8.68000,29.95,25.98,33.36,0.53,2.24,19.33,54.87,6.85,0,33.47,0.133,1,0.001,faible
GN2025-04706,2025-10-23,2025,10,43,Kankan,Siguiri,soudano-guinéen,11.42000,-9.17000,29.28,25.59,32.55,1.08,9.64,170.43,73.54,6.10,4,41.00,0.393,6,0.006,faible
GN2025-04707,2025-04-16,2025,4,16,Kindia,Coyah,côtier,9.71000,-13.38000,28.67,25.56,32.80,0.50,4.38,126.67,62.47,15.90,1,36.16,0.193,3,0.003,faible
GN2025-04708,2025-09-28,2025,9,39,Kindia,Dubréka,côtier,9.79000,-13.52000,27.44,22.07,32.20,0.01,191.37,781.13,74.29,8.52,6,86.61,1.000,18,0.020,eleve
GN2025-04709,2025-03-05,2025,3,10,Kindia,Forécariah,côtier,9.43000,-13.09000,28.23,22.91,33.02,0.79,14.34,79.26,57.84,9.13,1,38.30,0.237,0,0.000,faible
GN2025-04710,2025-03-10,2025,3,11,Kindia,Kindia,côtier,10.06000,-12.87000,27.86,22.81,31.67,0.14,2.95,28.53,56.66,8.34,0,45.69,0.050,3,0.003,faible
GN2025-04711,2025-02-14,2025,2,7,Kindia,Télimélé,soudano-guinéen,10.91000,-13.04000,28.27,23.02,34.03,0.23,3.51,62.59,57.22,12.98,1,44.66,0.218,3,0.003,faible
GN2025-04712,2025-06-11,2025,6,24,Labé,Koubia,montagneux,11.59000,-11.90000,25.30,20.86,30.88,0.44,17.17,170.43,66.58,10.96,5,53.81,0.363,11,0.010,faible
GN2025-04713,2025-06-08,2025,6,23,Labé,Labé,montagneux,11.32000,-12.29000,25.08,19.64,30.69,2.05,110.61,374.82,65.45,13.45,6,65.47,0.858,10,0.009,moyen
GN2025-04714,2025-08-20,2025,8,34,Labé,Lélouma,montagneux,11.18000,-12.48000,23.47,20.12,27.53,19.70,56.50,459.46,76.47,6.75,6,64.01,0.669,10,0.009,moyen
GN2025-04715,2025-05-24,2025,5,21,Labé,Mali,montagneux,12.08000,-12.30000,25.32,21.68,28.46,0.71,51.00,265.40,62.58,12.42,3,47.39,0.479,8,0.007,faible
GN2025-04716,2025-07-10,2025,7,28,Labé,Tougué,montagneux,11.45000,-11.67000,25.52,21.73,29.23,8.79,50.99,253.12,75.07,5.51,6,65.92,0.617,10,0.009,moyen
GN2025-04717,2025-08-31,2025,8,35,Mamou,Dalaba,montagneux,10.69000,-12.25000,24.37,19.05,29.23,11.41,80.32,612.81,70.37,5.08,6,78.33,0.734,12,0.011,moyen
GN2025-04718,2025-09-28,2025,9,39,Mamou,Mamou,montagneux,10.38000,-12.09000,25.25,20.38,29.40,31.72,133.81,455.91,78.85,5.29,4,69.99,0.943,8,0.008,eleve
GN2025-04719,2025-11-21,2025,11,47,Mamou,Pita,montagneux,11.06000,-12.40000,23.53,20.08,27.96,1.22,247.63,532.09,83.48,8.41,6,68.61,1.000,15,0.014,eleve
GN2025-04720,2025-07-23,2025,7,30,Nzérékoré,Beyla,forestier,8.69000,-8.65000,26.83,23.14,32.08,0.33,150.30,534.33,73.30,9.17,6,76.72,1.000,12,0.012,eleve
GN2025-04721,2025-09-26,2025,9,39,Nzérékoré,Guéckédou,forestier,8.57000,-10.13000,25.98,22.06,30.79,36.90,272.14,751.92,75.43,9.97,7,87.98,1.000,9,0.010,eleve
GN2025-04722,2025-10-10,2025,10,41,Nzérékoré,Lola,forestier,7.80000,-8.53000,26.15,22.29,31.52,28.20,201.24,1296.03,74.98,14.58,7,98.00,1.000,11,0.012,eleve
GN2025-04723,2025-09-06,2025,9,36,Nzérékoré,Macenta,forestier,8.54000,-9.47000,25.12,20.69,29.32,32.51,253.64,1415.51,86.80,10.23,6,98.00,1.000,16,0.017,eleve
GN2025-04724,2025-02-22,2025,2,8,Nzérékoré,Nzérékoré,forestier,7.76000,-8.82000,27.79,24.63,31.09,0.12,2.33,58.20,51.61,11.80,0,37.68,0.083,5,0.005,faible
GN2025-04725,2025-07-22,2025,7,30,Nzérékoré,Yomou,forestier,7.56000,-9.31000,25.15,20.66,28.79,46.37,215.65,797.80,79.07,7.46,7,94.43,1.000,14,0.015,eleve
GN2025-04726,2025-10-27,2025,10,44,Conakry,Conakry,côtier,9.54000,-13.68000,26.67,23.53,31.92,82.25,432.91,964.00,88.65,7.06,7,98.00,1.000,14,0.016,eleve
GN2025-04727,2025-01-27,2025,1,5,Boké,Boffa,côtier,10.18000,-14.04000,29.37,25.50,33.40,0.02,2.68,13.47,55.38,12.18,0,31.99,0.110,1,0.001,faible
GN2025-04728,2025-12-20,2025,12,51,Boké,Boké,côtier,10.94000,-14.29000,28.06,23.64,33.71,0.65,17.17,317.60,71.56,7.69,5,59.83,0.391,7,0.007,faible
GN2025-04729,2025-04-22,2025,4,17,Boké,Fria,côtier,10.37000,-13.58000,28.48,23.52,33.89,0.11,38.50,109.33,62.83,8.11,1,45.38,0.278,2,0.002,faible
GN2025-04730,2025-07-02,2025,7,27,Boké,Gaoual,soudano-guinéen,11.75000,-13.20000,29.59,25.52,34.19,1.74,48.23,288.73,72.72,5.70,7,62.41,0.639,8,0.008,moyen
GN2025-04731,2025-06-04,2025,6,23,Boké,Koundara,soudano-guinéen,12.48000,-13.30000,29.82,24.34,34.74,4.65,34.99,178.93,68.94,7.28,5,57.98,0.476,5,0.005,faible
GN2025-04732,2025-08-16,2025,8,33,Faranah,Dabola,soudano-guinéen,10.75000,-11.11000,27.11,22.15,30.33,2.66,23.14,255.53,70.51,7.62,5,56.51,0.342,9,0.009,faible
GN2025-04733,2025-05-19,2025,5,21,Faranah,Dinguiraye,soudano-guinéen,11.30000,-10.72000,29.12,24.86,34.07,0.35,63.01,181.28,71.78,7.49,3,49.81,0.471,1,0.001,faible
GN2025-04734,2025-07-01,2025,7,27,Faranah,Faranah,soudano-guinéen,10.04000,-10.74000,28.03,22.61,32.27,1.80,34.90,469.57,62.65,8.71,6,66.64,0.534,4,0.004,faible
GN2025-04735,2025-02-01,2025,2,5,Faranah,Kissidougou,forestier,9.18000,-10.10000,26.11,22.15,30.13,0.02,3.52,13.36,67.51,11.77,0,42.84,0.107,3,0.003,faible
GN2025-04736,2025-10-02,2025,10,40,Kankan,Kankan,soudano-guinéen,10.39000,-9.31000,26.97,22.60,30.70,2.31,83.57,318.85,72.24,8.18,6,54.69,0.698,7,0.007,moyen
GN2025-04737,2025-08-25,2025,8,35,Kankan,Kérouané,forestier,9.27000,-9.01000,26.98,22.02,31.88,38.89,170.18,593.90,82.22,8.92,7,70.86,1.000,12,0.012,eleve
GN2025-04738,2025-03-05,2025,3,10,Kankan,Kouroussa,soudano-guinéen,10.65000,-9.89000,29.50,24.84,32.89,0.08,2.87,33.50,56.82,12.17,0,34.11,0.107,4,0.004,faible
GN2025-04739,2025-11-13,2025,11,46,Kankan,Mandiana,soudano-guinéen,10.63000,-8.68000,28.05,22.78,33.51,2.11,75.32,316.24,70.27,2.23,7,51.59,0.795,6,0.006,moyen
GN2025-04740,2025-10-26,2025,10,43,Kankan,Siguiri,soudano-guinéen,11.42000,-9.17000,28.82,25.70,33.86,2.69,10.58,170.85,70.91,11.47,5,56.13,0.363,8,0.007,faible
GN2025-04741,2025-08-03,2025,8,31,Kindia,Coyah,côtier,9.71000,-13.38000,27.53,24.32,32.71,79.83,402.97,1228.25,83.43,10.15,6,98.00,1.000,11,0.012,eleve
GN2025-04742,2025-12-27,2025,12,52,Kindia,Dubréka,côtier,9.79000,-13.52000,26.97,21.48,31.78,76.35,364.28,1144.37,84.45,11.13,7,98.00,1.000,17,0.019,eleve
GN2025-04743,2025-01-26,2025,1,4,Kindia,Forécariah,côtier,9.43000,-13.09000,29.17,25.60,32.75,0.03,1.25,16.40,55.86,12.09,0,33.11,0.130,2,0.002,faible
GN2025-04744,2025-04-24,2025,4,17,Kindia,Kindia,côtier,10.06000,-12.87000,27.03,23.09,31.39,0.46,51.95,133.34,64.11,5.79,3,51.02,0.456,6,0.006,moyen
GN2025-04745,2025-05-13,2025,5,20,Kindia,Télimélé,soudano-guinéen,10.91000,-13.04000,28.12,24.44,32.72,1.16,44.60,122.51,65.72,8.02,6,42.11,0.496,5,0.005,faible
GN2025-04746,2025-11-22,2025,11,47,Labé,Koubia,montagneux,11.59000,-11.90000,26.20,22.08,31.57,46.28,121.80,507.64,84.32,8.81,5,76.95,0.932,8,0.007,moyen
GN2025-04747,2025-11-02,2025,11,44,Labé,Labé,montagneux,11.32000,-12.29000,24.28,20.00,29.61,26.89,85.89,493.24,82.51,8.21,6,74.51,0.811,12,0.011,moyen
GN2025-04748,2025-05-14,2025,5,20,Labé,Lélouma,montagneux,11.18000,-12.48000,24.97,21.66,29.66,2.90,11.37,65.71,69.54,11.75,5,50.30,0.407,4,0.004,faible
GN2025-04749,2025-09-15,2025,9,38,Labé,Mali,montagneux,12.08000,-12.30000,24.49,21.03,28.94,2.22,13.32,344.90,75.82,5.30,6,70.69,0.398,5,0.005,faible
GN2025-04750,2025-10-11,2025,10,41,Labé,Tougué,montagneux,11.45000,-11.67000,23.68,19.46,29.34,1.22,63.63,313.50,73.57,9.10,7,58.35,0.745,9,0.008,moyen
GN2025-04751,2025-03-22,2025,3,12,Mamou,Dalaba,montagneux,10.69000,-12.25000,24.34,19.55,27.58,0.55,10.42,19.68,55.43,9.92,1,28.24,0.219,2,0.002,faible
GN2025-04752,2025-05-16,2025,5,20,Mamou,Mamou,montagneux,10.38000,-12.09000,24.31,21.28,29.96,0.71,11.72,42.53,62.46,11.48,5,39.89,0.382,8,0.008,faible
GN2025-04753,2025-11-06,2025,11,45,Mamou,Pita,montagneux,11.06000,-12.40000,23.30,19.21,27.33,90.63,106.33,347.80,76.88,7.77,5,67.15,0.871,4,0.004,moyen
GN2025-04754,2025-08-22,2025,8,34,Nzérékoré,Beyla,forestier,8.69000,-8.65000,26.02,22.61,31.75,10.78,203.30,933.97,84.90,4.51,6,98.00,1.000,11,0.011,eleve
GN2025-04755,2025-04-16,2025,4,16,Nzérékoré,Guéckédou,forestier,8.57000,-10.13000,26.70,22.57,32.46,0.34,1.92,50.91,61.14,11.88,0,42.13,0.095,8,0.009,faible
GN2025-04756,2025-05-29,2025,5,22,Nzérékoré,Lola,forestier,7.80000,-8.53000,25.77,20.97,30.88,2.24,105.31,357.01,68.22,11.36,6,50.14,0.803,8,0.008,moyen
GN2025-04757,2025-06-04,2025,6,23,Nzérékoré,Macenta,forestier,8.54000,-9.47000,24.98,21.45,30.10,4.31,88.69,321.45,66.94,6.75,6,65.79,0.741,13,0.014,moyen
GN2025-04758,2025-07-19,2025,7,29,Nzérékoré,Nzérékoré,forestier,7.76000,-8.82000,25.23,20.93,29.21,2.93,198.72,1013.53,78.66,8.48,6,98.00,1.000,17,0.019,eleve
GN2025-04759,2025-09-10,2025,9,37,Nzérékoré,Yomou,forestier,7.56000,-9.31000,24.38,20.04,29.93,10.53,244.84,1330.78,81.82,7.36,7,98.00,1.000,10,0.011,eleve
GN2025-04760,2025-06-03,2025,6,23,Conakry,Conakry,côtier,9.54000,-13.68000,26.97,21.97,32.39,0.95,98.96,406.87,65.24,13.44,5,51.80,0.828,18,0.021,eleve
GN2025-04761,2025-07-04,2025,7,27,Boké,Boffa,côtier,10.18000,-14.04000,27.80,23.34,31.44,2.19,139.59,381.72,80.17,8.86,6,70.94,1.000,7,0.007,eleve
GN2025-04762,2025-08-27,2025,8,35,Boké,Boké,côtier,10.94000,-14.29000,28.71,24.31,32.49,0.52,118.93,384.93,74.74,11.47,5,73.19,0.827,9,0.009,moyen
GN2025-04763,2025-12-02,2025,12,49,Boké,Fria,côtier,10.37000,-13.58000,28.78,24.73,31.96,32.96,96.93,600.36,73.74,5.05,7,80.84,0.854,12,0.012,moyen
GN2025-04764,2025-01-31,2025,1,5,Boké,Gaoual,soudano-guinéen,11.75000,-13.20000,31.44,27.36,34.64,0.37,2.15,93.35,57.28,9.64,0,39.97,0.133,3,0.003,faible
GN2025-04765,2025-05-21,2025,5,21,Boké,Koundara,soudano-guinéen,12.48000,-13.30000,28.98,25.14,32.38,2.24,26.29,130.26,62.51,8.81,3,49.45,0.314,5,0.005,faible
GN2025-04766,2025-09-04,2025,9,36,Faranah,Dabola,soudano-guinéen,10.75000,-11.11000,29.12,25.02,32.62,1.60,48.15,304.06,79.17,6.03,7,61.06,0.693,11,0.011,moyen
GN2025-04767,2025-11-26,2025,11,48,Faranah,Dinguiraye,soudano-guinéen,11.30000,-10.72000,28.68,24.62,32.35,2.54,48.66,177.82,78.86,4.92,4,53.52,0.499,10,0.009,faible
GN2025-04768,2025-11-01,2025,11,44,Faranah,Faranah,soudano-guinéen,10.04000,-10.74000,28.48,23.61,32.45,32.87,131.44,391.55,72.63,6.65,7,68.21,1.000,9,0.009,eleve
GN2025-04769,2025-11-15,2025,11,46,Faranah,Kissidougou,forestier,9.18000,-10.10000,25.80,21.01,31.51,26.93,214.87,855.15,84.42,8.27,6,96.49,1.000,12,0.013,eleve
GN2025-04770,2025-08-29,2025,8,35,Kankan,Kankan,soudano-guinéen,10.39000,-9.31000,29.35,25.11,33.79,9.02,29.31,214.33,73.23,5.36,5,54.15,0.465,8,0.008,faible
GN2025-04771,2025-01-30,2025,1,5,Kankan,Kérouané,forestier,9.27000,-9.01000,29.07,23.73,34.83,0.58,7.48,18.82,55.76,8.59,1,42.68,0.135,3,0.003,faible
GN2025-04772,2025-03-24,2025,3,13,Kankan,Kouroussa,soudano-guinéen,10.65000,-9.89000,30.68,27.21,34.59,0.75,18.12,29.01,58.87,4.89,1,27.26,0.250,4,0.004,faible
GN2025-04773,2025-07-28,2025,7,31,Kankan,Mandiana,soudano-guinéen,10.63000,-8.68000,28.54,24.30,33.16,24.85,50.88,286.98,77.83,5.82,5,62.07,0.570,10,0.010,moyen
GN2025-04774,2025-03-07,2025,3,10,Kankan,Siguiri,soudano-guinéen,11.42000,-9.17000,31.24,26.66,36.01,0.56,3.86,32.02,61.79,12.31,0,46.81,0.065,0,0.000,faible
GN2025-04775,2025-07-21,2025,7,30,Kindia,Coyah,côtier,9.71000,-13.38000,27.84,22.85,31.76,51.20,212.65,780.92,79.46,9.23,5,98.00,1.000,12,0.013,eleve
GN2025-04776,2025-01-31,2025,1,5,Kindia,Dubréka,côtier,9.79000,-13.52000,29.17,25.69,33.86,0.16,30.94,40.81,59.73,17.15,1,44.01,0.288,1,0.001,faible
GN2025-04777,2025-03-14,2025,3,11,Kindia,Forécariah,côtier,9.43000,-13.09000,28.33,24.35,32.67,0.71,18.50,95.13,53.65,7.88,1,37.37,0.207,6,0.006,faible
GN2025-04778,2025-06-18,2025,6,25,Kindia,Kindia,côtier,10.06000,-12.87000,27.11,22.19,32.46,2.33,589.88,824.44,80.07,9.48,7,98.00,1.000,10,0.011,eleve
GN2025-04779,2025-03-03,2025,3,10,Kindia,Télimélé,soudano-guinéen,10.91000,-13.04000,28.39,23.08,31.64,0.16,14.11,70.41,53.74,10.05,1,46.95,0.246,2,0.002,faible
GN2025-04780,2025-03-14,2025,3,11,Labé,Koubia,montagneux,11.59000,-11.90000,26.25,21.91,31.17,0.49,2.61,55.19,54.43,10.18,0,39.22,0.124,3,0.003,faible
GN2025-04781,2025-10-10,2025,10,41,Labé,Labé,montagneux,11.32000,-12.29000,23.47,18.06,28.62,52.47,181.46,494.09,85.81,4.52,7,83.10,1.000,12,0.011,eleve
GN2025-04782,2025-11-22,2025,11,47,Labé,Lélouma,montagneux,11.18000,-12.48000,23.71,19.75,28.56,0.87,137.23,689.33,80.40,5.24,6,83.69,1.000,11,0.010,eleve
GN2025-04783,2025-10-26,2025,10,43,Labé,Mali,montagneux,12.08000,-12.30000,23.29,18.77,28.75,1.05,99.04,304.02,66.87,3.63,7,49.33,0.848,3,0.003,faible
GN2025-04784,2025-05-04,2025,5,18,Labé,Tougué,montagneux,11.45000,-11.67000,27.45,22.73,32.66,0.19,2.88,59.03,62.23,7.18,0,46.85,0.105,2,0.002,faible
GN2025-04785,2025-09-16,2025,9,38,Mamou,Dalaba,montagneux,10.69000,-12.25000,25.19,19.70,30.55,33.82,153.56,749.88,77.25,9.52,6,80.65,1.000,18,0.017,eleve
GN2025-04786,2025-12-23,2025,12,52,Mamou,Mamou,montagneux,10.38000,-12.09000,23.82,20.49,27.38,52.01,206.24,626.89,84.36,6.94,7,74.81,1.000,9,0.009,eleve
GN2025-04787,2025-04-10,2025,4,15,Mamou,Pita,montagneux,11.06000,-12.40000,26.04,21.63,30.13,0.64,3.48,37.32,64.33,6.16,0,43.38,0.069,4,0.004,faible
GN2025-04788,2025-06-29,2025,6,26,Nzérékoré,Beyla,forestier,8.69000,-8.65000,25.96,20.52,29.09,1.03,164.70,461.85,73.56,4.67,7,65.12,1.000,15,0.015,eleve
GN2025-04789,2025-09-24,2025,9,39,Nzérékoré,Guéckédou,forestier,8.57000,-10.13000,26.55,22.64,31.92,9.64,229.69,698.54,74.34,8.75,6,83.82,1.000,11,0.012,eleve
GN2025-04790,2025-12-19,2025,12,51,Nzérékoré,Lola,forestier,7.80000,-8.53000,23.94,20.11,27.91,16.29,202.28,1223.36,75.47,11.32,7,98.00,1.000,13,0.014,eleve
GN2025-04791,2025-02-16,2025,2,7,Nzérékoré,Macenta,forestier,8.54000,-9.47000,26.19,20.87,31.08,1.99,4.20,28.03,63.08,11.42,1,48.38,0.127,5,0.005,faible
GN2025-04792,2025-01-11,2025,1,2,Nzérékoré,Nzérékoré,forestier,7.76000,-8.82000,25.37,20.57,30.86,0.71,17.79,19.91,51.65,11.52,1,29.78,0.198,6,0.007,faible
GN2025-04793,2025-01-10,2025,1,2,Nzérékoré,Yomou,forestier,7.56000,-9.31000,26.81,23.64,31.25,0.12,2.38,4.84,51.32,13.79,0,41.71,0.048,2,0.002,faible
GN2025-04794,2025-04-26,2025,4,17,Conakry,Conakry,côtier,9.54000,-13.68000,26.90,22.02,32.57,0.18,2.14,92.83,57.51,5.75,0,30.53,0.044,6,0.007,faible
GN2025-04795,2025-08-25,2025,8,35,Boké,Boffa,côtier,10.18000,-14.04000,26.05,20.72,30.68,0.45,78.86,544.86,72.97,9.26,4,72.03,0.628,12,0.012,moyen
GN2025-04796,2025-08-15,2025,8,33,Boké,Boké,côtier,10.94000,-14.29000,28.27,23.26,32.45,2.37,36.37,403.61,76.13,9.46,5,68.91,0.497,13,0.013,moyen
GN2025-04797,2025-08-13,2025,8,33,Boké,Fria,côtier,10.37000,-13.58000,27.81,22.32,31.96,45.33,218.32,576.47,74.66,11.14,7,78.05,1.000,8,0.008,eleve
GN2025-04798,2025-07-21,2025,7,30,Boké,Gaoual,soudano-guinéen,11.75000,-13.20000,29.17,23.80,34.58,51.03,88.63,306.15,80.17,9.22,3,61.24,0.671,13,0.012,moyen
GN2025-04799,2025-06-17,2025,6,25,Boké,Koundara,soudano-guinéen,12.48000,-13.30000,28.99,24.85,32.10,1.09,48.86,137.66,77.90,8.78,6,53.02,0.573,4,0.004,faible
GN2025-04800,2025-08-11,2025,8,33,Faranah,Dabola,soudano-guinéen,10.75000,-11.11000,28.40,24.86,33.29,1.26,68.17,275.75,76.80,1.99,6,55.00,0.686,14,0.013,moyen
GN2025-04801,2025-08-23,2025,8,34,Faranah,Dinguiraye,soudano-guinéen,11.30000,-10.72000,26.79,23.08,32.55,1.20,38.47,455.39,65.19,6.16,7,65.42,0.604,8,0.008,moyen
GN2025-04802,2025-12-10,2025,12,50,Faranah,Faranah,soudano-guinéen,10.04000,-10.74000,28.16,23.20,31.48,56.08,77.85,455.69,77.31,7.78,6,71.03,0.765,14,0.014,moyen
GN2025-04803,2025-04-07,2025,4,15,Faranah,Kissidougou,forestier,9.18000,-10.10000,28.31,23.87,33.01,0.46,17.65,166.96,57.84,10.94,1,40.94,0.176,2,0.002,faible
GN2025-04804,2025-01-11,2025,1,2,Kankan,Kankan,soudano-guinéen,10.39000,-9.31000,29.86,24.63,34.36,0.53,3.06,4.02,60.53,7.50,0,38.13,0.110,3,0.003,faible
GN2025-04805,2025-02-13,2025,2,7,Kankan,Kérouané,forestier,9.27000,-9.01000,27.25,21.90,32.55,0.77,3.64,17.97,60.89,7.04,0,31.39,0.025,8,0.008,faible
GN2025-04806,2025-04-23,2025,4,17,Kankan,Kouroussa,soudano-guinéen,10.65000,-9.89000,27.91,23.92,32.46,0.39,63.27,83.09,61.30,5.42,2,40.41,0.448,4,0.004,faible
GN2025-04807,2025-10-27,2025,10,44,Kankan,Mandiana,soudano-guinéen,10.63000,-8.68000,28.19,23.51,33.44,13.53,65.09,254.01,69.90,9.15,7,60.91,0.688,6,0.006,moyen
GN2025-04808,2025-08-09,2025,8,32,Kankan,Siguiri,soudano-guinéen,11.42000,-9.17000,29.75,24.24,34.41,0.24,31.00,184.85,71.13,12.40,4,44.49,0.367,6,0.006,faible
GN2025-04809,2025-07-05,2025,7,27,Kindia,Coyah,côtier,9.71000,-13.38000,27.26,21.68,30.45,22.58,153.02,547.97,77.59,8.49,6,70.05,1.000,16,0.018,eleve
GN2025-04810,2025-03-08,2025,3,10,Kindia,Dubréka,côtier,9.79000,-13.52000,28.21,23.42,33.42,0.73,2.03,12.33,58.00,10.24,0,43.46,0.090,4,0.004,faible
GN2025-04811,2025-10-21,2025,10,43,Kindia,Forécariah,côtier,9.43000,-13.09000,26.51,22.18,31.33,1.10,304.81,1090.87,83.68,8.90,7,98.00,1.000,12,0.013,eleve
GN2025-04812,2025-01-17,2025,1,3,Kindia,Kindia,côtier,10.06000,-12.87000,27.58,23.02,32.49,0.25,2.58,6.04,63.35,8.33,0,29.79,0.046,4,0.004,faible
GN2025-04813,2025-10-26,2025,10,43,Kindia,Télimélé,soudano-guinéen,10.91000,-13.04000,28.07,24.84,32.87,4.20,42.02,505.33,79.53,6.79,6,80.79,0.592,14,0.014,moyen
GN2025-04814,2025-11-24,2025,11,48,Labé,Koubia,montagneux,11.59000,-11.90000,24.34,20.86,28.29,2.23,117.62,516.87,77.30,7.20,6,76.28,0.919,11,0.010,moyen
GN2025-04815,2025-03-07,2025,3,10,Labé,Labé,montagneux,11.32000,-12.29000,26.16,21.71,30.85,14.82,20.65,53.75,59.54,13.49,2,52.63,0.278,2,0.002,faible
GN2025-04816,2025-05-03,2025,5,18,Labé,Lélouma,montagneux,11.18000,-12.48000,24.13,20.02,29.56,0.44,8.47,68.78,61.21,11.81,1,40.39,0.201,2,0.002,faible
GN2025-04817,2025-03-31,2025,3,14,Labé,Mali,montagneux,12.08000,-12.30000,24.56,20.41,29.63,0.51,4.59,17.04,59.45,10.93,1,34.07,0.130,2,0.002,faible
GN2025-04818,2025-12-20,2025,12,51,Labé,Tougué,montagneux,11.45000,-11.67000,25.35,21.21,30.14,2.63,98.85,430.87,70.51,6.84,7,65.56,0.889,12,0.011,moyen
GN2025-04819,2025-12-27,2025,12,52,Mamou,Dalaba,montagneux,10.69000,-12.25000,24.21,18.73,29.08,1.89,231.13,704.17,81.05,6.76,7,81.97,1.000,19,0.018,eleve
GN2025-04820,2025-07-24,2025,7,30,Mamou,Mamou,montagneux,10.38000,-12.09000,24.99,19.47,28.40,0.72,98.33,438.50,73.44,13.70,6,72.79,0.798,8,0.008,moyen
GN2025-04821,2025-11-15,2025,11,46,Mamou,Pita,montagneux,11.06000,-12.40000,25.07,20.84,30.83,2.43,27.85,316.30,74.64,9.21,5,50.71,0.439,3,0.003,faible
GN2025-04822,2025-01-14,2025,1,3,Nzérékoré,Beyla,forestier,8.69000,-8.65000,26.86,23.34,31.93,0.54,1.86,16.47,61.03,13.99,0,33.00,0.081,4,0.004,faible
GN2025-04823,2025-11-10,2025,11,46,Nzérékoré,Guéckédou,forestier,8.57000,-10.13000,25.59,20.64,30.48,20.43,263.62,886.90,76.73,7.76,6,94.77,1.000,19,0.021,eleve
GN2025-04824,2025-08-06,2025,8,32,Nzérékoré,Lola,forestier,7.80000,-8.53000,25.38,21.76,31.14,55.86,175.26,803.54,80.63,4.30,6,93.21,1.000,12,0.013,eleve
GN2025-04825,2025-02-01,2025,2,5,Nzérékoré,Macenta,forestier,8.54000,-9.47000,26.32,22.69,31.13,0.36,17.20,28.12,57.36,13.01,1,39.38,0.180,6,0.006,faible
GN2025-04826,2025-05-28,2025,5,22,Nzérékoré,Nzérékoré,forestier,7.76000,-8.82000,26.69,23.10,31.90,49.46,145.64,427.53,71.92,8.41,6,62.57,1.000,9,0.010,eleve
GN2025-04827,2025-02-09,2025,2,6,Nzérékoré,Yomou,forestier,7.56000,-9.31000,26.65,22.55,30.22,0.74,7.35,30.85,64.09,10.49,1,38.56,0.134,1,0.001,faible
GN2025-04828,2025-12-27,2025,12,52,Conakry,Conakry,côtier,9.54000,-13.68000,26.25,22.70,30.15,52.79,199.87,919.79,72.77,8.63,6,94.33,1.000,18,0.021,eleve
GN2025-04829,2025-01-16,2025,1,3,Boké,Boffa,côtier,10.18000,-14.04000,28.06,23.53,31.70,0.28,2.66,8.88,56.11,8.09,0,34.88,0.125,5,0.005,faible
GN2025-04830,2025-08-30,2025,8,35,Boké,Boké,côtier,10.94000,-14.29000,27.31,22.63,31.75,1.13,63.77,389.54,80.97,10.23,4,68.22,0.695,9,0.009,moyen
GN2025-04831,2025-09-09,2025,9,37,Boké,Fria,côtier,10.37000,-13.58000,27.90,24.04,33.07,0.19,49.45,822.11,71.76,7.20,6,88.61,0.567,12,0.012,moyen
GN2025-04832,2025-04-13,2025,4,15,Boké,Gaoual,soudano-guinéen,11.75000,-13.20000,30.20,24.86,33.85,0.06,1.49,40.13,60.83,11.82,0,43.94,0.066,6,0.006,faible
GN2025-04833,2025-02-24,2025,2,9,Boké,Koundara,soudano-guinéen,12.48000,-13.30000,30.27,25.91,34.31,0.02,13.35,35.93,56.83,10.96,2,39.64,0.242,5,0.005,faible
GN2025-04834,2025-07-02,2025,7,27,Faranah,Dabola,soudano-guinéen,10.75000,-11.11000,27.82,24.19,32.03,49.11,140.01,234.84,72.20,10.37,6,58.00,0.967,11,0.011,eleve
GN2025-04835,2025-10-14,2025,10,42,Faranah,Dinguiraye,soudano-guinéen,11.30000,-10.72000,26.61,22.46,30.60,1.61,104.75,233.14,78.95,7.41,6,58.17,0.871,13,0.012,moyen
GN2025-04836,2025-09-18,2025,9,38,Faranah,Faranah,soudano-guinéen,10.04000,-10.74000,27.81,24.12,31.46,60.56,115.70,413.08,78.46,10.50,6,64.71,0.917,8,0.008,eleve
GN2025-04837,2025-08-18,2025,8,34,Faranah,Kissidougou,forestier,9.18000,-10.10000,26.17,21.17,31.76,23.54,218.58,1010.48,74.91,6.94,7,82.55,1.000,14,0.015,eleve
GN2025-04838,2025-10-13,2025,10,42,Kankan,Kankan,soudano-guinéen,10.39000,-9.31000,28.95,24.96,32.36,21.11,103.55,345.71,83.12,5.55,7,65.01,1.000,7,0.007,eleve
GN2025-04839,2025-10-23,2025,10,43,Kankan,Kérouané,forestier,9.27000,-9.01000,25.59,22.14,29.85,14.56,161.55,691.06,81.70,6.69,6,86.28,1.000,15,0.015,eleve
GN2025-04840,2025-05-10,2025,5,19,Kankan,Kouroussa,soudano-guinéen,10.65000,-9.89000,28.87,24.48,33.62,14.84,33.56,122.62,68.41,9.74,4,42.41,0.386,3,0.003,faible
GN2025-04841,2025-11-06,2025,11,45,Kankan,Mandiana,soudano-guinéen,10.63000,-8.68000,27.01,21.93,32.35,1.96,55.98,265.26,78.34,11.58,7,69.30,0.644,7,0.007,moyen
GN2025-04842,2025-05-01,2025,5,18,Kankan,Siguiri,soudano-guinéen,11.42000,-9.17000,30.70,26.38,35.37,0.19,32.70,85.55,60.44,9.40,3,50.73,0.355,2,0.002,faible
GN2025-04843,2025-11-22,2025,11,47,Kindia,Coyah,côtier,9.71000,-13.38000,27.70,23.39,30.77,5.44,132.83,746.60,78.74,6.23,4,93.15,0.888,13,0.015,eleve
GN2025-04844,2025-08-02,2025,8,31,Kindia,Dubréka,côtier,9.79000,-13.52000,26.11,21.17,30.99,26.73,200.02,1148.62,75.01,8.29,7,98.00,1.000,18,0.020,eleve
GN2025-04845,2025-01-09,2025,1,2,Kindia,Forécariah,côtier,9.43000,-13.09000,30.14,26.41,33.66,0.63,3.53,4.89,67.38,11.85,0,38.42,0.028,2,0.002,faible
GN2025-04846,2025-07-25,2025,7,30,Kindia,Kindia,côtier,10.06000,-12.87000,26.41,22.73,30.65,26.92,251.80,787.26,88.06,7.56,7,89.62,1.000,10,0.011,eleve
GN2025-04847,2025-06-18,2025,6,25,Kindia,Télimélé,soudano-guinéen,10.91000,-13.04000,28.81,24.58,34.56,28.35,73.88,293.39,76.35,11.47,7,65.87,0.715,6,0.006,moyen
GN2025-04848,2025-11-17,2025,11,47,Labé,Koubia,montagneux,11.59000,-11.90000,24.69,19.54,27.78,16.28,111.25,539.51,83.10,4.11,4,78.16,0.879,12,0.011,moyen
GN2025-04849,2025-12-25,2025,12,52,Labé,Labé,montagneux,11.32000,-12.29000,24.52,20.04,28.36,2.98,100.88,501.66,75.95,9.68,7,75.56,0.928,5,0.005,moyen
GN2025-04850,2025-01-06,2025,1,2,Labé,Lélouma,montagneux,11.18000,-12.48000,25.41,21.39,28.85,0.56,2.65,2.65,53.07,9.35,0,35.20,0.081,3,0.003,faible
GN2025-04851,2025-04-29,2025,4,18,Labé,Mali,montagneux,12.08000,-12.30000,26.10,23.04,29.19,0.43,73.65,117.21,68.16,10.94,3,49.22,0.529,5,0.005,faible
GN2025-04852,2025-08-03,2025,8,31,Labé,Tougué,montagneux,11.45000,-11.67000,24.48,19.39,27.76,0.46,40.49,304.85,72.74,11.35,4,61.07,0.426,3,0.003,faible
GN2025-04853,2025-01-10,2025,1,2,Mamou,Dalaba,montagneux,10.69000,-12.25000,25.13,21.18,30.21,0.02,1.73,2.80,55.61,7.30,0,38.75,0.063,2,0.002,faible
GN2025-04854,2025-07-01,2025,7,27,Mamou,Mamou,montagneux,10.38000,-12.09000,24.80,19.82,29.29,9.15,147.47,313.34,74.01,5.73,5,57.64,1.000,6,0.006,eleve
GN2025-04855,2025-01-31,2025,1,5,Mamou,Pita,montagneux,11.06000,-12.40000,26.07,22.88,31.75,0.05,10.69,37.60,60.15,8.44,1,39.98,0.138,1,0.001,faible
GN2025-04856,2025-11-14,2025,11,46,Nzérékoré,Beyla,forestier,8.69000,-8.65000,26.30,22.86,30.64,22.60,179.05,961.79,85.47,5.96,5,98.00,1.000,17,0.017,eleve
GN2025-04857,2025-07-13,2025,7,28,Nzérékoré,Guéckédou,forestier,8.57000,-10.13000,25.91,22.32,29.60,52.44,302.16,1093.35,86.66,5.86,7,98.00,1.000,15,0.017,eleve
GN2025-04858,2025-09-20,2025,9,38,Nzérékoré,Lola,forestier,7.80000,-8.53000,25.87,21.39,31.11,106.76,462.86,1487.68,90.70,7.70,5,98.00,1.000,12,0.013,eleve
GN2025-04859,2025-04-04,2025,4,14,Nzérékoré,Macenta,forestier,8.54000,-9.47000,25.45,21.10,29.84,0.52,17.03,90.35,62.02,7.85,1,45.65,0.209,2,0.002,faible
GN2025-04860,2025-01-30,2025,1,5,Nzérékoré,Nzérékoré,forestier,7.76000,-8.82000,27.83,24.61,31.39,0.07,28.00,52.37,51.85,10.72,1,37.34,0.189,4,0.004,faible
GN2025-04861,2025-05-28,2025,5,22,Nzérékoré,Yomou,forestier,7.56000,-9.31000,26.46,21.56,29.70,21.25,154.59,446.20,69.91,9.05,6,68.27,1.000,5,0.005,eleve
GN2025-04862,2025-07-16,2025,7,29,Conakry,Conakry,côtier,9.54000,-13.68000,27.63,23.36,33.32,64.64,353.08,917.02,83.25,5.88,6,98.00,1.000,17,0.020,eleve
GN2025-04863,2025-11-04,2025,11,45,Boké,Boffa,côtier,10.18000,-14.04000,28.14,22.64,32.83,25.19,78.10,539.53,78.85,10.59,5,80.55,0.777,15,0.016,eleve
GN2025-04864,2025-12-07,2025,12,49,Boké,Boké,côtier,10.94000,-14.29000,27.44,23.00,31.60,35.27,116.55,622.59,81.48,11.59,7,80.38,0.970,14,0.014,eleve
GN2025-04865,2025-08-31,2025,8,35,Boké,Fria,côtier,10.37000,-13.58000,28.15,23.93,32.99,79.09,293.74,941.72,89.16,9.28,7,98.00,1.000,10,0.010,eleve
GN2025-04866,2025-02-08,2025,2,6,Boké,Gaoual,soudano-guinéen,11.75000,-13.20000,29.44,25.08,32.90,0.16,1.55,69.64,60.38,15.58,0,49.00,0.187,3,0.003,faible
GN2025-04867,2025-12-17,2025,12,51,Boké,Koundara,soudano-guinéen,12.48000,-13.30000,29.17,24.77,33.55,23.69,79.43,335.68,76.33,8.96,4,67.75,0.722,10,0.009,moyen
GN2025-04868,2025-10-24,2025,10,43,Faranah,Dabola,soudano-guinéen,10.75000,-11.11000,28.44,25.31,33.43,1.06,86.45,374.59,81.50,7.89,6,68.89,0.805,13,0.012,moyen
GN2025-04869,2025-07-30,2025,7,31,Faranah,Dinguiraye,soudano-guinéen,11.30000,-10.72000,27.80,22.37,32.37,24.57,79.93,226.55,79.70,7.42,4,60.65,0.657,10,0.009,moyen
GN2025-04870,2025-05-26,2025,5,22,Faranah,Faranah,soudano-guinéen,10.04000,-10.74000,27.70,23.33,33.48,0.76,38.44,342.78,71.27,6.80,5,66.82,0.461,9,0.009,moyen
GN2025-04871,2025-10-06,2025,10,41,Faranah,Kissidougou,forestier,9.18000,-10.10000,26.94,23.26,32.00,2.66,74.81,585.99,69.77,11.43,6,72.82,0.670,5,0.005,moyen
GN2025-04872,2025-05-06,2025,5,19,Kankan,Kankan,soudano-guinéen,10.39000,-9.31000,29.85,26.20,33.54,2.81,10.58,36.35,71.52,7.83,2,48.81,0.213,4,0.004,faible
GN2025-04873,2025-08-01,2025,8,31,Kankan,Kérouané,forestier,9.27000,-9.01000,27.52,22.68,32.83,2.38,119.23,450.60,74.24,9.36,7,67.72,0.953,9,0.009,eleve
GN2025-04874,2025-09-10,2025,9,37,Kankan,Kouroussa,soudano-guinéen,10.65000,-9.89000,27.51,22.90,32.74,0.60,67.53,198.41,79.75,9.76,5,56.32,0.654,8,0.008,moyen
GN2025-04875,2025-08-13,2025,8,33,Kankan,Mandiana,soudano-guinéen,10.63000,-8.68000,28.64,24.02,33.20,2.35,36.01,215.95,78.22,9.01,6,58.08,0.544,4,0.004,faible
GN2025-04876,2025-09-30,2025,9,40,Kankan,Siguiri,soudano-guinéen,11.42000,-9.17000,30.63,25.84,34.31,0.16,36.58,219.96,75.41,3.93,4,52.96,0.474,3,0.003,faible
GN2025-04877,2025-10-18,2025,10,42,Kindia,Coyah,côtier,9.71000,-13.38000,26.76,22.45,30.70,9.09,111.56,1361.56,74.42,7.51,7,98.00,0.931,14,0.016,eleve
GN2025-04878,2025-07-02,2025,7,27,Kindia,Dubréka,côtier,9.79000,-13.52000,27.70,24.36,31.40,9.86,70.43,612.84,67.78,7.65,7,78.33,0.714,10,0.011,eleve
GN2025-04879,2025-12-19,2025,12,51,Kindia,Forécariah,côtier,9.43000,-13.09000,26.20,21.08,31.80,1.03,142.11,969.24,76.45,7.04,6,98.00,1.000,14,0.015,eleve
GN2025-04880,2025-03-31,2025,3,14,Kindia,Kindia,côtier,10.06000,-12.87000,26.88,21.65,30.71,0.36,2.95,45.65,57.11,9.77,0,41.50,0.114,2,0.002,faible
GN2025-04881,2025-07-14,2025,7,29,Kindia,Télimélé,soudano-guinéen,10.91000,-13.04000,28.66,23.96,33.86,48.06,194.39,534.71,79.45,6.45,6,77.77,1.000,7,0.007,eleve
GN2025-04882,2025-09-26,2025,9,39,Labé,Koubia,montagneux,11.59000,-11.90000,25.07,19.74,30.70,2.25,56.26,395.75,73.82,7.51,6,62.12,0.644,4,0.004,moyen
GN2025-04883,2025-04-08,2025,4,15,Labé,Labé,montagneux,11.32000,-12.29000,26.09,20.57,29.18,0.00,38.69,90.34,54.97,8.24,1,45.62,0.312,3,0.003,faible
GN2025-04884,2025-06-20,2025,6,25,Labé,Lélouma,montagneux,11.18000,-12.48000,24.82,20.52,29.77,0.57,28.51,279.33,74.01,13.33,4,49.25,0.363,4,0.004,faible
GN2025-04885,2025-09-02,2025,9,36,Labé,Mali,montagneux,12.08000,-12.30000,23.51,18.21,29.01,37.68,70.51,490.35,77.95,11.61,4,71.53,0.585,5,0.005,faible
GN2025-04886,2025-07-30,2025,7,31,Labé,Tougué,montagneux,11.45000,-11.67000,24.17,19.48,28.53,32.85,51.69,345.01,76.95,7.25,6,75.63,0.600,8,0.007,moyen
GN2025-04887,2025-07-09,2025,7,28,Mamou,Dalaba,montagneux,10.69000,-12.25000,23.16,20.12,26.80,2.99,83.15,255.02,72.54,7.77,6,55.41,0.708,3,0.003,faible
GN2025-04888,2025-12-07,2025,12,49,Mamou,Mamou,montagneux,10.38000,-12.09000,25.02,19.95,29.18,2.53,167.97,571.12,71.10,4.73,7,72.47,1.000,14,0.013,eleve
GN2025-04889,2025-02-12,2025,2,7,Mamou,Pita,montagneux,11.06000,-12.40000,25.56,21.24,28.68,0.47,17.95,64.56,50.67,11.42,1,32.45,0.257,4,0.004,faible
GN2025-04890,2025-09-13,2025,9,37,Nzérékoré,Beyla,forestier,8.69000,-8.65000,25.63,20.24,28.63,65.16,207.00,709.72,82.12,7.36,6,78.13,1.000,17,0.017,eleve
GN2025-04891,2025-08-10,2025,8,32,Nzérékoré,Guéckédou,forestier,8.57000,-10.13000,25.37,21.10,30.96,2.57,336.33,1451.47,70.19,9.33,5,98.00,1.000,17,0.019,eleve
GN2025-04892,2025-02-26,2025,2,9,Nzérékoré,Lola,forestier,7.80000,-8.53000,26.80,23.13,30.52,0.11,3.04,13.41,62.87,13.03,0,31.49,0.124,4,0.004,faible
GN2025-04893,2025-08-01,2025,8,31,Nzérékoré,Macenta,forestier,8.54000,-9.47000,25.61,21.33,29.70,43.51,291.93,1359.70,73.22,6.55,7,98.00,1.000,19,0.021,eleve
GN2025-04894,2025-06-03,2025,6,23,Nzérékoré,Nzérékoré,forestier,7.76000,-8.82000,25.95,22.63,29.94,2.39,77.39,436.27,76.62,10.11,6,60.16,0.741,8,0.009,moyen
GN2025-04895,2025-01-13,2025,1,3,Nzérékoré,Yomou,forestier,7.56000,-9.31000,26.00,21.59,29.42,0.52,2.76,6.00,53.19,8.58,0,37.30,0.136,7,0.007,faible
GN2025-04896,2025-09-13,2025,9,37,Conakry,Conakry,côtier,9.54000,-13.68000,28.30,23.49,33.72,0.27,239.20,1088.34,79.17,7.73,6,98.00,1.000,18,0.021,eleve
GN2025-04897,2025-11-25,2025,11,48,Boké,Boffa,côtier,10.18000,-14.04000,27.65,23.51,31.82,4.93,49.64,649.59,79.02,7.90,5,85.73,0.580,11,0.011,moyen
GN2025-04898,2025-07-22,2025,7,30,Boké,Boké,côtier,10.94000,-14.29000,28.44,24.25,31.74,2.26,143.45,240.83,74.04,6.57,6,59.28,1.000,9,0.009,eleve
GN2025-04899,2025-01-09,2025,1,2,Boké,Fria,côtier,10.37000,-13.58000,29.46,24.93,32.96,0.77,33.73,34.68,59.17,10.71,2,37.51,0.310,2,0.002,faible
GN2025-04900,2025-01-21,2025,1,4,Boké,Gaoual,soudano-guinéen,11.75000,-13.20000,29.68,25.74,33.06,0.01,5.95,70.99,61.05,6.42,1,40.42,0.144,1,0.001,faible
GN2025-04901,2025-01-21,2025,1,4,Boké,Koundara,soudano-guinéen,12.48000,-13.30000,30.08,24.54,34.33,0.04,2.71,20.50,59.35,12.52,0,32.72,0.108,2,0.002,faible
GN2025-04902,2025-03-14,2025,3,11,Faranah,Dabola,soudano-guinéen,10.75000,-11.11000,29.76,25.85,34.18,0.03,3.03,11.97,57.79,10.98,0,37.77,0.071,3,0.003,faible
GN2025-04903,2025-10-30,2025,10,44,Faranah,Dinguiraye,soudano-guinéen,11.30000,-10.72000,27.60,22.63,33.07,8.76,178.16,316.58,76.35,4.09,7,57.17,1.000,5,0.005,eleve
GN2025-04904,2025-06-29,2025,6,26,Faranah,Faranah,soudano-guinéen,10.04000,-10.74000,27.58,21.99,33.22,0.19,34.64,475.82,73.23,8.99,6,62.00,0.475,10,0.010,moyen
GN2025-04905,2025-06-24,2025,6,26,Faranah,Kissidougou,forestier,9.18000,-10.10000,26.55,21.89,30.49,26.00,175.35,543.34,74.23,5.03,6,78.48,1.000,12,0.013,eleve
GN2025-04906,2025-12-01,2025,12,49,Kankan,Kankan,soudano-guinéen,10.39000,-9.31000,27.92,22.99,32.66,36.85,53.38,223.58,69.28,10.15,7,58.65,0.608,8,0.008,moyen
GN2025-04907,2025-06-23,2025,6,26,Kankan,Kérouané,forestier,9.27000,-9.01000,27.35,22.30,33.00,2.64,28.95,356.29,75.91,11.74,6,63.67,0.482,13,0.013,moyen
GN2025-04908,2025-10-21,2025,10,43,Kankan,Kouroussa,soudano-guinéen,10.65000,-9.89000,27.87,23.80,30.96,29.91,103.77,249.54,76.76,10.48,7,56.80,0.920,11,0.011,moyen
GN2025-04909,2025-08-17,2025,8,33,Kankan,Mandiana,soudano-guinéen,10.63000,-8.68000,26.87,22.54,32.00,39.68,57.48,218.71,82.08,9.13,6,58.90,0.680,15,0.015,moyen
GN2025-04910,2025-10-16,2025,10,42,Kankan,Siguiri,soudano-guinéen,11.42000,-9.17000,30.43,27.33,33.86,0.28,58.84,197.09,77.73,9.02,5,50.46,0.617,11,0.010,faible
GN2025-04911,2025-12-11,2025,12,50,Kindia,Coyah,côtier,9.71000,-13.38000,27.59,23.82,33.38,39.97,103.49,713.98,71.85,11.68,6,87.04,0.863,9,0.010,eleve
GN2025-04912,2025-12-14,2025,12,50,Kindia,Dubréka,côtier,9.79000,-13.52000,26.95,21.58,31.22,58.12,152.23,990.88,80.19,5.24,7,98.00,1.000,10,0.011,eleve
GN2025-04913,2025-04-20,2025,4,16,Kindia,Forécariah,côtier,9.43000,-13.09000,28.74,24.63,32.82,0.70,60.48,205.80,62.69,11.40,2,44.14,0.401,8,0.009,faible
GN2025-04914,2025-12-05,2025,12,49,Kindia,Kindia,côtier,10.06000,-12.87000,25.67,21.46,30.15,1.08,180.92,811.54,71.86,8.12,6,84.30,1.000,12,0.013,eleve
GN2025-04915,2025-12-26,2025,12,52,Kindia,Télimélé,soudano-guinéen,10.91000,-13.04000,27.75,22.64,31.25,1.14,110.24,519.70,74.87,9.15,7,75.58,0.938,10,0.010,eleve
GN2025-04916,2025-07-08,2025,7,28,Labé,Koubia,montagneux,11.59000,-11.90000,25.24,22.06,30.60,0.69,132.37,258.71,75.95,9.98,5,57.52,0.933,9,0.008,moyen
GN2025-04917,2025-02-08,2025,2,6,Labé,Labé,montagneux,11.32000,-12.29000,25.03,19.50,29.22,0.64,15.37,66.19,58.51,10.27,1,33.80,0.199,4,0.004,faible
GN2025-04918,2025-03-11,2025,3,11,Labé,Lélouma,montagneux,11.18000,-12.48000,25.89,21.58,30.70,0.65,5.23,24.74,58.70,10.47,1,37.48,0.152,2,0.002,faible
GN2025-04919,2025-01-08,2025,1,2,Labé,Mali,montagneux,12.08000,-12.30000,24.41,18.92,27.72,0.77,12.49,27.59,58.42,11.66,1,42.15,0.182,5,0.005,faible
GN2025-04920,2025-03-07,2025,3,10,Labé,Tougué,montagneux,11.45000,-11.67000,26.01,21.61,31.19,0.16,10.27,48.60,64.60,11.57,1,38.73,0.161,3,0.003,faible
GN2025-04921,2025-07-12,2025,7,28,Mamou,Dalaba,montagneux,10.69000,-12.25000,23.75,18.24,29.46,2.36,82.98,241.79,75.61,5.26,6,62.94,0.698,6,0.006,moyen
GN2025-04922,2025-09-20,2025,9,38,Mamou,Mamou,montagneux,10.38000,-12.09000,24.37,19.46,29.09,36.79,82.35,373.89,82.24,8.63,5,72.20,0.775,8,0.008,moyen
GN2025-04923,2025-04-21,2025,4,17,Mamou,Pita,montagneux,11.06000,-12.40000,25.31,22.16,30.76,0.49,46.39,56.57,61.71,8.53,3,43.59,0.427,3,0.003,faible
GN2025-04924,2025-01-26,2025,1,4,Nzérékoré,Beyla,forestier,8.69000,-8.65000,27.74,22.27,33.12,0.10,23.74,55.77,56.88,10.65,1,42.52,0.280,7,0.007,faible
GN2025-04925,2025-01-27,2025,1,5,Nzérékoré,Guéckédou,forestier,8.57000,-10.13000,27.92,23.99,33.45,27.12,29.88,48.24,60.79,11.43,1,46.23,0.297,4,0.004,faible
GN2025-04926,2025-11-14,2025,11,46,Nzérékoré,Lola,forestier,7.80000,-8.53000,25.72,21.41,29.43,89.74,228.05,934.97,88.92,7.50,7,95.51,1.000,15,0.016,eleve
GN2025-04927,2025-12-28,2025,12,52,Nzérékoré,Macenta,forestier,8.54000,-9.47000,24.50,20.19,28.37,3.36,310.03,1125.63,71.05,8.31,7,98.00,1.000,12,0.013,eleve
GN2025-04928,2025-07-13,2025,7,28,Nzérékoré,Nzérékoré,forestier,7.76000,-8.82000,25.88,21.20,29.79,0.96,130.39,966.13,71.89,4.84,5,98.00,0.933,9,0.010,eleve
GN2025-04929,2025-06-06,2025,6,23,Nzérékoré,Yomou,forestier,7.56000,-9.31000,25.44,21.40,30.41,2.10,58.59,424.94,67.98,8.82,6,67.31,0.587,6,0.006,moyen
GN2025-04930,2025-04-17,2025,4,16,Conakry,Conakry,côtier,9.54000,-13.68000,27.14,23.11,31.54,0.39,2.47,48.33,62.14,10.05,0,42.73,0.090,3,0.003,faible
GN2025-04931,2025-10-05,2025,10,40,Boké,Boffa,côtier,10.18000,-14.04000,27.34,21.90,30.60,2.96,98.27,741.42,69.83,7.87,7,89.24,0.902,10,0.010,eleve
GN2025-04932,2025-05-07,2025,5,19,Boké,Boké,côtier,10.94000,-14.29000,28.52,25.12,31.64,23.26,40.92,119.67,59.97,10.81,4,42.45,0.425,6,0.006,faible
GN2025-04933,2025-07-29,2025,7,31,Boké,Fria,côtier,10.37000,-13.58000,27.23,22.64,31.68,38.46,135.24,404.28,78.25,8.16,5,70.77,0.906,12,0.012,eleve
GN2025-04934,2025-08-03,2025,8,31,Boké,Gaoual,soudano-guinéen,11.75000,-13.20000,28.78,23.86,33.19,3.77,94.80,271.80,67.19,6.97,6,67.21,0.760,15,0.014,moyen
GN2025-04935,2025-04-07,2025,4,15,Boké,Koundara,soudano-guinéen,12.48000,-13.30000,30.75,25.99,33.93,11.09,13.66,22.42,54.10,10.14,1,31.04,0.205,1,0.001,faible
GN2025-04936,2025-08-02,2025,8,31,Faranah,Dabola,soudano-guinéen,10.75000,-11.11000,28.21,23.84,33.83,0.48,65.10,225.63,70.30,14.35,4,51.75,0.522,9,0.009,moyen
GN2025-04937,2025-05-03,2025,5,18,Faranah,Dinguiraye,soudano-guinéen,11.30000,-10.72000,28.27,24.36,31.92,0.42,3.16,25.75,58.21,13.33,0,31.07,0.119,6,0.006,faible
GN2025-04938,2025-12-10,2025,12,50,Faranah,Faranah,soudano-guinéen,10.04000,-10.74000,28.16,23.20,31.48,56.08,77.85,455.69,77.31,7.78,6,66.25,0.678,9,0.009,moyen
GN2025-04939,2025-07-08,2025,7,28,Faranah,Kissidougou,forestier,9.18000,-10.10000,26.50,23.04,31.55,34.61,101.22,603.44,81.21,10.85,6,78.88,0.829,15,0.016,eleve
GN2025-04940,2025-02-07,2025,2,6,Kankan,Kankan,soudano-guinéen,10.39000,-9.31000,30.16,25.90,35.59,0.09,2.30,45.13,60.06,12.50,0,40.26,0.125,5,0.005,faible
GN2025-04941,2025-04-09,2025,4,15,Kankan,Kérouané,forestier,9.27000,-9.01000,27.43,23.89,30.89,0.68,25.80,49.94,63.96,6.62,2,38.56,0.305,2,0.002,faible
GN2025-04942,2025-04-20,2025,4,16,Kankan,Kouroussa,soudano-guinéen,10.65000,-9.89000,30.47,27.04,33.89,0.07,5.04,24.97,59.86,9.83,1,38.63,0.116,5,0.005,faible
GN2025-04943,2025-11-14,2025,11,46,Kankan,Mandiana,soudano-guinéen,10.63000,-8.68000,28.68,24.12,34.39,1.70,75.57,316.52,71.48,9.34,7,69.58,0.775,6,0.006,moyen
GN2025-04944,2025-10-03,2025,10,40,Kankan,Siguiri,soudano-guinéen,11.42000,-9.17000,30.17,26.81,33.29,5.88,50.50,237.32,80.97,7.77,6,58.36,0.641,5,0.005,moyen
GN2025-04945,2025-05-04,2025,5,18,Kindia,Coyah,côtier,9.71000,-13.38000,27.35,21.86,32.01,0.70,3.06,146.60,62.83,10.62,0,47.40,0.125,5,0.006,faible
GN2025-04946,2025-11-23,2025,11,47,Kindia,Dubréka,côtier,9.79000,-13.52000,27.87,24.36,32.83,51.16,161.41,969.69,71.16,5.13,7,97.40,1.000,12,0.013,eleve
GN2025-04947,2025-01-19,2025,1,3,Kindia,Forécariah,côtier,9.43000,-13.09000,27.84,24.07,30.92,0.45,3.00,15.15,56.54,12.00,0,32.27,0.072,2,0.002,faible
GN2025-04948,2025-03-23,2025,3,12,Kindia,Kindia,côtier,10.06000,-12.87000,27.21,21.73,32.31,0.69,22.90,45.99,62.65,10.92,2,44.01,0.251,6,0.006,faible
GN2025-04949,2025-04-28,2025,4,18,Kindia,Télimélé,soudano-guinéen,10.91000,-13.04000,28.60,24.02,32.03,0.20,2.34,107.42,63.19,9.42,0,44.32,0.071,3,0.003,faible
GN2025-04950,2025-08-18,2025,8,34,Labé,Koubia,montagneux,11.59000,-11.90000,25.48,21.01,31.25,13.28,68.59,340.40,66.77,10.98,5,55.16,0.680,10,0.009,moyen
GN2025-04951,2025-08-25,2025,8,35,Labé,Labé,montagneux,11.32000,-12.29000,23.52,19.60,28.60,117.22,210.22,692.88,91.02,7.27,6,81.88,1.000,20,0.019,eleve
GN2025-04952,2025-11-05,2025,11,45,Labé,Lélouma,montagneux,11.18000,-12.48000,22.92,18.32,28.60,32.38,251.21,580.63,81.79,6.11,5,82.37,1.000,8,0.007,eleve
GN2025-04953,2025-05-19,2025,5,21,Labé,Mali,montagneux,12.08000,-12.30000,25.28,19.91,28.34,43.39,88.37,276.52,67.96,11.65,6,63.61,0.720,5,0.005,moyen
GN2025-04954,2025-01-02,2025,1,1,Labé,Tougué,montagneux,11.45000,-11.67000,26.39,21.76,30.83,0.00,0.15,0.15,58.44,8.19,0,35.70,0.071,5,0.005,faible
GN2025-04955,2025-05-09,2025,5,19,Mamou,Dalaba,montagneux,10.69000,-12.25000,25.77,22.47,30.57,2.41,37.68,113.62,63.11,10.34,5,53.50,0.434,8,0.007,faible
GN2025-04956,2025-11-27,2025,11,48,Mamou,Mamou,montagneux,10.38000,-12.09000,25.07,20.37,28.20,1.29,134.92,491.46,79.91,9.70,5,73.00,0.879,5,0.005,eleve
GN2025-04957,2025-01-29,2025,1,5,Mamou,Pita,montagneux,11.06000,-12.40000,24.88,19.82,28.61,0.79,11.04,37.35,68.95,12.23,1,47.90,0.112,4,0.004,faible
GN2025-04958,2025-04-01,2025,4,14,Nzérékoré,Beyla,forestier,8.69000,-8.65000,27.39,22.12,32.19,0.24,10.76,52.76,63.04,10.27,1,35.63,0.108,3,0.003,faible
GN2025-04959,2025-07-22,2025,7,30,Nzérékoré,Guéckédou,forestier,8.57000,-10.13000,26.65,21.13,31.13,2.84,400.37,1257.67,63.97,7.24,7,98.00,1.000,18,0.020,eleve
GN2025-04960,2025-08-26,2025,8,35,Nzérékoré,Lola,forestier,7.80000,-8.53000,24.76,19.80,28.58,2.91,113.16,695.22,73.67,6.85,7,77.61,0.877,15,0.016,eleve
GN2025-04961,2025-08-31,2025,8,35,Nzérékoré,Macenta,forestier,8.54000,-9.47000,24.80,20.64,30.03,31.84,355.28,1523.62,82.15,8.49,7,98.00,1.000,11,0.012,eleve
GN2025-04962,2025-05-30,2025,5,22,Nzérékoré,Nzérékoré,forestier,7.76000,-8.82000,25.93,20.48,30.00,14.95,146.19,426.08,71.19,9.60,6,68.16,1.000,15,0.016,eleve
GN2025-04963,2025-02-04,2025,2,6,Nzérékoré,Yomou,forestier,7.56000,-9.31000,26.51,21.17,29.94,0.55,16.70,25.92,53.66,13.10,1,38.73,0.227,3,0.003,faible
GN2025-04964,2025-04-18,2025,4,16,Conakry,Conakry,côtier,9.54000,-13.68000,28.25,23.74,31.99,11.08,13.09,59.00,60.67,11.48,1,40.73,0.164,3,0.003,faible
GN2025-04965,2025-01-02,2025,1,1,Boké,Boffa,côtier,10.18000,-14.04000,29.29,23.74,32.57,1.05,3.06,3.06,57.69,9.26,2,37.95,0.212,4,0.004,faible
GN2025-04966,2025-07-17,2025,7,29,Boké,Boké,côtier,10.94000,-14.29000,27.18,23.27,30.51,0.09,22.06,132.07,72.82,8.17,5,51.08,0.428,7,0.007,moyen
GN2025-04967,2025-04-10,2025,4,15,Boké,Fria,côtier,10.37000,-13.58000,28.62,24.16,33.67,0.48,3.89,59.99,57.01,6.38,1,38.72,0.133,3,0.003,faible
GN2025-04968,2025-05-26,2025,5,22,Boké,Gaoual,soudano-guinéen,11.75000,-13.20000,29.32,24.83,33.94,1.67,12.96,56.04,74.08,10.46,6,49.02,0.502,4,0.004,faible
GN2025-04969,2025-11-24,2025,11,48,Boké,Koundara,soudano-guinéen,12.48000,-13.30000,29.06,24.50,34.74,2.80,24.28,179.75,85.37,1.84,4,60.63,0.455,9,0.008,faible
GN2025-04970,2025-12-28,2025,12,52,Faranah,Dabola,soudano-guinéen,10.75000,-11.11000,27.84,23.49,32.42,1.76,46.39,202.95,75.65,9.62,6,54.81,0.604,7,0.007,faible
GN2025-04971,2025-12-12,2025,12,50,Faranah,Dinguiraye,soudano-guinéen,11.30000,-10.72000,27.81,23.02,32.72,0.63,52.73,153.49,74.06,9.44,4,56.22,0.566,9,0.008,faible
GN2025-04972,2025-05-13,2025,5,20,Faranah,Faranah,soudano-guinéen,10.04000,-10.74000,29.74,24.96,35.52,0.11,141.49,248.67,62.78,9.67,4,55.39,0.927,12,0.012,moyen
GN2025-04973,2025-06-13,2025,6,24,Faranah,Kissidougou,forestier,9.18000,-10.10000,26.94,23.26,32.57,1.81,148.55,408.52,70.56,12.66,7,58.85,1.000,12,0.013,eleve
GN2025-04974,2025-12-18,2025,12,51,Kankan,Kankan,soudano-guinéen,10.39000,-9.31000,27.95,23.92,30.99,19.88,149.69,396.98,80.50,11.78,7,69.98,1.000,21,0.021,eleve
GN2025-04975,2025-08-14,2025,8,33,Kankan,Kérouané,forestier,9.27000,-9.01000,27.22,23.37,30.75,0.77,69.07,546.40,76.09,9.97,5,74.67,0.662,16,0.016,eleve
GN2025-04976,2025-11-11,2025,11,46,Kankan,Kouroussa,soudano-guinéen,10.65000,-9.89000,28.54,24.40,32.74,3.93,36.80,277.11,79.22,10.38,6,55.79,0.583,7,0.007,moyen
GN2025-04977,2025-11-21,2025,11,47,Kankan,Mandiana,soudano-guinéen,10.63000,-8.68000,28.97,25.36,33.14,71.03,88.93,326.72,84.91,6.10,4,65.34,0.751,13,0.013,moyen
GN2025-04978,2025-01-07,2025,1,2,Kankan,Siguiri,soudano-guinéen,11.42000,-9.17000,30.18,25.83,35.72,0.69,3.63,3.63,52.87,9.91,0,37.60,0.137,2,0.002,faible
GN2025-04979,2025-01-19,2025,1,3,Kindia,Coyah,côtier,9.71000,-13.38000,28.97,24.52,33.51,28.07,30.65,36.82,59.30,8.69,1,40.76,0.276,0,0.000,faible
GN2025-04980,2025-08-31,2025,8,35,Kindia,Dubréka,côtier,9.79000,-13.52000,27.10,22.91,32.41,15.79,140.70,1060.25,72.77,9.71,5,95.64,1.000,10,0.011,eleve
GN2025-04981,2025-09-26,2025,9,39,Kindia,Forécariah,côtier,9.43000,-13.09000,27.26,22.66,31.75,8.68,170.15,1413.74,75.62,6.50,7,98.00,1.000,10,0.011,eleve
GN2025-04982,2025-09-19,2025,9,38,Kindia,Kindia,côtier,10.06000,-12.87000,27.39,22.42,32.75,11.52,256.80,1156.21,80.86,6.24,7,98.00,1.000,11,0.012,eleve
GN2025-04983,2025-05-01,2025,5,18,Kindia,Télimélé,soudano-guinéen,10.91000,-13.04000,28.04,24.97,31.31,0.11,2.16,107.28,64.74,13.32,0,48.17,0.200,4,0.004,faible
GN2025-04984,2025-10-04,2025,10,40,Labé,Koubia,montagneux,11.59000,-11.90000,24.61,21.16,28.88,27.11,72.67,322.78,79.79,4.69,7,65.71,0.794,9,0.008,moyen
GN2025-04985,2025-12-05,2025,12,49,Labé,Labé,montagneux,11.32000,-12.29000,23.53,20.32,28.31,0.55,141.56,471.43,74.85,7.58,5,80.74,0.970,16,0.015,eleve
GN2025-04986,2025-11-17,2025,11,47,Labé,Lélouma,montagneux,11.18000,-12.48000,22.72,17.20,28.30,1.22,127.47,605.89,77.81,4.49,6,77.52,1.000,13,0.012,moyen
GN2025-04987,2025-04-21,2025,4,17,Labé,Mali,montagneux,12.08000,-12.30000,25.75,21.56,30.67,0.48,19.55,51.06,63.82,8.30,1,35.32,0.179,2,0.002,faible
GN2025-04988,2025-02-23,2025,2,8,Labé,Tougué,montagneux,11.45000,-11.67000,26.77,21.50,30.87,0.10,22.76,69.60,56.36,8.05,1,39.91,0.273,1,0.001,faible
GN2025-04989,2025-07-01,2025,7,27,Mamou,Dalaba,montagneux,10.69000,-12.25000,23.79,19.03,27.32,2.79,45.42,275.24,73.68,6.98,4,56.02,0.459,9,0.008,faible
GN2025-04990,2025-07-30,2025,7,31,Mamou,Mamou,montagneux,10.38000,-12.09000,24.75,19.91,30.47,0.52,111.98,411.44,80.49,9.23,4,65.07,0.879,4,0.004,moyen
GN2025-04991,2025-04-02,2025,4,14,Mamou,Pita,montagneux,11.06000,-12.40000,26.25,21.41,30.36,0.32,2.90,36.36,66.23,10.68,0,44.75,0.102,4,0.004,faible
GN2025-04992,2025-07-01,2025,7,27,Nzérékoré,Beyla,forestier,8.69000,-8.65000,27.04,24.03,32.41,4.02,94.35,443.64,70.16,9.21,7,68.83,0.820,14,0.014,moyen
GN2025-04993,2025-11-06,2025,11,45,Nzérékoré,Guéckédou,forestier,8.57000,-10.13000,25.76,20.91,30.58,14.81,187.78,708.75,75.55,11.42,6,84.46,1.000,11,0.012,eleve
GN2025-04994,2025-06-03,2025,6,23,Nzérékoré,Lola,forestier,7.80000,-8.53000,26.14,20.75,30.23,1.30,174.37,441.32,72.47,8.02,7,57.92,1.000,12,0.013,eleve
GN2025-04995,2025-04-11,2025,4,15,Nzérékoré,Macenta,forestier,8.54000,-9.47000,26.50,21.72,32.09,0.35,36.84,119.97,59.43,12.21,1,51.45,0.271,6,0.006,faible
GN2025-04996,2025-12-27,2025,12,52,Nzérékoré,Nzérékoré,forestier,7.76000,-8.82000,27.29,22.39,32.26,9.95,285.55,926.69,76.18,7.90,6,97.91,1.000,17,0.019,eleve
GN2025-04997,2025-03-16,2025,3,11,Nzérékoré,Yomou,forestier,7.56000,-9.31000,26.38,20.95,30.60,0.53,2.78,132.31,57.66,7.35,0,35.84,0.091,3,0.003,faible
GN2025-04998,2025-04-30,2025,4,18,Conakry,Conakry,côtier,9.54000,-13.68000,28.28,24.57,32.56,0.80,3.17,85.55,62.29,12.32,0,35.30,0.082,6,0.007,faible
GN2025-04999,2025-07-31,2025,7,31,Boké,Boffa,côtier,10.18000,-14.04000,27.52,24.50,32.52,0.55,50.59,814.37,76.94,4.32,4,90.66,0.514,8,0.008,eleve
GN2025-05000,2025-03-28,2025,3,13,Boké,Boké,côtier,10.94000,-14.29000,29.60,26.40,35.30,0.05,3.14,34.53,58.07,13.97,0,36.80,0.124,2,0.002,faible
